                                      1 ;--------------------------------------------------------
                                      2 ; File Created by SDCC : free open source ANSI-C Compiler
                                      3 ; Version 4.2.0 #13081 (Linux)
                                      4 ;--------------------------------------------------------
                                      5 	.module pocket_platformer
                                      6 	.optsdcc -mz80
                                      7 	
                                      8 ;--------------------------------------------------------
                                      9 ; Public variables in this module
                                     10 ;--------------------------------------------------------
                                     11 	.globl ___SMS__SDSC_signature
                                     12 	.globl ___SMS__SDSC_descr
                                     13 	.globl ___SMS__SDSC_name
                                     14 	.globl ___SMS__SDSC_author
                                     15 	.globl ___SMS__SEGA_signature
                                     16 	.globl _main
                                     17 	.globl _SMS_VRAMmemsetW
                                     18 	.globl _SMS_VRAMmemcpy
                                     19 	.globl _SMS_getKeysStatus
                                     20 	.globl _SMS_print
                                     21 	.globl _SMS_configureTextRenderer
                                     22 	.globl _SMS_zeroSpritePalette
                                     23 	.globl _SMS_zeroBGPalette
                                     24 	.globl _SMS_loadBGPalette
                                     25 	.globl _SMS_setSpritePaletteColor
                                     26 	.globl _SMS_setBGPaletteColor
                                     27 	.globl _SMS_copySpritestoSAT
                                     28 	.globl _SMS_finalizeSprites
                                     29 	.globl _SMS_addSprite_f
                                     30 	.globl _SMS_initSprites
                                     31 	.globl _SMS_load1bppTiles
                                     32 	.globl _SMS_crt0_RST18
                                     33 	.globl _SMS_crt0_RST08
                                     34 	.globl _SMS_waitForVBlank
                                     35 	.globl _SMS_setSpriteMode
                                     36 	.globl _SMS_useFirstHalfTilesforSprites
                                     37 	.globl _SMS_setBackdropColor
                                     38 	.globl _SMS_setBGScrollX
                                     39 	.globl _SMS_VDPturnOffFeature
                                     40 	.globl _SMS_VDPturnOnFeature
                                     41 	.globl _SMS_SRAM
                                     42 	.globl _SRAM_bank_to_be_mapped_on_slot2
                                     43 	.globl _ROM_bank_to_be_mapped_on_slot0
                                     44 	.globl _ROM_bank_to_be_mapped_on_slot1
                                     45 	.globl _ROM_bank_to_be_mapped_on_slot2
                                     46 ;--------------------------------------------------------
                                     47 ; special function registers
                                     48 ;--------------------------------------------------------
                           0000BF    49 _SMS_VDPControlPort	=	0x00bf
                                     50 ;--------------------------------------------------------
                                     51 ; ram data
                                     52 ;--------------------------------------------------------
                                     53 	.area _DATA
                           00FFFF    54 _ROM_bank_to_be_mapped_on_slot2	=	0xffff
                           00FFFE    55 _ROM_bank_to_be_mapped_on_slot1	=	0xfffe
                           00FFFD    56 _ROM_bank_to_be_mapped_on_slot0	=	0xfffd
                           00FFFC    57 _SRAM_bank_to_be_mapped_on_slot2	=	0xfffc
                           008000    58 _SMS_SRAM	=	0x8000
      000000                         59 _res_header:
      000000                         60 	.ds 2
      000002                         61 _res_physics:
      000002                         62 	.ds 2
      000004                         63 _res_palette:
      000004                         64 	.ds 2
      000006                         65 _res_tileset:
      000006                         66 	.ds 2
      000008                         67 _res_sprites:
      000008                         68 	.ds 2
      00000A                         69 _res_levels:
      00000A                         70 	.ds 2
      00000C                         71 _player:
      00000C                         72 	.ds 31
      00002B                         73 _camera_x:
      00002B                         74 	.ds 2
      00002D                         75 _prev_cam_x:
      00002D                         76 	.ds 2
      00002F                         77 _coin_collected:
      00002F                         78 	.ds 128
      0000AF                         79 _level_complete:
      0000AF                         80 	.ds 1
      0000B0                         81 _player_died:
      0000B0                         82 	.ds 1
      0000B1                         83 _level_n_global:
      0000B1                         84 	.ds 1
      0000B2                         85 _dialogue_active:
      0000B2                         86 	.ds 1
      0000B3                         87 _dialogue_line:
      0000B3                         88 	.ds 1
      0000B4                         89 _dialogue_total:
      0000B4                         90 	.ds 1
      0000B5                         91 _dialogue_buf:
      0000B5                         92 	.ds 928
      000455                         93 _saved_nametable:
      000455                         94 	.ds 320
      000595                         95 _dialogue_btn_prev:
      000595                         96 	.ds 1
      000596                         97 _npc_contact_idx:
      000596                         98 	.ds 1
      000597                         99 _npc_contact_level:
      000597                        100 	.ds 1
      000598                        101 _npc_contact_auto:
      000598                        102 	.ds 1
      000599                        103 _tp:
      000599                        104 	.ds 208
      000669                        105 _tp_count:
      000669                        106 	.ds 1
      00066A                        107 _barrel_active:
      00066A                        108 	.ds 1
      00066B                        109 _barrel_dir:
      00066B                        110 	.ds 1
      00066C                        111 _barrel_cx:
      00066C                        112 	.ds 4
      000670                        113 _barrel_cy:
      000670                        114 	.ds 4
      000674                        115 _barrel_btn_released:
      000674                        116 	.ds 1
      000675                        117 _barrel_launched:
      000675                        118 	.ds 1
      000676                        119 _barrel_launched_h:
      000676                        120 	.ds 1
      000677                        121 _vp_blocks:
      000677                        122 	.ds 144
      000707                        123 _vp_block_count:
      000707                        124 	.ds 1
      000708                        125 _vp_violet_active:
      000708                        126 	.ds 1
      000709                        127 _rb_blocks:
      000709                        128 	.ds 144
      000799                        129 _rb_switches:
      000799                        130 	.ds 16
      0007A9                        131 _rb_block_count:
      0007A9                        132 	.ds 1
      0007AA                        133 _rb_switch_count:
      0007AA                        134 	.ds 1
      0007AB                        135 _rb_red_active:
      0007AB                        136 	.ds 1
      0007AC                        137 _rb_switch_locked:
      0007AC                        138 	.ds 1
      0007AD                        139 _prev_player_y:
      0007AD                        140 	.ds 4
      0007B1                        141 _disp_blocks:
      0007B1                        142 	.ds 64
      0007F1                        143 _fg_disp_blocks:
      0007F1                        144 	.ds 48
      000821                        145 _cur_level:
      000821                        146 	.ds 2
      000823                        147 _cur_map:
      000823                        148 	.ds 2
      000825                        149 _cur_objects:
      000825                        150 	.ds 2
                                    151 ;--------------------------------------------------------
                                    152 ; ram data
                                    153 ;--------------------------------------------------------
                                    154 	.area _INITIALIZED
      000000                        155 _tp_carry_vx:
      000000                        156 	.ds 4
      000004                        157 _tp_carry_vy:
      000004                        158 	.ds 4
                                    159 ;--------------------------------------------------------
                                    160 ; absolute external ram data
                                    161 ;--------------------------------------------------------
                                    162 	.area _DABS (ABS)
                                    163 ;--------------------------------------------------------
                                    164 ; global & static initialisations
                                    165 ;--------------------------------------------------------
                                    166 	.area _HOME
                                    167 	.area _GSINIT
                                    168 	.area _GSFINAL
                                    169 	.area _GSINIT
                                    170 ;--------------------------------------------------------
                                    171 ; Home
                                    172 ;--------------------------------------------------------
                                    173 	.area _HOME
                                    174 	.area _HOME
                                    175 ;--------------------------------------------------------
                                    176 ; code
                                    177 ;--------------------------------------------------------
                                    178 	.area _CODE
                                    179 ;pocket_platformer.c:271: static unsigned char has_resource(void) {
                                    180 ;	---------------------------------
                                    181 ; Function has_resource
                                    182 ; ---------------------------------
      000000                        183 _has_resource:
                                    184 ;pocket_platformer.c:273: map_res_bank();
      000000 21 FF FF         [10]  185 	ld	hl, #_ROM_bank_to_be_mapped_on_slot2
      000003 36 02            [10]  186 	ld	(hl), #0x02
                                    187 ;pocket_platformer.c:274: return (p[0]=='P' && p[1]=='P' && p[2]=='L' && p[3]=='T');
      000005 3A 00 80         [13]  188 	ld	a, (#0x8000)
      000008 D6 50            [ 7]  189 	sub	a, #0x50
      00000A 20 15            [12]  190 	jr	NZ, 00103$
      00000C 3A 01 80         [13]  191 	ld	a, (#0x8001)
      00000F D6 50            [ 7]  192 	sub	a, #0x50
      000011 20 0E            [12]  193 	jr	NZ, 00103$
      000013 3A 02 80         [13]  194 	ld	a, (#0x8002)
      000016 D6 4C            [ 7]  195 	sub	a, #0x4c
      000018 20 07            [12]  196 	jr	NZ, 00103$
      00001A 3A 03 80         [13]  197 	ld	a, (#0x8003)
      00001D D6 54            [ 7]  198 	sub	a, #0x54
      00001F 28 02            [12]  199 	jr	Z, 00104$
      000021                        200 00103$:
      000021 AF               [ 4]  201 	xor	a, a
      000022 C9               [10]  202 	ret
      000023                        203 00104$:
      000023 3E 01            [ 7]  204 	ld	a, #0x01
                                    205 ;pocket_platformer.c:275: }
      000025 C9               [10]  206 	ret
      000026                        207 _tp_speed_table:
      000026 00 00                  208 	.dw #0x0000
      000028 55 00                  209 	.dw #0x0055
      00002A AB 00                  210 	.dw #0x00ab
      00002C 00 01                  211 	.dw #0x0100
      00002E 55 01                  212 	.dw #0x0155
      000030 00 02                  213 	.dw #0x0200
      000032 AB 02                  214 	.dw #0x02ab
      000034 00 04                  215 	.dw #0x0400
                                    216 ;pocket_platformer.c:277: static void init_resources(void) {
                                    217 ;	---------------------------------
                                    218 ; Function init_resources
                                    219 ; ---------------------------------
      000036                        220 _init_resources:
                                    221 ;pocket_platformer.c:278: map_res_bank();
      000036 21 FF FF         [10]  222 	ld	hl, #_ROM_bank_to_be_mapped_on_slot2
      000039 36 02            [10]  223 	ld	(hl), #0x02
                                    224 ;pocket_platformer.c:279: res_header  = (resource_header *)RESOURCE_BASE_ADDR;
      00003B 21 00 80         [10]  225 	ld	hl, #0x8000
      00003E 22r00r00         [16]  226 	ld	(_res_header), hl
                                    227 ;pocket_platformer.c:280: res_physics = (physics_config  *)(RESOURCE_BASE_ADDR + sizeof(resource_header));
      000041 2E 27            [ 7]  228 	ld	l, #0x27
      000043 22r02r00         [16]  229 	ld	(_res_physics), hl
                                    230 ;pocket_platformer.c:281: res_palette = (unsigned char   *)res_physics + sizeof(physics_config);
      000046 2E 38            [ 7]  231 	ld	l, #0x38
      000048 22r04r00         [16]  232 	ld	(_res_palette), hl
                                    233 ;pocket_platformer.c:282: res_tileset = res_palette + 16;
      00004B 2E 48            [ 7]  234 	ld	l, #0x48
      00004D 22r06r00         [16]  235 	ld	(_res_tileset), hl
                                    236 ;pocket_platformer.c:284: res_sprites = res_tileset + (unsigned int)res_header->num_tiles * 32u;
      000050 3A 05 80         [13]  237 	ld	a, (#0x8005)
      000053 6F               [ 4]  238 	ld	l, a
                                    239 ;	spillPairReg hl
                                    240 ;	spillPairReg hl
      000054 26 00            [ 7]  241 	ld	h, #0x00
                                    242 ;	spillPairReg hl
                                    243 ;	spillPairReg hl
      000056 29               [11]  244 	add	hl, hl
      000057 29               [11]  245 	add	hl, hl
      000058 29               [11]  246 	add	hl, hl
      000059 29               [11]  247 	add	hl, hl
      00005A 29               [11]  248 	add	hl, hl
      00005B 01 48 80         [10]  249 	ld	bc,#0x8048
      00005E 09               [11]  250 	add	hl,bc
      00005F 22r08r00         [16]  251 	ld	(_res_sprites), hl
                                    252 ;pocket_platformer.c:285: res_levels  = (level_header *)(res_sprites + 20u * 32u); /* 10 std + NPC + 4 barrel + TP + 4 mirrored player */
      000062 2Ar08r00         [16]  253 	ld	hl, (_res_sprites)
      000065 11 80 02         [10]  254 	ld	de, #0x0280
      000068 19               [11]  255 	add	hl, de
      000069 22r0Ar00         [16]  256 	ld	(_res_levels), hl
                                    257 ;pocket_platformer.c:286: }
      00006C C9               [10]  258 	ret
                                    259 ;pocket_platformer.c:288: static level_header *get_level(unsigned char n) {
                                    260 ;	---------------------------------
                                    261 ; Function get_level
                                    262 ; ---------------------------------
      00006D                        263 _get_level:
      00006D DD E5            [15]  264 	push	ix
      00006F DD 21 00 00      [14]  265 	ld	ix,#0
      000073 DD 39            [15]  266 	add	ix,sp
      000075 21 F6 FF         [10]  267 	ld	hl, #-10
      000078 39               [11]  268 	add	hl, sp
      000079 F9               [ 6]  269 	ld	sp, hl
      00007A DD 77 FE         [19]  270 	ld	-2 (ix), a
                                    271 ;pocket_platformer.c:289: level_header *lh = res_levels;
      00007D 2Ar0Ar00         [16]  272 	ld	hl, (_res_levels)
      000080 DD 75 FC         [19]  273 	ld	-4 (ix), l
      000083 DD 74 FD         [19]  274 	ld	-3 (ix), h
                                    275 ;pocket_platformer.c:291: map_res_bank();
      000086 21 FF FF         [10]  276 	ld	hl, #_ROM_bank_to_be_mapped_on_slot2
      000089 36 02            [10]  277 	ld	(hl), #0x02
                                    278 ;pocket_platformer.c:292: for (i = 0; i < n; i++) {
      00008B DD 36 FF 00      [19]  279 	ld	-1 (ix), #0x00
      00008F                        280 00103$:
      00008F DD 7E FF         [19]  281 	ld	a, -1 (ix)
      000092 DD 96 FE         [19]  282 	sub	a, -2 (ix)
      000095 D2r23r01         [10]  283 	jp	NC, 00101$
                                    284 ;pocket_platformer.c:293: unsigned int sz = sizeof(level_header)
      000098 DD 6E FC         [19]  285 	ld	l, -4 (ix)
      00009B DD 66 FD         [19]  286 	ld	h, -3 (ix)
      00009E 4E               [ 7]  287 	ld	c, (hl)
      00009F 06 00            [ 7]  288 	ld	b, #0x00
      0000A1 DD 6E FC         [19]  289 	ld	l, -4 (ix)
                                    290 ;	spillPairReg hl
                                    291 ;	spillPairReg hl
      0000A4 DD 66 FD         [19]  292 	ld	h, -3 (ix)
                                    293 ;	spillPairReg hl
                                    294 ;	spillPairReg hl
      0000A7 23               [ 6]  295 	inc	hl
      0000A8 5E               [ 7]  296 	ld	e, (hl)
      0000A9 16 00            [ 7]  297 	ld	d, #0x00
      0000AB 69               [ 4]  298 	ld	l, c
                                    299 ;	spillPairReg hl
                                    300 ;	spillPairReg hl
      0000AC 60               [ 4]  301 	ld	h, b
                                    302 ;	spillPairReg hl
                                    303 ;	spillPairReg hl
      0000AD CDr00r00         [17]  304 	call	__mulint
      0000B0 21 04 00         [10]  305 	ld	hl, #0x0004
      0000B3 19               [11]  306 	add	hl, de
      0000B4 E3               [19]  307 	ex	(sp), hl
      0000B5 DD 7E FC         [19]  308 	ld	a, -4 (ix)
      0000B8 DD 77 FA         [19]  309 	ld	-6 (ix), a
      0000BB DD 7E FD         [19]  310 	ld	a, -3 (ix)
      0000BE DD 77 FB         [19]  311 	ld	-5 (ix), a
      0000C1 DD 6E FA         [19]  312 	ld	l, -6 (ix)
      0000C4 DD 66 FB         [19]  313 	ld	h, -5 (ix)
      0000C7 23               [ 6]  314 	inc	hl
      0000C8 23               [ 6]  315 	inc	hl
      0000C9 7E               [ 7]  316 	ld	a, (hl)
      0000CA DD 77 FB         [19]  317 	ld	-5 (ix), a
      0000CD DD 77 FA         [19]  318 	ld	-6 (ix), a
      0000D0 DD 36 FB 00      [19]  319 	ld	-5 (ix), #0x00
      0000D4 4F               [ 4]  320 	ld	c, a
      0000D5 06 00            [ 7]  321 	ld	b, #0x00
      0000D7 69               [ 4]  322 	ld	l, c
      0000D8 60               [ 4]  323 	ld	h, b
      0000D9 29               [11]  324 	add	hl, hl
      0000DA 09               [11]  325 	add	hl, bc
      0000DB DD 75 F8         [19]  326 	ld	-8 (ix), l
      0000DE DD 74 F9         [19]  327 	ld	-7 (ix), h
      0000E1 DD 7E F6         [19]  328 	ld	a, -10 (ix)
      0000E4 DD 86 F8         [19]  329 	add	a, -8 (ix)
      0000E7 DD 77 FA         [19]  330 	ld	-6 (ix), a
      0000EA DD 7E F7         [19]  331 	ld	a, -9 (ix)
      0000ED DD 8E F9         [19]  332 	adc	a, -7 (ix)
      0000F0 DD 77 FB         [19]  333 	ld	-5 (ix), a
      0000F3 DD 7E FA         [19]  334 	ld	a, -6 (ix)
      0000F6 DD 77 F8         [19]  335 	ld	-8 (ix), a
      0000F9 DD 7E FB         [19]  336 	ld	a, -5 (ix)
      0000FC DD 77 F9         [19]  337 	ld	-7 (ix), a
                                    338 ;pocket_platformer.c:296: lh = (level_header *)((unsigned char *)lh + sz);
      0000FF DD 7E FC         [19]  339 	ld	a, -4 (ix)
      000102 DD 77 FA         [19]  340 	ld	-6 (ix), a
      000105 DD 7E FD         [19]  341 	ld	a, -3 (ix)
      000108 DD 77 FB         [19]  342 	ld	-5 (ix), a
      00010B DD 7E FA         [19]  343 	ld	a, -6 (ix)
      00010E DD 86 F8         [19]  344 	add	a, -8 (ix)
      000111 DD 77 FC         [19]  345 	ld	-4 (ix), a
      000114 DD 7E FB         [19]  346 	ld	a, -5 (ix)
      000117 DD 8E F9         [19]  347 	adc	a, -7 (ix)
      00011A DD 77 FD         [19]  348 	ld	-3 (ix), a
                                    349 ;pocket_platformer.c:292: for (i = 0; i < n; i++) {
      00011D DD 34 FF         [23]  350 	inc	-1 (ix)
      000120 C3r8Fr00         [10]  351 	jp	00103$
      000123                        352 00101$:
                                    353 ;pocket_platformer.c:298: return lh;
      000123 DD 5E FC         [19]  354 	ld	e, -4 (ix)
      000126 DD 56 FD         [19]  355 	ld	d, -3 (ix)
                                    356 ;pocket_platformer.c:299: }
      000129 DD F9            [10]  357 	ld	sp, ix
      00012B DD E1            [14]  358 	pop	ix
      00012D C9               [10]  359 	ret
                                    360 ;pocket_platformer.c:304: static unsigned char get_tile(unsigned char tx, unsigned char ty) {
                                    361 ;	---------------------------------
                                    362 ; Function get_tile
                                    363 ; ---------------------------------
      00012E                        364 _get_tile:
      00012E 4F               [ 4]  365 	ld	c, a
      00012F 45               [ 4]  366 	ld	b, l
                                    367 ;pocket_platformer.c:305: if (tx >= cur_level->map_w || ty >= cur_level->map_h) return 0;
      000130 2Ar21r08         [16]  368 	ld	hl, (_cur_level)
      000133 5E               [ 7]  369 	ld	e, (hl)
      000134 79               [ 4]  370 	ld	a, c
      000135 93               [ 4]  371 	sub	a, e
      000136 30 06            [12]  372 	jr	NC, 00101$
      000138 23               [ 6]  373 	inc	hl
      000139 5E               [ 7]  374 	ld	e, (hl)
      00013A 78               [ 4]  375 	ld	a, b
      00013B 93               [ 4]  376 	sub	a, e
      00013C 38 02            [12]  377 	jr	C, 00102$
      00013E                        378 00101$:
      00013E AF               [ 4]  379 	xor	a, a
      00013F C9               [10]  380 	ret
      000140                        381 00102$:
                                    382 ;pocket_platformer.c:306: return cur_map[(unsigned int)tx * cur_level->map_h + ty];
      000140 69               [ 4]  383 	ld	l, c
                                    384 ;	spillPairReg hl
                                    385 ;	spillPairReg hl
                                    386 ;	spillPairReg hl
                                    387 ;	spillPairReg hl
      000141 26 00            [ 7]  388 	ld	h, #0x00
      000143 54               [ 4]  389 	ld	d, h
      000144 C5               [11]  390 	push	bc
      000145 CDr00r00         [17]  391 	call	__mulint
      000148 C1               [10]  392 	pop	bc
      000149 68               [ 4]  393 	ld	l, b
                                    394 ;	spillPairReg hl
                                    395 ;	spillPairReg hl
      00014A 26 00            [ 7]  396 	ld	h, #0x00
                                    397 ;	spillPairReg hl
                                    398 ;	spillPairReg hl
      00014C 19               [11]  399 	add	hl, de
      00014D EB               [ 4]  400 	ex	de, hl
      00014E 2Ar23r08         [16]  401 	ld	hl, (_cur_map)
      000151 19               [11]  402 	add	hl, de
      000152 7E               [ 7]  403 	ld	a, (hl)
                                    404 ;pocket_platformer.c:307: }
      000153 C9               [10]  405 	ret
                                    406 ;pocket_platformer.c:310: static disp_entry *disp_find(unsigned char tx, unsigned char ty) {
                                    407 ;	---------------------------------
                                    408 ; Function disp_find
                                    409 ; ---------------------------------
      000154                        410 _disp_find:
      000154 DD E5            [15]  411 	push	ix
      000156 DD 21 00 00      [14]  412 	ld	ix,#0
      00015A DD 39            [15]  413 	add	ix,sp
      00015C F5               [11]  414 	push	af
      00015D DD 77 FF         [19]  415 	ld	-1 (ix), a
      000160 DD 75 FE         [19]  416 	ld	-2 (ix), l
                                    417 ;pocket_platformer.c:312: for (i = 0; i < MAX_DISP; i++)
      000163 0E 00            [ 7]  418 	ld	c, #0x00
      000165                        419 00106$:
                                    420 ;pocket_platformer.c:313: if (disp_blocks[i].frame && disp_blocks[i].tx == tx && disp_blocks[i].ty == ty)
      000165 59               [ 4]  421 	ld	e, c
      000166 16 00            [ 7]  422 	ld	d, #0x00
      000168 EB               [ 4]  423 	ex	de, hl
      000169 29               [11]  424 	add	hl, hl
      00016A 29               [11]  425 	add	hl, hl
      00016B 11rB1r07         [10]  426 	ld	de, #_disp_blocks
      00016E 19               [11]  427 	add	hl, de
                                    428 ;	spillPairReg hl
                                    429 ;	spillPairReg hl
      00016F 5D               [ 4]  430 	ld	e, l
      000170 54               [ 4]  431 	ld	d, h
                                    432 ;	spillPairReg hl
                                    433 ;	spillPairReg hl
      000171 23               [ 6]  434 	inc	hl
      000172 23               [ 6]  435 	inc	hl
      000173 7E               [ 7]  436 	ld	a, (hl)
      000174 B7               [ 4]  437 	or	a, a
      000175 28 13            [12]  438 	jr	Z, 00107$
      000177 1A               [ 7]  439 	ld	a, (de)
      000178 47               [ 4]  440 	ld	b, a
      000179 DD 7E FF         [19]  441 	ld	a, -1 (ix)
      00017C 90               [ 4]  442 	sub	a, b
      00017D 20 0B            [12]  443 	jr	NZ, 00107$
      00017F 6B               [ 4]  444 	ld	l, e
                                    445 ;	spillPairReg hl
                                    446 ;	spillPairReg hl
      000180 62               [ 4]  447 	ld	h, d
                                    448 ;	spillPairReg hl
                                    449 ;	spillPairReg hl
      000181 23               [ 6]  450 	inc	hl
      000182 DD 7E FE         [19]  451 	ld	a,-2 (ix)
      000185 96               [ 7]  452 	sub	a,(hl)
      000186 28 0B            [12]  453 	jr	Z, 00108$
                                    454 ;pocket_platformer.c:314: return &disp_blocks[i];
      000188 18 00            [12]  455 	jr	00107$
      00018A                        456 00107$:
                                    457 ;pocket_platformer.c:312: for (i = 0; i < MAX_DISP; i++)
      00018A 0C               [ 4]  458 	inc	c
      00018B 79               [ 4]  459 	ld	a, c
      00018C D6 10            [ 7]  460 	sub	a, #0x10
      00018E 38 D5            [12]  461 	jr	C, 00106$
                                    462 ;pocket_platformer.c:315: return 0;
      000190 11 00 00         [10]  463 	ld	de, #0x0000
      000193                        464 00108$:
                                    465 ;pocket_platformer.c:316: }
      000193 DD F9            [10]  466 	ld	sp, ix
      000195 DD E1            [14]  467 	pop	ix
      000197 C9               [10]  468 	ret
                                    469 ;pocket_platformer.c:318: static void disp_touch(unsigned char tx, unsigned char ty) {
                                    470 ;	---------------------------------
                                    471 ; Function disp_touch
                                    472 ; ---------------------------------
      000198                        473 _disp_touch:
      000198 DD E5            [15]  474 	push	ix
      00019A DD 21 00 00      [14]  475 	ld	ix,#0
      00019E DD 39            [15]  476 	add	ix,sp
      0001A0 F5               [11]  477 	push	af
      0001A1 DD 77 FF         [19]  478 	ld	-1 (ix), a
                                    479 ;pocket_platformer.c:320: if (disp_find(tx, ty)) return; /* already active */
      0001A4 DD 75 FE         [19]  480 	ld	-2 (ix), l
                                    481 ;	spillPairReg hl
                                    482 ;	spillPairReg hl
      0001A7 DD 7E FF         [19]  483 	ld	a, -1 (ix)
      0001AA CDr54r01         [17]  484 	call	_disp_find
      0001AD 7A               [ 4]  485 	ld	a, d
                                    486 ;pocket_platformer.c:321: for (i = 0; i < MAX_DISP; i++) {
      0001AE B3               [ 4]  487 	or	a,e
      0001AF 20 33            [12]  488 	jr	NZ, 00108$
      0001B1 6F               [ 4]  489 	ld	l,a
                                    490 ;	spillPairReg hl
                                    491 ;	spillPairReg hl
      0001B2                        492 00106$:
                                    493 ;pocket_platformer.c:322: if (!disp_blocks[i].frame) {
      0001B2 5D               [ 4]  494 	ld	e, l
      0001B3 16 00            [ 7]  495 	ld	d, #0x00
      0001B5 EB               [ 4]  496 	ex	de, hl
      0001B6 29               [11]  497 	add	hl, hl
      0001B7 29               [11]  498 	add	hl, hl
      0001B8 EB               [ 4]  499 	ex	de, hl
      0001B9 3ErB1            [ 7]  500 	ld	a, #<(_disp_blocks)
      0001BB 83               [ 4]  501 	add	a, e
      0001BC 4F               [ 4]  502 	ld	c, a
      0001BD 3Es07            [ 7]  503 	ld	a, #>(_disp_blocks)
      0001BF 8A               [ 4]  504 	adc	a, d
      0001C0 47               [ 4]  505 	ld	b, a
      0001C1 59               [ 4]  506 	ld	e, c
      0001C2 50               [ 4]  507 	ld	d, b
      0001C3 13               [ 6]  508 	inc	de
      0001C4 13               [ 6]  509 	inc	de
      0001C5 1A               [ 7]  510 	ld	a, (de)
      0001C6 B7               [ 4]  511 	or	a, a
      0001C7 20 15            [12]  512 	jr	NZ, 00107$
                                    513 ;pocket_platformer.c:323: disp_blocks[i].tx = tx;
      0001C9 DD 7E FF         [19]  514 	ld	a, -1 (ix)
      0001CC 02               [ 7]  515 	ld	(bc), a
                                    516 ;pocket_platformer.c:324: disp_blocks[i].ty = ty;
      0001CD 69               [ 4]  517 	ld	l, c
                                    518 ;	spillPairReg hl
                                    519 ;	spillPairReg hl
      0001CE 60               [ 4]  520 	ld	h, b
                                    521 ;	spillPairReg hl
                                    522 ;	spillPairReg hl
      0001CF 23               [ 6]  523 	inc	hl
      0001D0 DD 7E FE         [19]  524 	ld	a, -2 (ix)
      0001D3 77               [ 7]  525 	ld	(hl), a
                                    526 ;pocket_platformer.c:325: disp_blocks[i].frame = 1;
      0001D4 3E 01            [ 7]  527 	ld	a, #0x01
      0001D6 12               [ 7]  528 	ld	(de), a
                                    529 ;pocket_platformer.c:326: disp_blocks[i].is_connected = 0;
      0001D7 03               [ 6]  530 	inc	bc
      0001D8 03               [ 6]  531 	inc	bc
      0001D9 03               [ 6]  532 	inc	bc
      0001DA AF               [ 4]  533 	xor	a, a
      0001DB 02               [ 7]  534 	ld	(bc), a
                                    535 ;pocket_platformer.c:327: return;
      0001DC 18 06            [12]  536 	jr	00108$
      0001DE                        537 00107$:
                                    538 ;pocket_platformer.c:321: for (i = 0; i < MAX_DISP; i++) {
      0001DE 2C               [ 4]  539 	inc	l
      0001DF 7D               [ 4]  540 	ld	a, l
      0001E0 D6 10            [ 7]  541 	sub	a, #0x10
      0001E2 38 CE            [12]  542 	jr	C, 00106$
      0001E4                        543 00108$:
                                    544 ;pocket_platformer.c:330: }
      0001E4 DD F9            [10]  545 	ld	sp, ix
      0001E6 DD E1            [14]  546 	pop	ix
      0001E8 C9               [10]  547 	ret
                                    548 ;pocket_platformer.c:333: static void disp_touch_connected(unsigned char tx, unsigned char ty) {
                                    549 ;	---------------------------------
                                    550 ; Function disp_touch_connected
                                    551 ; ---------------------------------
      0001E9                        552 _disp_touch_connected:
      0001E9 DD E5            [15]  553 	push	ix
      0001EB DD 21 00 00      [14]  554 	ld	ix,#0
      0001EF DD 39            [15]  555 	add	ix,sp
      0001F1 F5               [11]  556 	push	af
      0001F2 3B               [ 6]  557 	dec	sp
      0001F3 DD 77 FF         [19]  558 	ld	-1 (ix), a
                                    559 ;pocket_platformer.c:335: if (disp_find(tx, ty)) return; /* already triggered */
      0001F6 DD 75 FE         [19]  560 	ld	-2 (ix), l
                                    561 ;	spillPairReg hl
                                    562 ;	spillPairReg hl
      0001F9 DD 7E FF         [19]  563 	ld	a, -1 (ix)
      0001FC CDr54r01         [17]  564 	call	_disp_find
      0001FF 4B               [ 4]  565 	ld	c, e
      000200 7A               [ 4]  566 	ld	a, d
      000201 B1               [ 4]  567 	or	a, c
      000202 20 7A            [12]  568 	jr	NZ, 00120$
                                    569 ;pocket_platformer.c:336: disp_touch(tx, ty);
      000204 DD 6E FE         [19]  570 	ld	l, -2 (ix)
                                    571 ;	spillPairReg hl
                                    572 ;	spillPairReg hl
      000207 DD 7E FF         [19]  573 	ld	a, -1 (ix)
      00020A CDr98r01         [17]  574 	call	_disp_touch
                                    575 ;pocket_platformer.c:339: disp_entry *e = disp_find(tx, ty);
      00020D DD 6E FE         [19]  576 	ld	l, -2 (ix)
                                    577 ;	spillPairReg hl
                                    578 ;	spillPairReg hl
      000210 DD 7E FF         [19]  579 	ld	a, -1 (ix)
      000213 CDr54r01         [17]  580 	call	_disp_find
      000216 4B               [ 4]  581 	ld	c, e
      000217 69               [ 4]  582 	ld	l, c
                                    583 ;	spillPairReg hl
                                    584 ;	spillPairReg hl
                                    585 ;	spillPairReg hl
                                    586 ;	spillPairReg hl
                                    587 ;pocket_platformer.c:340: if (e) e->is_connected = 1;
      000218 7A               [ 4]  588 	ld	a,d
      000219 67               [ 4]  589 	ld	h,a
      00021A B1               [ 4]  590 	or	a, c
      00021B 28 05            [12]  591 	jr	Z, 00130$
      00021D 23               [ 6]  592 	inc	hl
      00021E 23               [ 6]  593 	inc	hl
      00021F 23               [ 6]  594 	inc	hl
      000220 36 01            [10]  595 	ld	(hl), #0x01
                                    596 ;pocket_platformer.c:343: for (dx = -1; dx <= 1; dx++) {
      000222                        597 00130$:
      000222 0E FF            [ 7]  598 	ld	c, #0xff
                                    599 ;pocket_platformer.c:344: for (dy = -1; dy <= 1; dy++) {
      000224                        600 00128$:
      000224 1E FF            [ 7]  601 	ld	e, #0xff
      000226                        602 00117$:
                                    603 ;pocket_platformer.c:346: if (dx == 0 && dy == 0) continue;
      000226 79               [ 4]  604 	ld	a, c
      000227 B7               [ 4]  605 	or	a,a
      000228 20 03            [12]  606 	jr	NZ, 00106$
      00022A B3               [ 4]  607 	or	a,e
      00022B 28 39            [12]  608 	jr	Z, 00114$
      00022D                        609 00106$:
                                    610 ;pocket_platformer.c:347: if (dx != 0 && dy != 0) continue; /* diagonal - skip */
      00022D 79               [ 4]  611 	ld	a, c
      00022E B7               [ 4]  612 	or	a, a
      00022F 28 04            [12]  613 	jr	Z, 00109$
      000231 7B               [ 4]  614 	ld	a, e
      000232 B7               [ 4]  615 	or	a, a
      000233 20 31            [12]  616 	jr	NZ, 00114$
      000235                        617 00109$:
                                    618 ;pocket_platformer.c:348: nx = (unsigned char)((int)tx + dx);
      000235 DD 7E FF         [19]  619 	ld	a, -1 (ix)
      000238 81               [ 4]  620 	add	a, c
      000239 DD 77 FD         [19]  621 	ld	-3 (ix), a
                                    622 ;pocket_platformer.c:349: ny = (unsigned char)((int)ty + dy);
      00023C DD 7E FE         [19]  623 	ld	a, -2 (ix)
      00023F 83               [ 4]  624 	add	a, e
      000240 47               [ 4]  625 	ld	b, a
                                    626 ;pocket_platformer.c:350: if (get_tile(nx, ny) == res_header->conn_vram_idx && res_header->conn_vram_idx)
      000241 C5               [11]  627 	push	bc
      000242 D5               [11]  628 	push	de
      000243 68               [ 4]  629 	ld	l, b
                                    630 ;	spillPairReg hl
                                    631 ;	spillPairReg hl
      000244 DD 7E FD         [19]  632 	ld	a, -3 (ix)
      000247 CDr2Er01         [17]  633 	call	_get_tile
      00024A D1               [10]  634 	pop	de
      00024B C1               [10]  635 	pop	bc
      00024C FD 2Ar00r00      [20]  636 	ld	iy, (_res_header)
      000250 F5               [11]  637 	push	af
      000251 FD 56 08         [19]  638 	ld	d, 8 (iy)
      000254 F1               [10]  639 	pop	af
      000255 92               [ 4]  640 	sub	a,d
      000256 20 0E            [12]  641 	jr	NZ, 00114$
      000258 B2               [ 4]  642 	or	a,d
      000259 28 0B            [12]  643 	jr	Z, 00114$
                                    644 ;pocket_platformer.c:351: disp_touch_connected(nx, ny);
      00025B C5               [11]  645 	push	bc
      00025C D5               [11]  646 	push	de
      00025D 68               [ 4]  647 	ld	l, b
                                    648 ;	spillPairReg hl
                                    649 ;	spillPairReg hl
      00025E DD 7E FD         [19]  650 	ld	a, -3 (ix)
      000261 CDrE9r01         [17]  651 	call	_disp_touch_connected
      000264 D1               [10]  652 	pop	de
      000265 C1               [10]  653 	pop	bc
      000266                        654 00114$:
                                    655 ;pocket_platformer.c:344: for (dy = -1; dy <= 1; dy++) {
      000266 1C               [ 4]  656 	inc	e
      000267 3E 01            [ 7]  657 	ld	a, #0x01
      000269 93               [ 4]  658 	sub	a, e
      00026A E2r6Fr02         [10]  659 	jp	PO, 00171$
      00026D EE 80            [ 7]  660 	xor	a, #0x80
      00026F                        661 00171$:
      00026F F2r26r02         [10]  662 	jp	P, 00117$
                                    663 ;pocket_platformer.c:343: for (dx = -1; dx <= 1; dx++) {
      000272 0C               [ 4]  664 	inc	c
      000273 3E 01            [ 7]  665 	ld	a, #0x01
      000275 91               [ 4]  666 	sub	a, c
      000276 E2r7Br02         [10]  667 	jp	PO, 00172$
      000279 EE 80            [ 7]  668 	xor	a, #0x80
      00027B                        669 00172$:
      00027B F2r24r02         [10]  670 	jp	P, 00128$
      00027E                        671 00120$:
                                    672 ;pocket_platformer.c:354: }
      00027E DD F9            [10]  673 	ld	sp, ix
      000280 DD E1            [14]  674 	pop	ix
      000282 C9               [10]  675 	ret
                                    676 ;pocket_platformer.c:357: static unsigned char disp_is_gone(unsigned char tx, unsigned char ty) {
                                    677 ;	---------------------------------
                                    678 ; Function disp_is_gone
                                    679 ; ---------------------------------
      000283                        680 _disp_is_gone:
                                    681 ;pocket_platformer.c:358: disp_entry *e = disp_find(tx, ty);
      000283 CDr54r01         [17]  682 	call	_disp_find
      000286 4B               [ 4]  683 	ld	c, e
                                    684 ;pocket_platformer.c:359: return (e && e->frame >= DISP_GONE_AT) ? 1 : 0;
      000287 7A               [ 4]  685 	ld	a,d
      000288 47               [ 4]  686 	ld	b,a
      000289 B3               [ 4]  687 	or	a, e
      00028A 28 0A            [12]  688 	jr	Z, 00103$
      00028C 03               [ 6]  689 	inc	bc
      00028D 03               [ 6]  690 	inc	bc
      00028E 0A               [ 7]  691 	ld	a, (bc)
      00028F D6 28            [ 7]  692 	sub	a, #0x28
      000291 38 03            [12]  693 	jr	C, 00103$
      000293 3E 01            [ 7]  694 	ld	a, #0x01
      000295 C9               [10]  695 	ret
      000296                        696 00103$:
      000296 AF               [ 4]  697 	xor	a, a
                                    698 ;pocket_platformer.c:360: }
      000297 C9               [10]  699 	ret
                                    700 ;pocket_platformer.c:363: static fg_disp_entry *fg_disp_find(unsigned char tx, unsigned char ty) {
                                    701 ;	---------------------------------
                                    702 ; Function fg_disp_find
                                    703 ; ---------------------------------
      000298                        704 _fg_disp_find:
      000298 DD E5            [15]  705 	push	ix
      00029A DD 21 00 00      [14]  706 	ld	ix,#0
      00029E DD 39            [15]  707 	add	ix,sp
      0002A0 F5               [11]  708 	push	af
      0002A1 DD 77 FF         [19]  709 	ld	-1 (ix), a
      0002A4 DD 75 FE         [19]  710 	ld	-2 (ix), l
                                    711 ;pocket_platformer.c:365: for (i = 0; i < MAX_FG_DISP; i++)
      0002A7 0E 00            [ 7]  712 	ld	c, #0x00
      0002A9                        713 00106$:
                                    714 ;pocket_platformer.c:366: if (fg_disp_blocks[i].frame && fg_disp_blocks[i].tx == tx && fg_disp_blocks[i].ty == ty)
      0002A9 06 00            [ 7]  715 	ld	b, #0x00
      0002AB 69               [ 4]  716 	ld	l, c
      0002AC 60               [ 4]  717 	ld	h, b
      0002AD 29               [11]  718 	add	hl, hl
      0002AE 09               [11]  719 	add	hl, bc
      0002AF 3ErF1            [ 7]  720 	ld	a, #<(_fg_disp_blocks)
      0002B1 85               [ 4]  721 	add	a, l
      0002B2 5F               [ 4]  722 	ld	e, a
      0002B3 3Es07            [ 7]  723 	ld	a, #>(_fg_disp_blocks)
      0002B5 8C               [ 4]  724 	adc	a, h
      0002B6 57               [ 4]  725 	ld	d, a
      0002B7 6B               [ 4]  726 	ld	l, e
                                    727 ;	spillPairReg hl
                                    728 ;	spillPairReg hl
      0002B8 62               [ 4]  729 	ld	h, d
                                    730 ;	spillPairReg hl
                                    731 ;	spillPairReg hl
      0002B9 23               [ 6]  732 	inc	hl
      0002BA 23               [ 6]  733 	inc	hl
      0002BB 7E               [ 7]  734 	ld	a, (hl)
      0002BC B7               [ 4]  735 	or	a, a
      0002BD 28 13            [12]  736 	jr	Z, 00107$
      0002BF 1A               [ 7]  737 	ld	a, (de)
      0002C0 47               [ 4]  738 	ld	b, a
      0002C1 DD 7E FF         [19]  739 	ld	a, -1 (ix)
      0002C4 90               [ 4]  740 	sub	a, b
      0002C5 20 0B            [12]  741 	jr	NZ, 00107$
      0002C7 6B               [ 4]  742 	ld	l, e
                                    743 ;	spillPairReg hl
                                    744 ;	spillPairReg hl
      0002C8 62               [ 4]  745 	ld	h, d
                                    746 ;	spillPairReg hl
                                    747 ;	spillPairReg hl
      0002C9 23               [ 6]  748 	inc	hl
      0002CA DD 7E FE         [19]  749 	ld	a,-2 (ix)
      0002CD 96               [ 7]  750 	sub	a,(hl)
      0002CE 28 0B            [12]  751 	jr	Z, 00108$
                                    752 ;pocket_platformer.c:367: return &fg_disp_blocks[i];
      0002D0 18 00            [12]  753 	jr	00107$
      0002D2                        754 00107$:
                                    755 ;pocket_platformer.c:365: for (i = 0; i < MAX_FG_DISP; i++)
      0002D2 0C               [ 4]  756 	inc	c
      0002D3 79               [ 4]  757 	ld	a, c
      0002D4 D6 10            [ 7]  758 	sub	a, #0x10
      0002D6 38 D1            [12]  759 	jr	C, 00106$
                                    760 ;pocket_platformer.c:368: return 0;
      0002D8 11 00 00         [10]  761 	ld	de, #0x0000
      0002DB                        762 00108$:
                                    763 ;pocket_platformer.c:369: }
      0002DB DD F9            [10]  764 	ld	sp, ix
      0002DD DD E1            [14]  765 	pop	ix
      0002DF C9               [10]  766 	ret
                                    767 ;pocket_platformer.c:374: static void fg_disp_touch_connected(unsigned char tx, unsigned char ty) {
                                    768 ;	---------------------------------
                                    769 ; Function fg_disp_touch_connected
                                    770 ; ---------------------------------
      0002E0                        771 _fg_disp_touch_connected:
      0002E0 DD E5            [15]  772 	push	ix
      0002E2 DD 21 00 00      [14]  773 	ld	ix,#0
      0002E6 DD 39            [15]  774 	add	ix,sp
      0002E8 F5               [11]  775 	push	af
      0002E9 3B               [ 6]  776 	dec	sp
      0002EA 4F               [ 4]  777 	ld	c, a
      0002EB DD 75 FF         [19]  778 	ld	-1 (ix), l
                                    779 ;pocket_platformer.c:378: if (fg_disp_find(tx, ty)) return;
      0002EE C5               [11]  780 	push	bc
      0002EF DD 6E FF         [19]  781 	ld	l, -1 (ix)
                                    782 ;	spillPairReg hl
                                    783 ;	spillPairReg hl
      0002F2 79               [ 4]  784 	ld	a, c
      0002F3 CDr98r02         [17]  785 	call	_fg_disp_find
      0002F6 C1               [10]  786 	pop	bc
      0002F7 7A               [ 4]  787 	ld	a, d
      0002F8 B3               [ 4]  788 	or	a, e
      0002F9 20 69            [12]  789 	jr	NZ, 00110$
                                    790 ;pocket_platformer.c:379: fg_disp_touch(tx, ty);
      0002FB C5               [11]  791 	push	bc
      0002FC DD 6E FF         [19]  792 	ld	l, -1 (ix)
                                    793 ;	spillPairReg hl
                                    794 ;	spillPairReg hl
      0002FF 79               [ 4]  795 	ld	a, c
      000300 CDr71r03         [17]  796 	call	_fg_disp_touch
      000303 C1               [10]  797 	pop	bc
                                    798 ;pocket_platformer.c:380: for (d = 0; d < 4; d++) {
      000304 1E 00            [ 7]  799 	ld	e, #0x00
      000306                        800 00108$:
                                    801 ;pocket_platformer.c:381: unsigned char nx = (unsigned char)(tx + dx[d]);
      000306 21r69r03         [10]  802 	ld	hl, #_fg_disp_touch_connected_dx_65536_191
      000309 16 00            [ 7]  803 	ld	d, #0x00
      00030B 19               [11]  804 	add	hl, de
      00030C 7E               [ 7]  805 	ld	a, (hl)
      00030D 41               [ 4]  806 	ld	b, c
      00030E 80               [ 4]  807 	add	a, b
      00030F DD 77 FD         [19]  808 	ld	-3 (ix), a
                                    809 ;pocket_platformer.c:382: unsigned char ny = (unsigned char)(ty + dy[d]);
      000312 21r6Dr03         [10]  810 	ld	hl, #_fg_disp_touch_connected_dy_65536_191
      000315 16 00            [ 7]  811 	ld	d, #0x00
      000317 19               [11]  812 	add	hl, de
      000318 7E               [ 7]  813 	ld	a, (hl)
      000319 DD 46 FF         [19]  814 	ld	b, -1 (ix)
      00031C 80               [ 4]  815 	add	a, b
      00031D DD 77 FE         [19]  816 	ld	-2 (ix), a
                                    817 ;pocket_platformer.c:383: unsigned char t = get_tile(nx, ny);
      000320 C5               [11]  818 	push	bc
      000321 D5               [11]  819 	push	de
      000322 DD 6E FE         [19]  820 	ld	l, -2 (ix)
                                    821 ;	spillPairReg hl
                                    822 ;	spillPairReg hl
      000325 DD 7E FD         [19]  823 	ld	a, -3 (ix)
      000328 CDr2Er01         [17]  824 	call	_get_tile
      00032B D1               [10]  825 	pop	de
      00032C C1               [10]  826 	pop	bc
                                    827 ;pocket_platformer.c:385: if (res_header->fg_disp_vram_idx &&
      00032D FD 2Ar00r00      [20]  828 	ld	iy, (_res_header)
      000331 F5               [11]  829 	push	af
      000332 FD 46 25         [19]  830 	ld	b, 37 (iy)
      000335 F1               [10]  831 	pop	af
      000336 04               [ 4]  832 	inc	b
      000337 05               [ 4]  833 	dec	b
      000338 28 24            [12]  834 	jr	Z, 00109$
                                    835 ;pocket_platformer.c:386: t == (res_header->fg_disp_vram_idx | 0x80) &&
      00033A CB F8            [ 8]  836 	set	7, b
      00033C 90               [ 4]  837 	sub	a, b
      00033D 20 1F            [12]  838 	jr	NZ, 00109$
                                    839 ;pocket_platformer.c:387: !fg_disp_find(nx, ny))
      00033F C5               [11]  840 	push	bc
      000340 D5               [11]  841 	push	de
      000341 DD 6E FE         [19]  842 	ld	l, -2 (ix)
                                    843 ;	spillPairReg hl
                                    844 ;	spillPairReg hl
      000344 DD 7E FD         [19]  845 	ld	a, -3 (ix)
      000347 CDr98r02         [17]  846 	call	_fg_disp_find
      00034A EB               [ 4]  847 	ex	de, hl
      00034B D1               [10]  848 	pop	de
      00034C C1               [10]  849 	pop	bc
      00034D 7C               [ 4]  850 	ld	a, h
      00034E B5               [ 4]  851 	or	a, l
      00034F 20 0D            [12]  852 	jr	NZ, 00109$
                                    853 ;pocket_platformer.c:388: fg_disp_touch_connected(nx, ny);
      000351 C5               [11]  854 	push	bc
      000352 D5               [11]  855 	push	de
      000353 DD 6E FE         [19]  856 	ld	l, -2 (ix)
                                    857 ;	spillPairReg hl
                                    858 ;	spillPairReg hl
      000356 DD 7E FD         [19]  859 	ld	a, -3 (ix)
      000359 CDrE0r02         [17]  860 	call	_fg_disp_touch_connected
      00035C D1               [10]  861 	pop	de
      00035D C1               [10]  862 	pop	bc
      00035E                        863 00109$:
                                    864 ;pocket_platformer.c:380: for (d = 0; d < 4; d++) {
      00035E 1C               [ 4]  865 	inc	e
      00035F 7B               [ 4]  866 	ld	a, e
      000360 D6 04            [ 7]  867 	sub	a, #0x04
      000362 38 A2            [12]  868 	jr	C, 00108$
      000364                        869 00110$:
                                    870 ;pocket_platformer.c:390: }
      000364 DD F9            [10]  871 	ld	sp, ix
      000366 DD E1            [14]  872 	pop	ix
      000368 C9               [10]  873 	ret
      000369                        874 _fg_disp_touch_connected_dx_65536_191:
      000369 01                     875 	.db #0x01	;  1
      00036A FF                     876 	.db #0xff	; -1
      00036B 00                     877 	.db #0x00	;  0
      00036C 00                     878 	.db #0x00	;  0
      00036D                        879 _fg_disp_touch_connected_dy_65536_191:
      00036D 00                     880 	.db #0x00	;  0
      00036E 00                     881 	.db #0x00	;  0
      00036F 01                     882 	.db #0x01	;  1
      000370 FF                     883 	.db #0xff	; -1
                                    884 ;pocket_platformer.c:392: static void fg_disp_touch(unsigned char tx, unsigned char ty) {
                                    885 ;	---------------------------------
                                    886 ; Function fg_disp_touch
                                    887 ; ---------------------------------
      000371                        888 _fg_disp_touch:
      000371 DD E5            [15]  889 	push	ix
      000373 DD 21 00 00      [14]  890 	ld	ix,#0
      000377 DD 39            [15]  891 	add	ix,sp
      000379 F5               [11]  892 	push	af
      00037A DD 77 FF         [19]  893 	ld	-1 (ix), a
                                    894 ;pocket_platformer.c:394: if (fg_disp_find(tx, ty)) return;
      00037D DD 75 FE         [19]  895 	ld	-2 (ix), l
                                    896 ;	spillPairReg hl
                                    897 ;	spillPairReg hl
      000380 DD 7E FF         [19]  898 	ld	a, -1 (ix)
      000383 CDr98r02         [17]  899 	call	_fg_disp_find
      000386 7A               [ 4]  900 	ld	a, d
                                    901 ;pocket_platformer.c:395: for (i = 0; i < MAX_FG_DISP; i++) {
      000387 B3               [ 4]  902 	or	a,e
      000388 20 27            [12]  903 	jr	NZ, 00108$
      00038A 4F               [ 4]  904 	ld	c,a
      00038B                        905 00106$:
                                    906 ;pocket_platformer.c:396: if (!fg_disp_blocks[i].frame) {
      00038B 06 00            [ 7]  907 	ld	b, #0x00
      00038D 69               [ 4]  908 	ld	l, c
      00038E 60               [ 4]  909 	ld	h, b
      00038F 29               [11]  910 	add	hl, hl
      000390 09               [11]  911 	add	hl, bc
      000391 11rF1r07         [10]  912 	ld	de, #_fg_disp_blocks
      000394 19               [11]  913 	add	hl, de
      000395 5D               [ 4]  914 	ld	e, l
      000396 54               [ 4]  915 	ld	d, h
      000397 13               [ 6]  916 	inc	de
      000398 13               [ 6]  917 	inc	de
      000399 1A               [ 7]  918 	ld	a, (de)
      00039A B7               [ 4]  919 	or	a, a
      00039B 20 0E            [12]  920 	jr	NZ, 00107$
                                    921 ;pocket_platformer.c:397: fg_disp_blocks[i].tx = tx;
      00039D DD 7E FF         [19]  922 	ld	a, -1 (ix)
      0003A0 77               [ 7]  923 	ld	(hl), a
                                    924 ;pocket_platformer.c:398: fg_disp_blocks[i].ty = ty;
      0003A1 23               [ 6]  925 	inc	hl
      0003A2 DD 7E FE         [19]  926 	ld	a, -2 (ix)
      0003A5 77               [ 7]  927 	ld	(hl), a
                                    928 ;pocket_platformer.c:399: fg_disp_blocks[i].frame = 1;
      0003A6 3E 01            [ 7]  929 	ld	a, #0x01
      0003A8 12               [ 7]  930 	ld	(de), a
                                    931 ;pocket_platformer.c:400: return;
      0003A9 18 06            [12]  932 	jr	00108$
      0003AB                        933 00107$:
                                    934 ;pocket_platformer.c:395: for (i = 0; i < MAX_FG_DISP; i++) {
      0003AB 0C               [ 4]  935 	inc	c
      0003AC 79               [ 4]  936 	ld	a, c
      0003AD D6 10            [ 7]  937 	sub	a, #0x10
      0003AF 38 DA            [12]  938 	jr	C, 00106$
      0003B1                        939 00108$:
                                    940 ;pocket_platformer.c:403: }
      0003B1 DD F9            [10]  941 	ld	sp, ix
      0003B3 DD E1            [14]  942 	pop	ix
      0003B5 C9               [10]  943 	ret
                                    944 ;pocket_platformer.c:413: static unsigned char is_solid_px(long fpx, long fpy) {
                                    945 ;	---------------------------------
                                    946 ; Function is_solid_px
                                    947 ; ---------------------------------
      0003B6                        948 _is_solid_px:
      0003B6 DD E5            [15]  949 	push	ix
      0003B8 DD 21 00 00      [14]  950 	ld	ix,#0
      0003BC DD 39            [15]  951 	add	ix,sp
      0003BE FD 21 E8 FF      [14]  952 	ld	iy, #-24
      0003C2 FD 39            [15]  953 	add	iy, sp
      0003C4 FD F9            [10]  954 	ld	sp, iy
                                    955 ;pocket_platformer.c:415: long px = fpx >> 8, py = fpy >> 8;
      0003C6 06 08            [ 7]  956 	ld	b, #0x08
      0003C8                        957 00280$:
      0003C8 CB 2C            [ 8]  958 	sra	h
      0003CA CB 1D            [ 8]  959 	rr	l
      0003CC CB 1A            [ 8]  960 	rr	d
      0003CE CB 1B            [ 8]  961 	rr	e
      0003D0 10 F6            [13]  962 	djnz	00280$
      0003D2 DD 73 EC         [19]  963 	ld	-20 (ix), e
      0003D5 DD 72 ED         [19]  964 	ld	-19 (ix), d
      0003D8 DD 75 EE         [19]  965 	ld	-18 (ix), l
      0003DB DD 74 EF         [19]  966 	ld	-17 (ix), h
      0003DE 21 00 00         [10]  967 	ld	hl, #0
      0003E1 39               [11]  968 	add	hl, sp
      0003E2 EB               [ 4]  969 	ex	de, hl
      0003E3 21 04 00         [10]  970 	ld	hl, #4
      0003E6 39               [11]  971 	add	hl, sp
      0003E7 01 04 00         [10]  972 	ld	bc, #4
      0003EA ED B0            [21]  973 	ldir
      0003EC DD 7E 04         [19]  974 	ld	a, 4 (ix)
      0003EF DD 77 F0         [19]  975 	ld	-16 (ix), a
      0003F2 DD 7E 05         [19]  976 	ld	a, 5 (ix)
      0003F5 DD 77 F1         [19]  977 	ld	-15 (ix), a
      0003F8 DD 7E 06         [19]  978 	ld	a, 6 (ix)
      0003FB DD 77 F2         [19]  979 	ld	-14 (ix), a
      0003FE DD 7E 07         [19]  980 	ld	a, 7 (ix)
      000401 DD 77 F3         [19]  981 	ld	-13 (ix), a
      000404 06 08            [ 7]  982 	ld	b, #0x08
      000406                        983 00282$:
      000406 DD CB F3 2E      [23]  984 	sra	-13 (ix)
      00040A DD CB F2 1E      [23]  985 	rr	-14 (ix)
      00040E DD CB F1 1E      [23]  986 	rr	-15 (ix)
      000412 DD CB F0 1E      [23]  987 	rr	-16 (ix)
      000416 10 EE            [13]  988 	djnz	00282$
      000418 21 0F 00         [10]  989 	ld	hl, #15
      00041B 39               [11]  990 	add	hl, sp
      00041C EB               [ 4]  991 	ex	de, hl
      00041D 21 08 00         [10]  992 	ld	hl, #8
      000420 39               [11]  993 	add	hl, sp
      000421 01 04 00         [10]  994 	ld	bc, #4
      000424 ED B0            [21]  995 	ldir
                                    996 ;pocket_platformer.c:416: if (px < 0 || py < 0) return 1;
      000426 DD 7E EB         [19]  997 	ld	a, -21 (ix)
      000429 07               [ 4]  998 	rlca
      00042A E6 01            [ 7]  999 	and	a,#0x01
      00042C DD 77 FB         [19] 1000 	ld	-5 (ix), a
      00042F B7               [ 4] 1001 	or	a, a
      000430 20 08            [12] 1002 	jr	NZ, 00101$
      000432 DD 7E FA         [19] 1003 	ld	a, -6 (ix)
      000435 07               [ 4] 1004 	rlca
      000436 E6 01            [ 7] 1005 	and	a,#0x01
      000438 28 05            [12] 1006 	jr	Z, 00102$
      00043A                       1007 00101$:
      00043A 3E 01            [ 7] 1008 	ld	a, #0x01
      00043C C3rE7r06         [10] 1009 	jp	00135$
      00043F                       1010 00102$:
                                   1011 ;pocket_platformer.c:418: (unsigned char)(py / TILE_SIZE));
      00043F 21 14 00         [10] 1012 	ld	hl, #20
      000442 39               [11] 1013 	add	hl, sp
      000443 EB               [ 4] 1014 	ex	de, hl
      000444 21 0F 00         [10] 1015 	ld	hl, #15
      000447 39               [11] 1016 	add	hl, sp
      000448 01 04 00         [10] 1017 	ld	bc, #4
      00044B ED B0            [21] 1018 	ldir
      00044D B7               [ 4] 1019 	or	a, a
      00044E 28 20            [12] 1020 	jr	Z, 00137$
      000450 DD 7E F7         [19] 1021 	ld	a, -9 (ix)
      000453 C6 07            [ 7] 1022 	add	a, #0x07
      000455 DD 77 FC         [19] 1023 	ld	-4 (ix), a
      000458 DD 7E F8         [19] 1024 	ld	a, -8 (ix)
      00045B CE 00            [ 7] 1025 	adc	a, #0x00
      00045D DD 77 FD         [19] 1026 	ld	-3 (ix), a
      000460 DD 7E F9         [19] 1027 	ld	a, -7 (ix)
      000463 CE 00            [ 7] 1028 	adc	a, #0x00
      000465 DD 77 FE         [19] 1029 	ld	-2 (ix), a
      000468 DD 7E FA         [19] 1030 	ld	a, -6 (ix)
      00046B CE 00            [ 7] 1031 	adc	a, #0x00
      00046D DD 77 FF         [19] 1032 	ld	-1 (ix), a
      000470                       1033 00137$:
      000470 DD 6E FC         [19] 1034 	ld	l, -4 (ix)
                                   1035 ;	spillPairReg hl
                                   1036 ;	spillPairReg hl
      000473 DD 66 FD         [19] 1037 	ld	h, -3 (ix)
                                   1038 ;	spillPairReg hl
                                   1039 ;	spillPairReg hl
      000476 CB 3C            [ 8] 1040 	srl	h
      000478 CB 1D            [ 8] 1041 	rr	l
      00047A CB 3C            [ 8] 1042 	srl	h
      00047C CB 1D            [ 8] 1043 	rr	l
      00047E CB 3C            [ 8] 1044 	srl	h
      000480 CB 1D            [ 8] 1045 	rr	l
                                   1046 ;pocket_platformer.c:417: t = get_tile((unsigned char)(px / TILE_SIZE),
      000482 C1               [10] 1047 	pop	bc
      000483 C5               [11] 1048 	push	bc
      000484 DD 7E FB         [19] 1049 	ld	a, -5 (ix)
      000487 B7               [ 4] 1050 	or	a, a
      000488 28 0C            [12] 1051 	jr	Z, 00138$
      00048A DD 7E E8         [19] 1052 	ld	a, -24 (ix)
      00048D C6 07            [ 7] 1053 	add	a, #0x07
      00048F 4F               [ 4] 1054 	ld	c, a
      000490 DD 7E E9         [19] 1055 	ld	a, -23 (ix)
      000493 CE 00            [ 7] 1056 	adc	a, #0x00
      000495 47               [ 4] 1057 	ld	b, a
      000496                       1058 00138$:
      000496 CB 38            [ 8] 1059 	srl	b
      000498 CB 19            [ 8] 1060 	rr	c
      00049A CB 38            [ 8] 1061 	srl	b
      00049C CB 19            [ 8] 1062 	rr	c
      00049E CB 38            [ 8] 1063 	srl	b
      0004A0 CB 19            [ 8] 1064 	rr	c
      0004A2 79               [ 4] 1065 	ld	a, c
      0004A3 CDr2Er01         [17] 1066 	call	_get_tile
                                   1067 ;pocket_platformer.c:419: if (t == 0) return 0;
      0004A6 DD 77 F4         [19] 1068 	ld	-12 (ix), a
      0004A9 B7               [ 4] 1069 	or	a, a
      0004AA 20 04            [12] 1070 	jr	NZ, 00105$
      0004AC AF               [ 4] 1071 	xor	a, a
      0004AD C3rE7r06         [10] 1072 	jp	00135$
      0004B0                       1073 00105$:
                                   1074 ;pocket_platformer.c:421: if (t & 0x80) return 0;
      0004B0 DD CB F4 7E      [20] 1075 	bit	7, -12 (ix)
      0004B4 28 04            [12] 1076 	jr	Z, 00107$
      0004B6 AF               [ 4] 1077 	xor	a, a
      0004B7 C3rE7r06         [10] 1078 	jp	00135$
      0004BA                       1079 00107$:
                                   1080 ;pocket_platformer.c:423: if (res_header->one_way_vram_idx && t == res_header->one_way_vram_idx) return 0;
      0004BA ED 4Br00r00      [20] 1081 	ld	bc, (_res_header)
      0004BE C5               [11] 1082 	push	bc
      0004BF FD E1            [14] 1083 	pop	iy
      0004C1 FD 5E 06         [19] 1084 	ld	e, 6 (iy)
      0004C4 7B               [ 4] 1085 	ld	a, e
      0004C5 B7               [ 4] 1086 	or	a, a
      0004C6 28 0A            [12] 1087 	jr	Z, 00154$
      0004C8 DD 7E F4         [19] 1088 	ld	a, -12 (ix)
      0004CB 93               [ 4] 1089 	sub	a, e
      0004CC 20 04            [12] 1090 	jr	NZ, 00154$
      0004CE AF               [ 4] 1091 	xor	a, a
      0004CF C3rE7r06         [10] 1092 	jp	00135$
                                   1093 ;pocket_platformer.c:427: for (di = 0; di < 18; di++) {
      0004D2                       1094 00154$:
      0004D2 1E 00            [ 7] 1095 	ld	e, #0x00
      0004D4                       1096 00133$:
                                   1097 ;pocket_platformer.c:428: if (res_header->deko_vram_idx[di] && t == res_header->deko_vram_idx[di]) return 0;
      0004D4 21 13 00         [10] 1098 	ld	hl, #0x0013
      0004D7 09               [11] 1099 	add	hl, bc
      0004D8 16 00            [ 7] 1100 	ld	d, #0x00
      0004DA 19               [11] 1101 	add	hl, de
      0004DB 56               [ 7] 1102 	ld	d, (hl)
      0004DC 7A               [ 4] 1103 	ld	a, d
      0004DD B7               [ 4] 1104 	or	a, a
      0004DE 28 0A            [12] 1105 	jr	Z, 00134$
      0004E0 DD 7E F4         [19] 1106 	ld	a, -12 (ix)
      0004E3 92               [ 4] 1107 	sub	a, d
      0004E4 20 04            [12] 1108 	jr	NZ, 00134$
      0004E6 AF               [ 4] 1109 	xor	a, a
      0004E7 C3rE7r06         [10] 1110 	jp	00135$
      0004EA                       1111 00134$:
                                   1112 ;pocket_platformer.c:427: for (di = 0; di < 18; di++) {
      0004EA 1C               [ 4] 1113 	inc	e
      0004EB 7B               [ 4] 1114 	ld	a, e
      0004EC D6 12            [ 7] 1115 	sub	a, #0x12
      0004EE 38 E4            [12] 1116 	jr	C, 00133$
                                   1117 ;pocket_platformer.c:433: unsigned char dtx = (unsigned char)((fpx>>8)/TILE_SIZE);
      0004F0 DD 7E EF         [19] 1118 	ld	a, -17 (ix)
      0004F3 07               [ 4] 1119 	rlca
      0004F4 E6 01            [ 7] 1120 	and	a,#0x01
      0004F6 DD 77 F5         [19] 1121 	ld	-11 (ix), a
      0004F9 DD 7E EC         [19] 1122 	ld	a, -20 (ix)
      0004FC C6 07            [ 7] 1123 	add	a, #0x07
      0004FE DD 77 F6         [19] 1124 	ld	-10 (ix), a
      000501 DD 7E ED         [19] 1125 	ld	a, -19 (ix)
      000504 CE 00            [ 7] 1126 	adc	a, #0x00
      000506 DD 77 F7         [19] 1127 	ld	-9 (ix), a
      000509 DD 7E EE         [19] 1128 	ld	a, -18 (ix)
      00050C CE 00            [ 7] 1129 	adc	a, #0x00
      00050E DD 77 F8         [19] 1130 	ld	-8 (ix), a
      000511 DD 7E EF         [19] 1131 	ld	a, -17 (ix)
      000514 CE 00            [ 7] 1132 	adc	a, #0x00
      000516 DD 77 F9         [19] 1133 	ld	-7 (ix), a
                                   1134 ;pocket_platformer.c:434: unsigned char dty = (unsigned char)((fpy>>8)/TILE_SIZE);
      000519 DD 7E F3         [19] 1135 	ld	a, -13 (ix)
      00051C 07               [ 4] 1136 	rlca
      00051D E6 01            [ 7] 1137 	and	a,#0x01
      00051F DD 77 FA         [19] 1138 	ld	-6 (ix), a
      000522 DD 7E F0         [19] 1139 	ld	a, -16 (ix)
      000525 C6 07            [ 7] 1140 	add	a, #0x07
      000527 DD 77 FB         [19] 1141 	ld	-5 (ix), a
      00052A DD 7E F1         [19] 1142 	ld	a, -15 (ix)
      00052D CE 00            [ 7] 1143 	adc	a, #0x00
      00052F DD 77 FC         [19] 1144 	ld	-4 (ix), a
      000532 DD 7E F2         [19] 1145 	ld	a, -14 (ix)
      000535 CE 00            [ 7] 1146 	adc	a, #0x00
      000537 DD 77 FD         [19] 1147 	ld	-3 (ix), a
      00053A DD 7E F3         [19] 1148 	ld	a, -13 (ix)
      00053D CE 00            [ 7] 1149 	adc	a, #0x00
      00053F DD 77 FE         [19] 1150 	ld	-2 (ix), a
                                   1151 ;pocket_platformer.c:432: if (vp_block_count) {
      000542 3Ar07r07         [13] 1152 	ld	a, (_vp_block_count+0)
      000545 B7               [ 4] 1153 	or	a, a
      000546 28 5F            [12] 1154 	jr	Z, 00118$
                                   1155 ;pocket_platformer.c:433: unsigned char dtx = (unsigned char)((fpx>>8)/TILE_SIZE);
      000548 21 00 00         [10] 1156 	ld	hl, #0
      00054B 39               [11] 1157 	add	hl, sp
      00054C EB               [ 4] 1158 	ex	de, hl
      00054D 21 04 00         [10] 1159 	ld	hl, #4
      000550 39               [11] 1160 	add	hl, sp
      000551 01 04 00         [10] 1161 	ld	bc, #4
      000554 ED B0            [21] 1162 	ldir
      000556 DD 7E F5         [19] 1163 	ld	a, -11 (ix)
      000559 B7               [ 4] 1164 	or	a, a
      00055A 28 0E            [12] 1165 	jr	Z, 00139$
      00055C 21 00 00         [10] 1166 	ld	hl, #0
      00055F 39               [11] 1167 	add	hl, sp
      000560 EB               [ 4] 1168 	ex	de, hl
      000561 21 0E 00         [10] 1169 	ld	hl, #14
      000564 39               [11] 1170 	add	hl, sp
      000565 01 04 00         [10] 1171 	ld	bc, #4
      000568 ED B0            [21] 1172 	ldir
      00056A                       1173 00139$:
      00056A C1               [10] 1174 	pop	bc
      00056B C5               [11] 1175 	push	bc
      00056C CB 38            [ 8] 1176 	srl	b
      00056E CB 19            [ 8] 1177 	rr	c
      000570 CB 38            [ 8] 1178 	srl	b
      000572 CB 19            [ 8] 1179 	rr	c
      000574 CB 38            [ 8] 1180 	srl	b
      000576 CB 19            [ 8] 1181 	rr	c
      000578 DD 71 FF         [19] 1182 	ld	-1 (ix), c
                                   1183 ;pocket_platformer.c:434: unsigned char dty = (unsigned char)((fpy>>8)/TILE_SIZE);
      00057B DD 4E F0         [19] 1184 	ld	c, -16 (ix)
      00057E DD 46 F1         [19] 1185 	ld	b, -15 (ix)
      000581 DD 7E FA         [19] 1186 	ld	a, -6 (ix)
      000584 B7               [ 4] 1187 	or	a, a
      000585 28 06            [12] 1188 	jr	Z, 00140$
      000587 DD 4E FB         [19] 1189 	ld	c, -5 (ix)
      00058A DD 46 FC         [19] 1190 	ld	b, -4 (ix)
      00058D                       1191 00140$:
      00058D CB 38            [ 8] 1192 	srl	b
      00058F CB 19            [ 8] 1193 	rr	c
      000591 CB 38            [ 8] 1194 	srl	b
      000593 CB 19            [ 8] 1195 	rr	c
      000595 CB 38            [ 8] 1196 	srl	b
      000597 CB 19            [ 8] 1197 	rr	c
                                   1198 ;pocket_platformer.c:435: if (vp_is_passable(dtx, dty)) return 0;
      000599 69               [ 4] 1199 	ld	l, c
                                   1200 ;	spillPairReg hl
                                   1201 ;	spillPairReg hl
      00059A DD 7E FF         [19] 1202 	ld	a, -1 (ix)
      00059D CDr97r37         [17] 1203 	call	_vp_is_passable
      0005A0 B7               [ 4] 1204 	or	a, a
      0005A1 28 04            [12] 1205 	jr	Z, 00118$
      0005A3 AF               [ 4] 1206 	xor	a, a
      0005A4 C3rE7r06         [10] 1207 	jp	00135$
      0005A7                       1208 00118$:
                                   1209 ;pocket_platformer.c:438: if (rb_block_count) {
      0005A7 3ArA9r07         [13] 1210 	ld	a, (_rb_block_count+0)
      0005AA B7               [ 4] 1211 	or	a, a
      0005AB 28 4D            [12] 1212 	jr	Z, 00122$
                                   1213 ;pocket_platformer.c:439: unsigned char dtx = (unsigned char)((fpx>>8)/TILE_SIZE);
      0005AD DD 4E EC         [19] 1214 	ld	c, -20 (ix)
      0005B0 DD 46 ED         [19] 1215 	ld	b, -19 (ix)
      0005B3 DD 7E F5         [19] 1216 	ld	a, -11 (ix)
      0005B6 B7               [ 4] 1217 	or	a, a
      0005B7 28 06            [12] 1218 	jr	Z, 00141$
      0005B9 DD 4E F6         [19] 1219 	ld	c, -10 (ix)
      0005BC DD 46 F7         [19] 1220 	ld	b, -9 (ix)
      0005BF                       1221 00141$:
      0005BF CB 38            [ 8] 1222 	srl	b
      0005C1 CB 19            [ 8] 1223 	rr	c
      0005C3 CB 38            [ 8] 1224 	srl	b
      0005C5 CB 19            [ 8] 1225 	rr	c
      0005C7 CB 38            [ 8] 1226 	srl	b
      0005C9 CB 19            [ 8] 1227 	rr	c
      0005CB DD 71 FF         [19] 1228 	ld	-1 (ix), c
                                   1229 ;pocket_platformer.c:440: unsigned char dty = (unsigned char)((fpy>>8)/TILE_SIZE);
      0005CE DD 4E F0         [19] 1230 	ld	c, -16 (ix)
      0005D1 DD 46 F1         [19] 1231 	ld	b, -15 (ix)
      0005D4 DD 7E FA         [19] 1232 	ld	a, -6 (ix)
      0005D7 B7               [ 4] 1233 	or	a, a
      0005D8 28 06            [12] 1234 	jr	Z, 00142$
      0005DA DD 4E FB         [19] 1235 	ld	c, -5 (ix)
      0005DD DD 46 FC         [19] 1236 	ld	b, -4 (ix)
      0005E0                       1237 00142$:
      0005E0 CB 38            [ 8] 1238 	srl	b
      0005E2 CB 19            [ 8] 1239 	rr	c
      0005E4 CB 38            [ 8] 1240 	srl	b
      0005E6 CB 19            [ 8] 1241 	rr	c
      0005E8 CB 38            [ 8] 1242 	srl	b
      0005EA CB 19            [ 8] 1243 	rr	c
                                   1244 ;pocket_platformer.c:441: if (rb_is_passable(dtx, dty)) return 0;
      0005EC 69               [ 4] 1245 	ld	l, c
                                   1246 ;	spillPairReg hl
                                   1247 ;	spillPairReg hl
      0005ED DD 7E FF         [19] 1248 	ld	a, -1 (ix)
      0005F0 CDr34r3A         [17] 1249 	call	_rb_is_passable
      0005F3 B7               [ 4] 1250 	or	a, a
      0005F4 28 04            [12] 1251 	jr	Z, 00122$
      0005F6 AF               [ 4] 1252 	xor	a, a
      0005F7 C3rE7r06         [10] 1253 	jp	00135$
      0005FA                       1254 00122$:
                                   1255 ;pocket_platformer.c:445: unsigned char dtx = (unsigned char)((fpx>>8)/TILE_SIZE);
      0005FA DD 4E EC         [19] 1256 	ld	c, -20 (ix)
      0005FD DD 46 ED         [19] 1257 	ld	b, -19 (ix)
      000600 DD 5E EE         [19] 1258 	ld	e, -18 (ix)
      000603 DD 56 EF         [19] 1259 	ld	d, -17 (ix)
      000606 DD 7E F5         [19] 1260 	ld	a, -11 (ix)
      000609 B7               [ 4] 1261 	or	a, a
      00060A 28 0C            [12] 1262 	jr	Z, 00143$
      00060C DD 4E F6         [19] 1263 	ld	c, -10 (ix)
      00060F DD 46 F7         [19] 1264 	ld	b, -9 (ix)
      000612 DD 5E F8         [19] 1265 	ld	e, -8 (ix)
      000615 DD 56 F9         [19] 1266 	ld	d, -7 (ix)
      000618                       1267 00143$:
      000618 CB 38            [ 8] 1268 	srl	b
      00061A CB 19            [ 8] 1269 	rr	c
      00061C CB 38            [ 8] 1270 	srl	b
      00061E CB 19            [ 8] 1271 	rr	c
      000620 CB 38            [ 8] 1272 	srl	b
      000622 CB 19            [ 8] 1273 	rr	c
      000624 DD 71 FF         [19] 1274 	ld	-1 (ix), c
                                   1275 ;pocket_platformer.c:446: unsigned char dty = (unsigned char)((fpy>>8)/TILE_SIZE);
      000627 21 0E 00         [10] 1276 	ld	hl, #14
      00062A 39               [11] 1277 	add	hl, sp
      00062B EB               [ 4] 1278 	ex	de, hl
      00062C 21 08 00         [10] 1279 	ld	hl, #8
      00062F 39               [11] 1280 	add	hl, sp
      000630 01 04 00         [10] 1281 	ld	bc, #4
      000633 ED B0            [21] 1282 	ldir
      000635 DD 7E FA         [19] 1283 	ld	a, -6 (ix)
      000638 B7               [ 4] 1284 	or	a, a
      000639 28 0E            [12] 1285 	jr	Z, 00144$
      00063B 21 0E 00         [10] 1286 	ld	hl, #14
      00063E 39               [11] 1287 	add	hl, sp
      00063F EB               [ 4] 1288 	ex	de, hl
      000640 21 13 00         [10] 1289 	ld	hl, #19
      000643 39               [11] 1290 	add	hl, sp
      000644 01 04 00         [10] 1291 	ld	bc, #4
      000647 ED B0            [21] 1292 	ldir
      000649                       1293 00144$:
      000649 DD 7E F6         [19] 1294 	ld	a, -10 (ix)
      00064C DD 77 FD         [19] 1295 	ld	-3 (ix), a
      00064F DD 7E F7         [19] 1296 	ld	a, -9 (ix)
      000652 DD 77 FE         [19] 1297 	ld	-2 (ix), a
      000655 DD CB FE 3E      [23] 1298 	srl	-2 (ix)
      000659 DD CB FD 1E      [23] 1299 	rr	-3 (ix)
      00065D DD CB FE 3E      [23] 1300 	srl	-2 (ix)
      000661 DD CB FD 1E      [23] 1301 	rr	-3 (ix)
      000665 DD CB FE 3E      [23] 1302 	srl	-2 (ix)
      000669 DD CB FD 1E      [23] 1303 	rr	-3 (ix)
      00066D DD 7E FD         [19] 1304 	ld	a, -3 (ix)
      000670 DD 77 FC         [19] 1305 	ld	-4 (ix), a
                                   1306 ;pocket_platformer.c:423: if (res_header->one_way_vram_idx && t == res_header->one_way_vram_idx) return 0;
      000673 2Ar00r00         [16] 1307 	ld	hl, (_res_header)
                                   1308 ;pocket_platformer.c:447: if ((res_header->disp_vram_idx && t == res_header->disp_vram_idx &&
      000676 DD 75 FD         [19] 1309 	ld	-3 (ix), l
      000679 DD 74 FE         [19] 1310 	ld	-2 (ix), h
      00067C 11 07 00         [10] 1311 	ld	de, #0x0007
      00067F 19               [11] 1312 	add	hl, de
      000680 7E               [ 7] 1313 	ld	a, (hl)
      000681 DD 77 FE         [19] 1314 	ld	-2 (ix), a
      000684 B7               [ 4] 1315 	or	a, a
      000685 28 14            [12] 1316 	jr	Z, 00129$
      000687 DD 7E F4         [19] 1317 	ld	a, -12 (ix)
      00068A DD 96 FE         [19] 1318 	sub	a, -2 (ix)
      00068D 20 0C            [12] 1319 	jr	NZ, 00129$
                                   1320 ;pocket_platformer.c:448: disp_is_gone(dtx, dty)) ||
      00068F DD 6E FC         [19] 1321 	ld	l, -4 (ix)
                                   1322 ;	spillPairReg hl
                                   1323 ;	spillPairReg hl
      000692 DD 7E FF         [19] 1324 	ld	a, -1 (ix)
      000695 CDr83r02         [17] 1325 	call	_disp_is_gone
      000698 B7               [ 4] 1326 	or	a, a
      000699 20 28            [12] 1327 	jr	NZ, 00123$
      00069B                       1328 00129$:
                                   1329 ;pocket_platformer.c:423: if (res_header->one_way_vram_idx && t == res_header->one_way_vram_idx) return 0;
      00069B 2Ar00r00         [16] 1330 	ld	hl, (_res_header)
                                   1331 ;pocket_platformer.c:449: (res_header->conn_vram_idx && t == res_header->conn_vram_idx &&
      00069E DD 75 FD         [19] 1332 	ld	-3 (ix), l
      0006A1 DD 74 FE         [19] 1333 	ld	-2 (ix), h
      0006A4 11 08 00         [10] 1334 	ld	de, #0x0008
      0006A7 19               [11] 1335 	add	hl, de
      0006A8 7E               [ 7] 1336 	ld	a, (hl)
      0006A9 DD 77 FE         [19] 1337 	ld	-2 (ix), a
      0006AC B7               [ 4] 1338 	or	a, a
      0006AD 28 17            [12] 1339 	jr	Z, 00124$
      0006AF DD 7E F4         [19] 1340 	ld	a, -12 (ix)
      0006B2 DD 96 FE         [19] 1341 	sub	a, -2 (ix)
      0006B5 20 0F            [12] 1342 	jr	NZ, 00124$
                                   1343 ;pocket_platformer.c:450: disp_is_gone(dtx, dty))) return 0;
      0006B7 DD 6E FC         [19] 1344 	ld	l, -4 (ix)
                                   1345 ;	spillPairReg hl
                                   1346 ;	spillPairReg hl
      0006BA DD 7E FF         [19] 1347 	ld	a, -1 (ix)
      0006BD CDr83r02         [17] 1348 	call	_disp_is_gone
      0006C0 B7               [ 4] 1349 	or	a, a
      0006C1 28 03            [12] 1350 	jr	Z, 00124$
      0006C3                       1351 00123$:
      0006C3 AF               [ 4] 1352 	xor	a, a
      0006C4 18 21            [12] 1353 	jr	00135$
      0006C6                       1354 00124$:
                                   1355 ;pocket_platformer.c:423: if (res_header->one_way_vram_idx && t == res_header->one_way_vram_idx) return 0;
      0006C6 2Ar00r00         [16] 1356 	ld	hl, (_res_header)
                                   1357 ;pocket_platformer.c:453: if (res_header->spike_vram_idx && t == res_header->spike_vram_idx) return 0;
      0006C9 DD 75 FE         [19] 1358 	ld	-2 (ix), l
      0006CC DD 74 FF         [19] 1359 	ld	-1 (ix), h
      0006CF 11 26 00         [10] 1360 	ld	de, #0x0026
      0006D2 19               [11] 1361 	add	hl, de
      0006D3 7E               [ 7] 1362 	ld	a, (hl)
      0006D4 DD 77 FF         [19] 1363 	ld	-1 (ix), a
      0006D7 B7               [ 4] 1364 	or	a, a
      0006D8 28 0B            [12] 1365 	jr	Z, 00131$
      0006DA DD 7E F4         [19] 1366 	ld	a, -12 (ix)
      0006DD DD 96 FF         [19] 1367 	sub	a, -1 (ix)
      0006E0 20 03            [12] 1368 	jr	NZ, 00131$
      0006E2 AF               [ 4] 1369 	xor	a, a
      0006E3 18 02            [12] 1370 	jr	00135$
      0006E5                       1371 00131$:
                                   1372 ;pocket_platformer.c:454: return 1;
      0006E5 3E 01            [ 7] 1373 	ld	a, #0x01
      0006E7                       1374 00135$:
                                   1375 ;pocket_platformer.c:455: }
      0006E7 DD F9            [10] 1376 	ld	sp, ix
      0006E9 DD E1            [14] 1377 	pop	ix
      0006EB E1               [10] 1378 	pop	hl
      0006EC C1               [10] 1379 	pop	bc
      0006ED C1               [10] 1380 	pop	bc
      0006EE E9               [ 4] 1381 	jp	(hl)
                                   1382 ;pocket_platformer.c:459: static unsigned char is_solid_falling_px(long fpx, long fpy) {
                                   1383 ;	---------------------------------
                                   1384 ; Function is_solid_falling_px
                                   1385 ; ---------------------------------
      0006EF                       1386 _is_solid_falling_px:
      0006EF DD E5            [15] 1387 	push	ix
      0006F1 DD 21 00 00      [14] 1388 	ld	ix,#0
      0006F5 DD 39            [15] 1389 	add	ix,sp
      0006F7 FD 21 E8 FF      [14] 1390 	ld	iy, #-24
      0006FB FD 39            [15] 1391 	add	iy, sp
      0006FD FD F9            [10] 1392 	ld	sp, iy
                                   1393 ;pocket_platformer.c:461: long px = fpx >> 8, py = fpy >> 8;
      0006FF 06 08            [ 7] 1394 	ld	b, #0x08
      000701                       1395 00267$:
      000701 CB 2C            [ 8] 1396 	sra	h
      000703 CB 1D            [ 8] 1397 	rr	l
      000705 CB 1A            [ 8] 1398 	rr	d
      000707 CB 1B            [ 8] 1399 	rr	e
      000709 10 F6            [13] 1400 	djnz	00267$
      00070B DD 73 EC         [19] 1401 	ld	-20 (ix), e
      00070E DD 72 ED         [19] 1402 	ld	-19 (ix), d
      000711 DD 75 EE         [19] 1403 	ld	-18 (ix), l
      000714 DD 74 EF         [19] 1404 	ld	-17 (ix), h
      000717 21 00 00         [10] 1405 	ld	hl, #0
      00071A 39               [11] 1406 	add	hl, sp
      00071B EB               [ 4] 1407 	ex	de, hl
      00071C 21 04 00         [10] 1408 	ld	hl, #4
      00071F 39               [11] 1409 	add	hl, sp
      000720 01 04 00         [10] 1410 	ld	bc, #4
      000723 ED B0            [21] 1411 	ldir
      000725 DD 7E 04         [19] 1412 	ld	a, 4 (ix)
      000728 DD 77 F0         [19] 1413 	ld	-16 (ix), a
      00072B DD 7E 05         [19] 1414 	ld	a, 5 (ix)
      00072E DD 77 F1         [19] 1415 	ld	-15 (ix), a
      000731 DD 7E 06         [19] 1416 	ld	a, 6 (ix)
      000734 DD 77 F2         [19] 1417 	ld	-14 (ix), a
      000737 DD 7E 07         [19] 1418 	ld	a, 7 (ix)
      00073A DD 77 F3         [19] 1419 	ld	-13 (ix), a
      00073D 06 08            [ 7] 1420 	ld	b, #0x08
      00073F                       1421 00269$:
      00073F DD CB F3 2E      [23] 1422 	sra	-13 (ix)
      000743 DD CB F2 1E      [23] 1423 	rr	-14 (ix)
      000747 DD CB F1 1E      [23] 1424 	rr	-15 (ix)
      00074B DD CB F0 1E      [23] 1425 	rr	-16 (ix)
      00074F 10 EE            [13] 1426 	djnz	00269$
      000751 21 0F 00         [10] 1427 	ld	hl, #15
      000754 39               [11] 1428 	add	hl, sp
      000755 EB               [ 4] 1429 	ex	de, hl
      000756 21 08 00         [10] 1430 	ld	hl, #8
      000759 39               [11] 1431 	add	hl, sp
      00075A 01 04 00         [10] 1432 	ld	bc, #4
      00075D ED B0            [21] 1433 	ldir
                                   1434 ;pocket_platformer.c:462: if (px < 0 || py < 0) return 1;
      00075F DD 7E EB         [19] 1435 	ld	a, -21 (ix)
      000762 07               [ 4] 1436 	rlca
      000763 E6 01            [ 7] 1437 	and	a,#0x01
      000765 DD 77 FB         [19] 1438 	ld	-5 (ix), a
      000768 B7               [ 4] 1439 	or	a, a
      000769 20 08            [12] 1440 	jr	NZ, 00101$
      00076B DD 7E FA         [19] 1441 	ld	a, -6 (ix)
      00076E 07               [ 4] 1442 	rlca
      00076F E6 01            [ 7] 1443 	and	a,#0x01
      000771 28 05            [12] 1444 	jr	Z, 00102$
      000773                       1445 00101$:
      000773 3E 01            [ 7] 1446 	ld	a, #0x01
      000775 C3r0Cr0A         [10] 1447 	jp	00132$
      000778                       1448 00102$:
                                   1449 ;pocket_platformer.c:464: (unsigned char)(py / TILE_SIZE));
      000778 21 14 00         [10] 1450 	ld	hl, #20
      00077B 39               [11] 1451 	add	hl, sp
      00077C EB               [ 4] 1452 	ex	de, hl
      00077D 21 0F 00         [10] 1453 	ld	hl, #15
      000780 39               [11] 1454 	add	hl, sp
      000781 01 04 00         [10] 1455 	ld	bc, #4
      000784 ED B0            [21] 1456 	ldir
      000786 B7               [ 4] 1457 	or	a, a
      000787 28 20            [12] 1458 	jr	Z, 00134$
      000789 DD 7E F7         [19] 1459 	ld	a, -9 (ix)
      00078C C6 07            [ 7] 1460 	add	a, #0x07
      00078E DD 77 FC         [19] 1461 	ld	-4 (ix), a
      000791 DD 7E F8         [19] 1462 	ld	a, -8 (ix)
      000794 CE 00            [ 7] 1463 	adc	a, #0x00
      000796 DD 77 FD         [19] 1464 	ld	-3 (ix), a
      000799 DD 7E F9         [19] 1465 	ld	a, -7 (ix)
      00079C CE 00            [ 7] 1466 	adc	a, #0x00
      00079E DD 77 FE         [19] 1467 	ld	-2 (ix), a
      0007A1 DD 7E FA         [19] 1468 	ld	a, -6 (ix)
      0007A4 CE 00            [ 7] 1469 	adc	a, #0x00
      0007A6 DD 77 FF         [19] 1470 	ld	-1 (ix), a
      0007A9                       1471 00134$:
      0007A9 DD 6E FC         [19] 1472 	ld	l, -4 (ix)
                                   1473 ;	spillPairReg hl
                                   1474 ;	spillPairReg hl
      0007AC DD 66 FD         [19] 1475 	ld	h, -3 (ix)
                                   1476 ;	spillPairReg hl
                                   1477 ;	spillPairReg hl
      0007AF CB 3C            [ 8] 1478 	srl	h
      0007B1 CB 1D            [ 8] 1479 	rr	l
      0007B3 CB 3C            [ 8] 1480 	srl	h
      0007B5 CB 1D            [ 8] 1481 	rr	l
      0007B7 CB 3C            [ 8] 1482 	srl	h
      0007B9 CB 1D            [ 8] 1483 	rr	l
                                   1484 ;pocket_platformer.c:463: t = get_tile((unsigned char)(px / TILE_SIZE),
      0007BB C1               [10] 1485 	pop	bc
      0007BC C5               [11] 1486 	push	bc
      0007BD DD 7E FB         [19] 1487 	ld	a, -5 (ix)
      0007C0 B7               [ 4] 1488 	or	a, a
      0007C1 28 0C            [12] 1489 	jr	Z, 00135$
      0007C3 DD 7E E8         [19] 1490 	ld	a, -24 (ix)
      0007C6 C6 07            [ 7] 1491 	add	a, #0x07
      0007C8 4F               [ 4] 1492 	ld	c, a
      0007C9 DD 7E E9         [19] 1493 	ld	a, -23 (ix)
      0007CC CE 00            [ 7] 1494 	adc	a, #0x00
      0007CE 47               [ 4] 1495 	ld	b, a
      0007CF                       1496 00135$:
      0007CF CB 38            [ 8] 1497 	srl	b
      0007D1 CB 19            [ 8] 1498 	rr	c
      0007D3 CB 38            [ 8] 1499 	srl	b
      0007D5 CB 19            [ 8] 1500 	rr	c
      0007D7 CB 38            [ 8] 1501 	srl	b
      0007D9 CB 19            [ 8] 1502 	rr	c
      0007DB 79               [ 4] 1503 	ld	a, c
      0007DC CDr2Er01         [17] 1504 	call	_get_tile
                                   1505 ;pocket_platformer.c:465: if (t == 0) return 0;
      0007DF DD 77 F4         [19] 1506 	ld	-12 (ix), a
      0007E2 B7               [ 4] 1507 	or	a, a
      0007E3 20 04            [12] 1508 	jr	NZ, 00105$
      0007E5 AF               [ 4] 1509 	xor	a, a
      0007E6 C3r0Cr0A         [10] 1510 	jp	00132$
      0007E9                       1511 00105$:
                                   1512 ;pocket_platformer.c:467: if (t & 0x80) return 0;
      0007E9 DD CB F4 7E      [20] 1513 	bit	7, -12 (ix)
      0007ED 28 04            [12] 1514 	jr	Z, 00149$
      0007EF AF               [ 4] 1515 	xor	a, a
      0007F0 C3r0Cr0A         [10] 1516 	jp	00132$
                                   1517 ;pocket_platformer.c:471: for (di = 0; di < 18; di++) {
      0007F3                       1518 00149$:
      0007F3 0E 00            [ 7] 1519 	ld	c, #0x00
      0007F5                       1520 00130$:
                                   1521 ;pocket_platformer.c:472: if (res_header->deko_vram_idx[di] && t == res_header->deko_vram_idx[di]) return 0;
      0007F5 2Ar00r00         [16] 1522 	ld	hl, (_res_header)
      0007F8 11 13 00         [10] 1523 	ld	de, #0x0013
      0007FB 19               [11] 1524 	add	hl, de
      0007FC 59               [ 4] 1525 	ld	e, c
      0007FD 16 00            [ 7] 1526 	ld	d, #0x00
      0007FF 19               [11] 1527 	add	hl, de
      000800 46               [ 7] 1528 	ld	b, (hl)
      000801 78               [ 4] 1529 	ld	a, b
      000802 B7               [ 4] 1530 	or	a, a
      000803 28 0A            [12] 1531 	jr	Z, 00131$
      000805 DD 7E F4         [19] 1532 	ld	a, -12 (ix)
      000808 90               [ 4] 1533 	sub	a, b
      000809 20 04            [12] 1534 	jr	NZ, 00131$
      00080B AF               [ 4] 1535 	xor	a, a
      00080C C3r0Cr0A         [10] 1536 	jp	00132$
      00080F                       1537 00131$:
                                   1538 ;pocket_platformer.c:471: for (di = 0; di < 18; di++) {
      00080F 0C               [ 4] 1539 	inc	c
      000810 79               [ 4] 1540 	ld	a, c
      000811 D6 12            [ 7] 1541 	sub	a, #0x12
      000813 38 E0            [12] 1542 	jr	C, 00130$
                                   1543 ;pocket_platformer.c:477: unsigned char dtx = (unsigned char)((fpx>>8)/TILE_SIZE);
      000815 DD 7E EF         [19] 1544 	ld	a, -17 (ix)
      000818 07               [ 4] 1545 	rlca
      000819 E6 01            [ 7] 1546 	and	a,#0x01
      00081B DD 77 F5         [19] 1547 	ld	-11 (ix), a
      00081E DD 7E EC         [19] 1548 	ld	a, -20 (ix)
      000821 C6 07            [ 7] 1549 	add	a, #0x07
      000823 DD 77 F6         [19] 1550 	ld	-10 (ix), a
      000826 DD 7E ED         [19] 1551 	ld	a, -19 (ix)
      000829 CE 00            [ 7] 1552 	adc	a, #0x00
      00082B DD 77 F7         [19] 1553 	ld	-9 (ix), a
      00082E DD 7E EE         [19] 1554 	ld	a, -18 (ix)
      000831 CE 00            [ 7] 1555 	adc	a, #0x00
      000833 DD 77 F8         [19] 1556 	ld	-8 (ix), a
      000836 DD 7E EF         [19] 1557 	ld	a, -17 (ix)
      000839 CE 00            [ 7] 1558 	adc	a, #0x00
      00083B DD 77 F9         [19] 1559 	ld	-7 (ix), a
                                   1560 ;pocket_platformer.c:478: unsigned char dty = (unsigned char)((fpy>>8)/TILE_SIZE);
      00083E DD 7E F3         [19] 1561 	ld	a, -13 (ix)
      000841 07               [ 4] 1562 	rlca
      000842 E6 01            [ 7] 1563 	and	a,#0x01
      000844 DD 77 FA         [19] 1564 	ld	-6 (ix), a
      000847 DD 7E F0         [19] 1565 	ld	a, -16 (ix)
      00084A C6 07            [ 7] 1566 	add	a, #0x07
      00084C DD 77 FB         [19] 1567 	ld	-5 (ix), a
      00084F DD 7E F1         [19] 1568 	ld	a, -15 (ix)
      000852 CE 00            [ 7] 1569 	adc	a, #0x00
      000854 DD 77 FC         [19] 1570 	ld	-4 (ix), a
      000857 DD 7E F2         [19] 1571 	ld	a, -14 (ix)
      00085A CE 00            [ 7] 1572 	adc	a, #0x00
      00085C DD 77 FD         [19] 1573 	ld	-3 (ix), a
      00085F DD 7E F3         [19] 1574 	ld	a, -13 (ix)
      000862 CE 00            [ 7] 1575 	adc	a, #0x00
      000864 DD 77 FE         [19] 1576 	ld	-2 (ix), a
                                   1577 ;pocket_platformer.c:476: if (vp_block_count) {
      000867 3Ar07r07         [13] 1578 	ld	a, (_vp_block_count+0)
      00086A B7               [ 4] 1579 	or	a, a
      00086B 28 5F            [12] 1580 	jr	Z, 00115$
                                   1581 ;pocket_platformer.c:477: unsigned char dtx = (unsigned char)((fpx>>8)/TILE_SIZE);
      00086D 21 00 00         [10] 1582 	ld	hl, #0
      000870 39               [11] 1583 	add	hl, sp
      000871 EB               [ 4] 1584 	ex	de, hl
      000872 21 04 00         [10] 1585 	ld	hl, #4
      000875 39               [11] 1586 	add	hl, sp
      000876 01 04 00         [10] 1587 	ld	bc, #4
      000879 ED B0            [21] 1588 	ldir
      00087B DD 7E F5         [19] 1589 	ld	a, -11 (ix)
      00087E B7               [ 4] 1590 	or	a, a
      00087F 28 0E            [12] 1591 	jr	Z, 00136$
      000881 21 00 00         [10] 1592 	ld	hl, #0
      000884 39               [11] 1593 	add	hl, sp
      000885 EB               [ 4] 1594 	ex	de, hl
      000886 21 0E 00         [10] 1595 	ld	hl, #14
      000889 39               [11] 1596 	add	hl, sp
      00088A 01 04 00         [10] 1597 	ld	bc, #4
      00088D ED B0            [21] 1598 	ldir
      00088F                       1599 00136$:
      00088F C1               [10] 1600 	pop	bc
      000890 C5               [11] 1601 	push	bc
      000891 CB 38            [ 8] 1602 	srl	b
      000893 CB 19            [ 8] 1603 	rr	c
      000895 CB 38            [ 8] 1604 	srl	b
      000897 CB 19            [ 8] 1605 	rr	c
      000899 CB 38            [ 8] 1606 	srl	b
      00089B CB 19            [ 8] 1607 	rr	c
      00089D DD 71 FF         [19] 1608 	ld	-1 (ix), c
                                   1609 ;pocket_platformer.c:478: unsigned char dty = (unsigned char)((fpy>>8)/TILE_SIZE);
      0008A0 DD 4E F0         [19] 1610 	ld	c, -16 (ix)
      0008A3 DD 46 F1         [19] 1611 	ld	b, -15 (ix)
      0008A6 DD 7E FA         [19] 1612 	ld	a, -6 (ix)
      0008A9 B7               [ 4] 1613 	or	a, a
      0008AA 28 06            [12] 1614 	jr	Z, 00137$
      0008AC DD 4E FB         [19] 1615 	ld	c, -5 (ix)
      0008AF DD 46 FC         [19] 1616 	ld	b, -4 (ix)
      0008B2                       1617 00137$:
      0008B2 CB 38            [ 8] 1618 	srl	b
      0008B4 CB 19            [ 8] 1619 	rr	c
      0008B6 CB 38            [ 8] 1620 	srl	b
      0008B8 CB 19            [ 8] 1621 	rr	c
      0008BA CB 38            [ 8] 1622 	srl	b
      0008BC CB 19            [ 8] 1623 	rr	c
                                   1624 ;pocket_platformer.c:479: if (vp_is_passable(dtx, dty)) return 0;
      0008BE 69               [ 4] 1625 	ld	l, c
                                   1626 ;	spillPairReg hl
                                   1627 ;	spillPairReg hl
      0008BF DD 7E FF         [19] 1628 	ld	a, -1 (ix)
      0008C2 CDr97r37         [17] 1629 	call	_vp_is_passable
      0008C5 B7               [ 4] 1630 	or	a, a
      0008C6 28 04            [12] 1631 	jr	Z, 00115$
      0008C8 AF               [ 4] 1632 	xor	a, a
      0008C9 C3r0Cr0A         [10] 1633 	jp	00132$
      0008CC                       1634 00115$:
                                   1635 ;pocket_platformer.c:482: if (rb_block_count) {
      0008CC 3ArA9r07         [13] 1636 	ld	a, (_rb_block_count+0)
      0008CF B7               [ 4] 1637 	or	a, a
      0008D0 28 4D            [12] 1638 	jr	Z, 00119$
                                   1639 ;pocket_platformer.c:483: unsigned char dtx = (unsigned char)((fpx>>8)/TILE_SIZE);
      0008D2 DD 4E EC         [19] 1640 	ld	c, -20 (ix)
      0008D5 DD 46 ED         [19] 1641 	ld	b, -19 (ix)
      0008D8 DD 7E F5         [19] 1642 	ld	a, -11 (ix)
      0008DB B7               [ 4] 1643 	or	a, a
      0008DC 28 06            [12] 1644 	jr	Z, 00138$
      0008DE DD 4E F6         [19] 1645 	ld	c, -10 (ix)
      0008E1 DD 46 F7         [19] 1646 	ld	b, -9 (ix)
      0008E4                       1647 00138$:
      0008E4 CB 38            [ 8] 1648 	srl	b
      0008E6 CB 19            [ 8] 1649 	rr	c
      0008E8 CB 38            [ 8] 1650 	srl	b
      0008EA CB 19            [ 8] 1651 	rr	c
      0008EC CB 38            [ 8] 1652 	srl	b
      0008EE CB 19            [ 8] 1653 	rr	c
      0008F0 DD 71 FF         [19] 1654 	ld	-1 (ix), c
                                   1655 ;pocket_platformer.c:484: unsigned char dty = (unsigned char)((fpy>>8)/TILE_SIZE);
      0008F3 DD 4E F0         [19] 1656 	ld	c, -16 (ix)
      0008F6 DD 46 F1         [19] 1657 	ld	b, -15 (ix)
      0008F9 DD 7E FA         [19] 1658 	ld	a, -6 (ix)
      0008FC B7               [ 4] 1659 	or	a, a
      0008FD 28 06            [12] 1660 	jr	Z, 00139$
      0008FF DD 4E FB         [19] 1661 	ld	c, -5 (ix)
      000902 DD 46 FC         [19] 1662 	ld	b, -4 (ix)
      000905                       1663 00139$:
      000905 CB 38            [ 8] 1664 	srl	b
      000907 CB 19            [ 8] 1665 	rr	c
      000909 CB 38            [ 8] 1666 	srl	b
      00090B CB 19            [ 8] 1667 	rr	c
      00090D CB 38            [ 8] 1668 	srl	b
      00090F CB 19            [ 8] 1669 	rr	c
                                   1670 ;pocket_platformer.c:485: if (rb_is_passable(dtx, dty)) return 0;
      000911 69               [ 4] 1671 	ld	l, c
                                   1672 ;	spillPairReg hl
                                   1673 ;	spillPairReg hl
      000912 DD 7E FF         [19] 1674 	ld	a, -1 (ix)
      000915 CDr34r3A         [17] 1675 	call	_rb_is_passable
      000918 B7               [ 4] 1676 	or	a, a
      000919 28 04            [12] 1677 	jr	Z, 00119$
      00091B AF               [ 4] 1678 	xor	a, a
      00091C C3r0Cr0A         [10] 1679 	jp	00132$
      00091F                       1680 00119$:
                                   1681 ;pocket_platformer.c:488: unsigned char dtx = (unsigned char)((fpx>>8)/TILE_SIZE);
      00091F DD 4E EC         [19] 1682 	ld	c, -20 (ix)
      000922 DD 46 ED         [19] 1683 	ld	b, -19 (ix)
      000925 DD 5E EE         [19] 1684 	ld	e, -18 (ix)
      000928 DD 56 EF         [19] 1685 	ld	d, -17 (ix)
      00092B DD 7E F5         [19] 1686 	ld	a, -11 (ix)
      00092E B7               [ 4] 1687 	or	a, a
      00092F 28 0C            [12] 1688 	jr	Z, 00140$
      000931 DD 4E F6         [19] 1689 	ld	c, -10 (ix)
      000934 DD 46 F7         [19] 1690 	ld	b, -9 (ix)
      000937 DD 5E F8         [19] 1691 	ld	e, -8 (ix)
      00093A DD 56 F9         [19] 1692 	ld	d, -7 (ix)
      00093D                       1693 00140$:
      00093D CB 38            [ 8] 1694 	srl	b
      00093F CB 19            [ 8] 1695 	rr	c
      000941 CB 38            [ 8] 1696 	srl	b
      000943 CB 19            [ 8] 1697 	rr	c
      000945 CB 38            [ 8] 1698 	srl	b
      000947 CB 19            [ 8] 1699 	rr	c
      000949 DD 71 FF         [19] 1700 	ld	-1 (ix), c
                                   1701 ;pocket_platformer.c:489: unsigned char dty = (unsigned char)((fpy>>8)/TILE_SIZE);
      00094C 21 0E 00         [10] 1702 	ld	hl, #14
      00094F 39               [11] 1703 	add	hl, sp
      000950 EB               [ 4] 1704 	ex	de, hl
      000951 21 08 00         [10] 1705 	ld	hl, #8
      000954 39               [11] 1706 	add	hl, sp
      000955 01 04 00         [10] 1707 	ld	bc, #4
      000958 ED B0            [21] 1708 	ldir
      00095A DD 7E FA         [19] 1709 	ld	a, -6 (ix)
      00095D B7               [ 4] 1710 	or	a, a
      00095E 28 0E            [12] 1711 	jr	Z, 00141$
      000960 21 0E 00         [10] 1712 	ld	hl, #14
      000963 39               [11] 1713 	add	hl, sp
      000964 EB               [ 4] 1714 	ex	de, hl
      000965 21 13 00         [10] 1715 	ld	hl, #19
      000968 39               [11] 1716 	add	hl, sp
      000969 01 04 00         [10] 1717 	ld	bc, #4
      00096C ED B0            [21] 1718 	ldir
      00096E                       1719 00141$:
      00096E DD 7E F6         [19] 1720 	ld	a, -10 (ix)
      000971 DD 77 FD         [19] 1721 	ld	-3 (ix), a
      000974 DD 7E F7         [19] 1722 	ld	a, -9 (ix)
      000977 DD 77 FE         [19] 1723 	ld	-2 (ix), a
      00097A DD CB FE 3E      [23] 1724 	srl	-2 (ix)
      00097E DD CB FD 1E      [23] 1725 	rr	-3 (ix)
      000982 DD CB FE 3E      [23] 1726 	srl	-2 (ix)
      000986 DD CB FD 1E      [23] 1727 	rr	-3 (ix)
      00098A DD CB FE 3E      [23] 1728 	srl	-2 (ix)
      00098E DD CB FD 1E      [23] 1729 	rr	-3 (ix)
      000992 DD 7E FD         [19] 1730 	ld	a, -3 (ix)
      000995 DD 77 FC         [19] 1731 	ld	-4 (ix), a
                                   1732 ;pocket_platformer.c:472: if (res_header->deko_vram_idx[di] && t == res_header->deko_vram_idx[di]) return 0;
      000998 2Ar00r00         [16] 1733 	ld	hl, (_res_header)
                                   1734 ;pocket_platformer.c:490: if ((res_header->disp_vram_idx && t == res_header->disp_vram_idx &&
      00099B DD 75 FD         [19] 1735 	ld	-3 (ix), l
      00099E DD 74 FE         [19] 1736 	ld	-2 (ix), h
      0009A1 11 07 00         [10] 1737 	ld	de, #0x0007
      0009A4 19               [11] 1738 	add	hl, de
      0009A5 7E               [ 7] 1739 	ld	a, (hl)
      0009A6 DD 77 FE         [19] 1740 	ld	-2 (ix), a
      0009A9 B7               [ 4] 1741 	or	a, a
      0009AA 28 14            [12] 1742 	jr	Z, 00126$
      0009AC DD 7E F4         [19] 1743 	ld	a, -12 (ix)
      0009AF DD 96 FE         [19] 1744 	sub	a, -2 (ix)
      0009B2 20 0C            [12] 1745 	jr	NZ, 00126$
                                   1746 ;pocket_platformer.c:491: disp_is_gone(dtx, dty)) ||
      0009B4 DD 6E FC         [19] 1747 	ld	l, -4 (ix)
                                   1748 ;	spillPairReg hl
                                   1749 ;	spillPairReg hl
      0009B7 DD 7E FF         [19] 1750 	ld	a, -1 (ix)
      0009BA CDr83r02         [17] 1751 	call	_disp_is_gone
      0009BD B7               [ 4] 1752 	or	a, a
      0009BE 20 28            [12] 1753 	jr	NZ, 00120$
      0009C0                       1754 00126$:
                                   1755 ;pocket_platformer.c:472: if (res_header->deko_vram_idx[di] && t == res_header->deko_vram_idx[di]) return 0;
      0009C0 2Ar00r00         [16] 1756 	ld	hl, (_res_header)
                                   1757 ;pocket_platformer.c:492: (res_header->conn_vram_idx && t == res_header->conn_vram_idx &&
      0009C3 DD 75 FD         [19] 1758 	ld	-3 (ix), l
      0009C6 DD 74 FE         [19] 1759 	ld	-2 (ix), h
      0009C9 11 08 00         [10] 1760 	ld	de, #0x0008
      0009CC 19               [11] 1761 	add	hl, de
      0009CD 7E               [ 7] 1762 	ld	a, (hl)
      0009CE DD 77 FE         [19] 1763 	ld	-2 (ix), a
      0009D1 B7               [ 4] 1764 	or	a, a
      0009D2 28 17            [12] 1765 	jr	Z, 00121$
      0009D4 DD 7E F4         [19] 1766 	ld	a, -12 (ix)
      0009D7 DD 96 FE         [19] 1767 	sub	a, -2 (ix)
      0009DA 20 0F            [12] 1768 	jr	NZ, 00121$
                                   1769 ;pocket_platformer.c:493: disp_is_gone(dtx, dty))) return 0;
      0009DC DD 6E FC         [19] 1770 	ld	l, -4 (ix)
                                   1771 ;	spillPairReg hl
                                   1772 ;	spillPairReg hl
      0009DF DD 7E FF         [19] 1773 	ld	a, -1 (ix)
      0009E2 CDr83r02         [17] 1774 	call	_disp_is_gone
      0009E5 B7               [ 4] 1775 	or	a, a
      0009E6 28 03            [12] 1776 	jr	Z, 00121$
      0009E8                       1777 00120$:
      0009E8 AF               [ 4] 1778 	xor	a, a
      0009E9 18 21            [12] 1779 	jr	00132$
      0009EB                       1780 00121$:
                                   1781 ;pocket_platformer.c:472: if (res_header->deko_vram_idx[di] && t == res_header->deko_vram_idx[di]) return 0;
      0009EB 2Ar00r00         [16] 1782 	ld	hl, (_res_header)
                                   1783 ;pocket_platformer.c:496: if (res_header->spike_vram_idx && t == res_header->spike_vram_idx) return 0;
      0009EE DD 75 FE         [19] 1784 	ld	-2 (ix), l
      0009F1 DD 74 FF         [19] 1785 	ld	-1 (ix), h
      0009F4 11 26 00         [10] 1786 	ld	de, #0x0026
      0009F7 19               [11] 1787 	add	hl, de
      0009F8 7E               [ 7] 1788 	ld	a, (hl)
      0009F9 DD 77 FF         [19] 1789 	ld	-1 (ix), a
      0009FC B7               [ 4] 1790 	or	a, a
      0009FD 28 0B            [12] 1791 	jr	Z, 00128$
      0009FF DD 7E F4         [19] 1792 	ld	a, -12 (ix)
      000A02 DD 96 FF         [19] 1793 	sub	a, -1 (ix)
      000A05 20 03            [12] 1794 	jr	NZ, 00128$
      000A07 AF               [ 4] 1795 	xor	a, a
      000A08 18 02            [12] 1796 	jr	00132$
      000A0A                       1797 00128$:
                                   1798 ;pocket_platformer.c:497: return 1;
      000A0A 3E 01            [ 7] 1799 	ld	a, #0x01
      000A0C                       1800 00132$:
                                   1801 ;pocket_platformer.c:498: }
      000A0C DD F9            [10] 1802 	ld	sp, ix
      000A0E DD E1            [14] 1803 	pop	ix
      000A10 E1               [10] 1804 	pop	hl
      000A11 C1               [10] 1805 	pop	bc
      000A12 C1               [10] 1806 	pop	bc
      000A13 E9               [ 4] 1807 	jp	(hl)
                                   1808 ;pocket_platformer.c:503: static void load_graphics(void) {
                                   1809 ;	---------------------------------
                                   1810 ; Function load_graphics
                                   1811 ; ---------------------------------
      000A14                       1812 _load_graphics:
                                   1813 ;pocket_platformer.c:505: map_res_bank();
      000A14 21 FF FF         [10] 1814 	ld	hl, #_ROM_bank_to_be_mapped_on_slot2
      000A17 36 02            [10] 1815 	ld	(hl), #0x02
                                   1816 ;pocket_platformer.c:506: SMS_loadBGPalette(res_palette);
      000A19 2Ar04r00         [16] 1817 	ld	hl, (_res_palette)
      000A1C CDr00r00         [17] 1818 	call	_SMS_loadBGPalette
                                   1819 ;pocket_platformer.c:507: SMS_setSpritePaletteColor(0, 0);
                                   1820 ;	spillPairReg hl
                                   1821 ;	spillPairReg hl
      000A1F AF               [ 4] 1822 	xor	a, a
      000A20 6F               [ 4] 1823 	ld	l, a
      000A21 CDr00r00         [17] 1824 	call	_SMS_setSpritePaletteColor
                                   1825 ;pocket_platformer.c:508: for (i = 1; i < 16; i++)
      000A24 0E 01            [ 7] 1826 	ld	c, #0x01
      000A26                       1827 00102$:
                                   1828 ;pocket_platformer.c:509: SMS_setSpritePaletteColor(i, res_palette[i]);
      000A26 2Ar04r00         [16] 1829 	ld	hl, (_res_palette)
      000A29 06 00            [ 7] 1830 	ld	b, #0x00
      000A2B 09               [11] 1831 	add	hl, bc
      000A2C 6E               [ 7] 1832 	ld	l, (hl)
                                   1833 ;	spillPairReg hl
      000A2D C5               [11] 1834 	push	bc
      000A2E 79               [ 4] 1835 	ld	a, c
      000A2F CDr00r00         [17] 1836 	call	_SMS_setSpritePaletteColor
      000A32 C1               [10] 1837 	pop	bc
                                   1838 ;pocket_platformer.c:508: for (i = 1; i < 16; i++)
      000A33 0C               [ 4] 1839 	inc	c
      000A34 79               [ 4] 1840 	ld	a, c
      000A35 D6 10            [ 7] 1841 	sub	a, #0x10
      000A37 38 ED            [12] 1842 	jr	C, 00102$
                                   1843 ;pocket_platformer.c:511: SMS_loadTiles(res_tileset, VRAM_BG_BASE,
      000A39 2Ar00r00         [16] 1844 	ld	hl, (_res_header)
      000A3C 11 05 00         [10] 1845 	ld	de, #0x0005
      000A3F 19               [11] 1846 	add	hl, de
      000A40 6E               [ 7] 1847 	ld	l, (hl)
                                   1848 ;	spillPairReg hl
      000A41 26 00            [ 7] 1849 	ld	h, #0x00
                                   1850 ;	spillPairReg hl
                                   1851 ;	spillPairReg hl
      000A43 29               [11] 1852 	add	hl, hl
      000A44 29               [11] 1853 	add	hl, hl
      000A45 29               [11] 1854 	add	hl, hl
      000A46 29               [11] 1855 	add	hl, hl
      000A47 29               [11] 1856 	add	hl, hl
      000A48 ED 5Br06r00      [20] 1857 	ld	de, (_res_tileset)
      000A4C E5               [11] 1858 	push	hl
      000A4D 21 20 00         [10] 1859 	ld	hl, #0x0020
      000A50 CDr00r00         [17] 1860 	call	_SMS_VRAMmemcpy
                                   1861 ;pocket_platformer.c:514: SMS_loadTiles(res_sprites, 256u, 20u * 32u);
      000A53 ED 5Br08r00      [20] 1862 	ld	de, (_res_sprites)
      000A57 21 80 02         [10] 1863 	ld	hl, #0x0280
      000A5A E5               [11] 1864 	push	hl
      000A5B 21 00 20         [10] 1865 	ld	hl, #0x2000
      000A5E CDr00r00         [17] 1866 	call	_SMS_VRAMmemcpy
                                   1867 ;pocket_platformer.c:515: SMS_load1bppTiles(font_1bpp, VRAM_TILE_FONT, font_1bpp_size, 0, 1);
      000A61 3E 01            [ 7] 1868 	ld	a, #0x01
      000A63 F5               [11] 1869 	push	af
      000A64 33               [ 6] 1870 	inc	sp
      000A65 AF               [ 4] 1871 	xor	a, a
      000A66 F5               [11] 1872 	push	af
      000A67 33               [ 6] 1873 	inc	sp
      000A68 2Ar00r00         [16] 1874 	ld	hl, (_font_1bpp_size)
      000A6B E5               [11] 1875 	push	hl
      000A6C 11 60 01         [10] 1876 	ld	de, #0x0160
      000A6F 21r00r00         [10] 1877 	ld	hl, #_font_1bpp
      000A72 CDr00r00         [17] 1878 	call	_SMS_load1bppTiles
                                   1879 ;pocket_platformer.c:516: SMS_configureTextRenderer(VRAM_TILE_FONT - 32);
      000A75 21 40 01         [10] 1880 	ld	hl, #0x0140
                                   1881 ;pocket_platformer.c:517: }
      000A78 C3r00r00         [10] 1882 	jp	_SMS_configureTextRenderer
                                   1883 ;pocket_platformer.c:519: static void draw_tilemap_full(void) {
                                   1884 ;	---------------------------------
                                   1885 ; Function draw_tilemap_full
                                   1886 ; ---------------------------------
      000A7B                       1887 _draw_tilemap_full:
                                   1888 ;pocket_platformer.c:521: map_res_bank();
      000A7B 21 FF FF         [10] 1889 	ld	hl, #_ROM_bank_to_be_mapped_on_slot2
      000A7E 36 02            [10] 1890 	ld	(hl), #0x02
                                   1891 ;pocket_platformer.c:522: for (y = 0; y < SCREEN_TILES_H; y++) {
      000A80 0E 00            [ 7] 1892 	ld	c, #0x00
      000A82                       1893 00108$:
                                   1894 ;pocket_platformer.c:523: SMS_setNextTileatXY(0, y);
      000A82 69               [ 4] 1895 	ld	l, c
                                   1896 ;	spillPairReg hl
                                   1897 ;	spillPairReg hl
      000A83 26 00            [ 7] 1898 	ld	h, #0x00
                                   1899 ;	spillPairReg hl
                                   1900 ;	spillPairReg hl
      000A85 29               [11] 1901 	add	hl, hl
      000A86 29               [11] 1902 	add	hl, hl
      000A87 29               [11] 1903 	add	hl, hl
      000A88 29               [11] 1904 	add	hl, hl
      000A89 29               [11] 1905 	add	hl, hl
      000A8A 29               [11] 1906 	add	hl, hl
      000A8B 7C               [ 4] 1907 	ld	a, h
      000A8C F6 78            [ 7] 1908 	or	a, #0x78
      000A8E 67               [ 4] 1909 	ld	h, a
                                   1910 ;	spillPairReg hl
                                   1911 ;	spillPairReg hl
      000A8F C5               [11] 1912 	push	bc
      000A90 CF               [11] 1913 	rst	#0x08
      000A91 C1               [10] 1914 	pop	bc
                                   1915 ;pocket_platformer.c:524: for (x = 0; x < SCREEN_TILES_W; x++) {
      000A92 06 00            [ 7] 1916 	ld	b, #0x00
      000A94                       1917 00106$:
                                   1918 ;pocket_platformer.c:525: unsigned char t = (y < cur_level->map_h) ? get_tile(x, y) : 0;
      000A94 2Ar21r08         [16] 1919 	ld	hl, (_cur_level)
      000A97 23               [ 6] 1920 	inc	hl
      000A98 5E               [ 7] 1921 	ld	e, (hl)
      000A99 79               [ 4] 1922 	ld	a, c
      000A9A 93               [ 4] 1923 	sub	a, e
      000A9B 30 0C            [12] 1924 	jr	NC, 00112$
      000A9D C5               [11] 1925 	push	bc
      000A9E 69               [ 4] 1926 	ld	l, c
                                   1927 ;	spillPairReg hl
                                   1928 ;	spillPairReg hl
      000A9F 78               [ 4] 1929 	ld	a, b
      000AA0 CDr2Er01         [17] 1930 	call	_get_tile
      000AA3 C1               [10] 1931 	pop	bc
      000AA4 5F               [ 4] 1932 	ld	e, a
      000AA5 16 00            [ 7] 1933 	ld	d, #0x00
      000AA7 18 03            [12] 1934 	jr	00113$
      000AA9                       1935 00112$:
      000AA9 11 00 00         [10] 1936 	ld	de, #0x0000
      000AAC                       1937 00113$:
                                   1938 ;pocket_platformer.c:527: SMS_setTile((unsigned int)(VRAM_BG_BASE + (t & 0x7F) - 1) | TILE_PRIORITY);
      000AAC 6B               [ 4] 1939 	ld	l, e
                                   1940 ;	spillPairReg hl
                                   1941 ;	spillPairReg hl
      000AAD 26 00            [ 7] 1942 	ld	h, #0x00
                                   1943 ;	spillPairReg hl
                                   1944 ;	spillPairReg hl
                                   1945 ;pocket_platformer.c:526: if (t & 0x80)
      000AAF CB 7B            [ 8] 1946 	bit	7, e
      000AB1 28 09            [12] 1947 	jr	Z, 00102$
                                   1948 ;pocket_platformer.c:527: SMS_setTile((unsigned int)(VRAM_BG_BASE + (t & 0x7F) - 1) | TILE_PRIORITY);
      000AB3 CB BD            [ 8] 1949 	res	7, l
      000AB5 26 00            [ 7] 1950 	ld	h, #0x00
                                   1951 ;	spillPairReg hl
                                   1952 ;	spillPairReg hl
      000AB7 CB E4            [ 8] 1953 	set	4, h
      000AB9 DF               [11] 1954 	rst	#0x18
      000ABA 18 0C            [12] 1955 	jr	00107$
      000ABC                       1956 00102$:
                                   1957 ;pocket_platformer.c:529: SMS_setTile(t ? (unsigned int)(VRAM_BG_BASE + t - 1) : 0u);
      000ABC 7B               [ 4] 1958 	ld	a, e
      000ABD B7               [ 4] 1959 	or	a, a
      000ABE 28 03            [12] 1960 	jr	Z, 00114$
      000AC0 EB               [ 4] 1961 	ex	de, hl
      000AC1 18 03            [12] 1962 	jr	00115$
      000AC3                       1963 00114$:
      000AC3 11 00 00         [10] 1964 	ld	de, #0x0000
      000AC6                       1965 00115$:
      000AC6 EB               [ 4] 1966 	ex	de, hl
      000AC7 DF               [11] 1967 	rst	#0x18
      000AC8                       1968 00107$:
                                   1969 ;pocket_platformer.c:524: for (x = 0; x < SCREEN_TILES_W; x++) {
      000AC8 04               [ 4] 1970 	inc	b
      000AC9 78               [ 4] 1971 	ld	a, b
      000ACA D6 20            [ 7] 1972 	sub	a, #0x20
      000ACC 38 C6            [12] 1973 	jr	C, 00106$
                                   1974 ;pocket_platformer.c:522: for (y = 0; y < SCREEN_TILES_H; y++) {
      000ACE 0C               [ 4] 1975 	inc	c
      000ACF 79               [ 4] 1976 	ld	a, c
      000AD0 D6 18            [ 7] 1977 	sub	a, #0x18
      000AD2 38 AE            [12] 1978 	jr	C, 00108$
                                   1979 ;pocket_platformer.c:532: }
      000AD4 C9               [10] 1980 	ret
                                   1981 ;pocket_platformer.c:534: static void draw_tile_column(unsigned char scr_col, unsigned char map_col) {
                                   1982 ;	---------------------------------
                                   1983 ; Function draw_tile_column
                                   1984 ; ---------------------------------
      000AD5                       1985 _draw_tile_column:
      000AD5 DD E5            [15] 1986 	push	ix
      000AD7 DD 21 00 00      [14] 1987 	ld	ix,#0
      000ADB DD 39            [15] 1988 	add	ix,sp
      000ADD 3B               [ 6] 1989 	dec	sp
      000ADE 47               [ 4] 1990 	ld	b, a
      000ADF 4D               [ 4] 1991 	ld	c, l
                                   1992 ;pocket_platformer.c:536: map_res_bank();
      000AE0 21 FF FF         [10] 1993 	ld	hl, #_ROM_bank_to_be_mapped_on_slot2
      000AE3 36 02            [10] 1994 	ld	(hl), #0x02
                                   1995 ;pocket_platformer.c:537: SMS_setNextTileatXY(scr_col, 0);
      000AE5 68               [ 4] 1996 	ld	l, b
                                   1997 ;	spillPairReg hl
                                   1998 ;	spillPairReg hl
      000AE6 26 00            [ 7] 1999 	ld	h, #0x00
                                   2000 ;	spillPairReg hl
                                   2001 ;	spillPairReg hl
      000AE8 29               [11] 2002 	add	hl, hl
      000AE9 7C               [ 4] 2003 	ld	a, h
      000AEA F6 78            [ 7] 2004 	or	a, #0x78
      000AEC 67               [ 4] 2005 	ld	h, a
                                   2006 ;	spillPairReg hl
                                   2007 ;	spillPairReg hl
      000AED C5               [11] 2008 	push	bc
      000AEE CF               [11] 2009 	rst	#0x08
      000AEF C1               [10] 2010 	pop	bc
                                   2011 ;pocket_platformer.c:538: for (y = 0; y < SCREEN_TILES_H; y++) {
      000AF0 DD 36 FF 00      [19] 2012 	ld	-1 (ix), #0x00
      000AF4                       2013 00105$:
                                   2014 ;pocket_platformer.c:539: unsigned char t = (y < cur_level->map_h) ? get_tile(map_col, y) : 0;
      000AF4 2Ar21r08         [16] 2015 	ld	hl, (_cur_level)
      000AF7 23               [ 6] 2016 	inc	hl
      000AF8 46               [ 7] 2017 	ld	b, (hl)
      000AF9 DD 7E FF         [19] 2018 	ld	a, -1 (ix)
      000AFC 90               [ 4] 2019 	sub	a, b
      000AFD 30 0B            [12] 2020 	jr	NC, 00109$
      000AFF C5               [11] 2021 	push	bc
      000B00 DD 6E FF         [19] 2022 	ld	l, -1 (ix)
                                   2023 ;	spillPairReg hl
                                   2024 ;	spillPairReg hl
      000B03 79               [ 4] 2025 	ld	a, c
      000B04 CDr2Er01         [17] 2026 	call	_get_tile
      000B07 C1               [10] 2027 	pop	bc
      000B08 18 01            [12] 2028 	jr	00110$
      000B0A                       2029 00109$:
      000B0A AF               [ 4] 2030 	xor	a, a
      000B0B                       2031 00110$:
      000B0B 5F               [ 4] 2032 	ld	e, a
                                   2033 ;pocket_platformer.c:541: SMS_setTile((unsigned int)(VRAM_BG_BASE + (t & 0x7F) - 1) | TILE_PRIORITY);
      000B0C 6B               [ 4] 2034 	ld	l, e
                                   2035 ;	spillPairReg hl
                                   2036 ;	spillPairReg hl
      000B0D 26 00            [ 7] 2037 	ld	h, #0x00
                                   2038 ;	spillPairReg hl
                                   2039 ;	spillPairReg hl
                                   2040 ;pocket_platformer.c:540: if (t & 0x80)
      000B0F CB 7B            [ 8] 2041 	bit	7, e
      000B11 28 09            [12] 2042 	jr	Z, 00102$
                                   2043 ;pocket_platformer.c:541: SMS_setTile((unsigned int)(VRAM_BG_BASE + (t & 0x7F) - 1) | TILE_PRIORITY);
      000B13 CB BD            [ 8] 2044 	res	7, l
      000B15 26 00            [ 7] 2045 	ld	h, #0x00
                                   2046 ;	spillPairReg hl
                                   2047 ;	spillPairReg hl
      000B17 CB E4            [ 8] 2048 	set	4, h
      000B19 DF               [11] 2049 	rst	#0x18
      000B1A 18 0C            [12] 2050 	jr	00106$
      000B1C                       2051 00102$:
                                   2052 ;pocket_platformer.c:543: SMS_setTile(t ? (unsigned int)(VRAM_BG_BASE + t - 1) : 0u);
      000B1C 7B               [ 4] 2053 	ld	a, e
      000B1D B7               [ 4] 2054 	or	a, a
      000B1E 28 03            [12] 2055 	jr	Z, 00111$
      000B20 EB               [ 4] 2056 	ex	de, hl
      000B21 18 03            [12] 2057 	jr	00112$
      000B23                       2058 00111$:
      000B23 11 00 00         [10] 2059 	ld	de, #0x0000
      000B26                       2060 00112$:
      000B26 EB               [ 4] 2061 	ex	de, hl
      000B27 DF               [11] 2062 	rst	#0x18
      000B28                       2063 00106$:
                                   2064 ;pocket_platformer.c:538: for (y = 0; y < SCREEN_TILES_H; y++) {
      000B28 DD 34 FF         [23] 2065 	inc	-1 (ix)
      000B2B DD 7E FF         [19] 2066 	ld	a, -1 (ix)
      000B2E D6 18            [ 7] 2067 	sub	a, #0x18
      000B30 38 C2            [12] 2068 	jr	C, 00105$
                                   2069 ;pocket_platformer.c:545: }
      000B32 33               [ 6] 2070 	inc	sp
      000B33 DD E1            [14] 2071 	pop	ix
      000B35 C9               [10] 2072 	ret
                                   2073 ;pocket_platformer.c:550: static unsigned char coins_remaining(void) {
                                   2074 ;	---------------------------------
                                   2075 ; Function coins_remaining
                                   2076 ; ---------------------------------
      000B36                       2077 _coins_remaining:
      000B36 DD E5            [15] 2078 	push	ix
      000B38 DD 21 00 00      [14] 2079 	ld	ix,#0
      000B3C DD 39            [15] 2080 	add	ix,sp
      000B3E F5               [11] 2081 	push	af
      000B3F 3B               [ 6] 2082 	dec	sp
                                   2083 ;pocket_platformer.c:552: unsigned char n = cur_level->obj_count < MAX_OBJECTS ? cur_level->obj_count : MAX_OBJECTS;
      000B40 2Ar21r08         [16] 2084 	ld	hl, (_cur_level)
      000B43 23               [ 6] 2085 	inc	hl
      000B44 23               [ 6] 2086 	inc	hl
      000B45 7E               [ 7] 2087 	ld	a, (hl)
      000B46 FE 80            [ 7] 2088 	cp	a, #0x80
      000B48 30 03            [12] 2089 	jr	NC, 00110$
      000B4A 4F               [ 4] 2090 	ld	c, a
      000B4B 18 03            [12] 2091 	jr	00111$
      000B4D                       2092 00110$:
      000B4D 01 80 00         [10] 2093 	ld	bc, #0x0080
      000B50                       2094 00111$:
      000B50 DD 71 FD         [19] 2095 	ld	-3 (ix), c
                                   2096 ;pocket_platformer.c:553: for (i = 0; i < n; i++)
      000B53 06 00            [ 7] 2097 	ld	b, #0x00
      000B55 58               [ 4] 2098 	ld	e, b
      000B56                       2099 00106$:
      000B56 7B               [ 4] 2100 	ld	a, e
      000B57 DD 96 FD         [19] 2101 	sub	a, -3 (ix)
      000B5A 30 32            [12] 2102 	jr	NC, 00104$
                                   2103 ;pocket_platformer.c:554: if (cur_objects[i].type == OBJ_COIN && !coin_collected[i]) count++;
      000B5C D5               [11] 2104 	push	de
      000B5D 16 00            [ 7] 2105 	ld	d, #0x00
      000B5F 6B               [ 4] 2106 	ld	l, e
      000B60 62               [ 4] 2107 	ld	h, d
      000B61 29               [11] 2108 	add	hl, hl
      000B62 19               [11] 2109 	add	hl, de
      000B63 D1               [10] 2110 	pop	de
      000B64 7D               [ 4] 2111 	ld	a, l
      000B65 54               [ 4] 2112 	ld	d, h
      000B66 21r25r08         [10] 2113 	ld	hl, #_cur_objects
      000B69 86               [ 7] 2114 	add	a, (hl)
      000B6A DD 77 FE         [19] 2115 	ld	-2 (ix), a
      000B6D 23               [ 6] 2116 	inc	hl
      000B6E 7A               [ 4] 2117 	ld	a, d
      000B6F 8E               [ 7] 2118 	adc	a, (hl)
      000B70 DD 77 FF         [19] 2119 	ld	-1 (ix), a
      000B73 DD 6E FE         [19] 2120 	ld	l, -2 (ix)
      000B76 DD 66 FF         [19] 2121 	ld	h, -1 (ix)
      000B79 23               [ 6] 2122 	inc	hl
      000B7A 23               [ 6] 2123 	inc	hl
      000B7B 7E               [ 7] 2124 	ld	a, (hl)
      000B7C D6 05            [ 7] 2125 	sub	a, #0x05
      000B7E 20 0B            [12] 2126 	jr	NZ, 00107$
      000B80 21r2Fr00         [10] 2127 	ld	hl, #_coin_collected
      000B83 16 00            [ 7] 2128 	ld	d, #0x00
      000B85 19               [11] 2129 	add	hl, de
      000B86 7E               [ 7] 2130 	ld	a, (hl)
      000B87 B7               [ 4] 2131 	or	a, a
      000B88 20 01            [12] 2132 	jr	NZ, 00107$
      000B8A 04               [ 4] 2133 	inc	b
      000B8B                       2134 00107$:
                                   2135 ;pocket_platformer.c:553: for (i = 0; i < n; i++)
      000B8B 1C               [ 4] 2136 	inc	e
      000B8C 18 C8            [12] 2137 	jr	00106$
      000B8E                       2138 00104$:
                                   2139 ;pocket_platformer.c:555: return count;
      000B8E 78               [ 4] 2140 	ld	a, b
                                   2141 ;pocket_platformer.c:556: }
      000B8F DD F9            [10] 2142 	ld	sp, ix
      000B91 DD E1            [14] 2143 	pop	ix
      000B93 C9               [10] 2144 	ret
                                   2145 ;pocket_platformer.c:558: static unsigned int obj_sprite_tile(unsigned char type) {
                                   2146 ;	---------------------------------
                                   2147 ; Function obj_sprite_tile
                                   2148 ; ---------------------------------
      000B94                       2149 _obj_sprite_tile:
                                   2150 ;pocket_platformer.c:559: switch (type) {
      000B94 4F               [ 4] 2151 	ld	c, a
      000B95 D6 02            [ 7] 2152 	sub	a, #0x02
      000B97 28 0F            [12] 2153 	jr	Z, 00101$
      000B99 79               [ 4] 2154 	ld	a,c
      000B9A FE 04            [ 7] 2155 	cp	a,#0x04
      000B9C 28 1C            [12] 2156 	jr	Z, 00103$
      000B9E FE 05            [ 7] 2157 	cp	a,#0x05
      000BA0 28 1C            [12] 2158 	jr	Z, 00104$
      000BA2 D6 0C            [ 7] 2159 	sub	a, #0x0c
      000BA4 28 06            [12] 2160 	jr	Z, 00102$
      000BA6 18 1A            [12] 2161 	jr	00105$
                                   2162 ;pocket_platformer.c:560: case OBJ_FINISH_FLAG:        return VRAM_SPR_FINISH_FLAG;
      000BA8                       2163 00101$:
      000BA8 11 01 01         [10] 2164 	ld	de, #0x0101
      000BAB C9               [10] 2165 	ret
                                   2166 ;pocket_platformer.c:561: case OBJ_FINISH_FLAG_LOCKED: return coins_remaining() ? VRAM_SPR_FLAG_CLOSED : VRAM_SPR_FINISH_FLAG;
      000BAC                       2167 00102$:
      000BAC CDr36r0B         [17] 2168 	call	_coins_remaining
      000BAF B7               [ 4] 2169 	or	a, a
      000BB0 28 04            [12] 2170 	jr	Z, 00109$
      000BB2 11 09 01         [10] 2171 	ld	de, #0x0109
      000BB5 C9               [10] 2172 	ret
      000BB6                       2173 00109$:
      000BB6 11 01 01         [10] 2174 	ld	de, #0x0101
      000BB9 C9               [10] 2175 	ret
                                   2176 ;pocket_platformer.c:562: case OBJ_TRAMPOLINE:         return VRAM_SPR_TRAMPOLINE;
      000BBA                       2177 00103$:
      000BBA 11 03 01         [10] 2178 	ld	de, #0x0103
      000BBD C9               [10] 2179 	ret
                                   2180 ;pocket_platformer.c:563: case OBJ_COIN:               return VRAM_SPR_COIN;
      000BBE                       2181 00104$:
      000BBE 11 04 01         [10] 2182 	ld	de, #0x0104
      000BC1 C9               [10] 2183 	ret
                                   2184 ;pocket_platformer.c:564: default:                     return VRAM_SPR_FINISH_FLAG;
      000BC2                       2185 00105$:
      000BC2 11 01 01         [10] 2186 	ld	de, #0x0101
                                   2187 ;pocket_platformer.c:565: }
                                   2188 ;pocket_platformer.c:566: }
      000BC5 C9               [10] 2189 	ret
                                   2190 ;pocket_platformer.c:568: static void draw_objects(void) {
                                   2191 ;	---------------------------------
                                   2192 ; Function draw_objects
                                   2193 ; ---------------------------------
      000BC6                       2194 _draw_objects:
      000BC6 DD E5            [15] 2195 	push	ix
      000BC8 DD 21 00 00      [14] 2196 	ld	ix,#0
      000BCC DD 39            [15] 2197 	add	ix,sp
      000BCE F5               [11] 2198 	push	af
      000BCF 3B               [ 6] 2199 	dec	sp
                                   2200 ;pocket_platformer.c:570: map_res_bank();
      000BD0 21 FF FF         [10] 2201 	ld	hl, #_ROM_bank_to_be_mapped_on_slot2
      000BD3 36 02            [10] 2202 	ld	(hl), #0x02
                                   2203 ;pocket_platformer.c:571: for (i = 0; i < cur_level->obj_count; i++) {
      000BD5 0E 00            [ 7] 2204 	ld	c, #0x00
      000BD7                       2205 00130$:
      000BD7 2Ar21r08         [16] 2206 	ld	hl, (_cur_level)
      000BDA 23               [ 6] 2207 	inc	hl
      000BDB 23               [ 6] 2208 	inc	hl
      000BDC 46               [ 7] 2209 	ld	b, (hl)
      000BDD 79               [ 4] 2210 	ld	a, c
      000BDE 90               [ 4] 2211 	sub	a, b
      000BDF D2rCFr0C         [10] 2212 	jp	NC, 00131$
                                   2213 ;pocket_platformer.c:572: level_object *obj = &cur_objects[i];
      000BE2 06 00            [ 7] 2214 	ld	b, #0x00
      000BE4 69               [ 4] 2215 	ld	l, c
      000BE5 60               [ 4] 2216 	ld	h, b
      000BE6 29               [11] 2217 	add	hl, hl
      000BE7 09               [11] 2218 	add	hl, bc
      000BE8 45               [ 4] 2219 	ld	b, l
      000BE9 54               [ 4] 2220 	ld	d, h
      000BEA 78               [ 4] 2221 	ld	a, b
      000BEB 21r25r08         [10] 2222 	ld	hl, #_cur_objects
      000BEE 86               [ 7] 2223 	add	a, (hl)
      000BEF 23               [ 6] 2224 	inc	hl
      000BF0 5F               [ 4] 2225 	ld	e, a
      000BF1 7A               [ 4] 2226 	ld	a, d
      000BF2 8E               [ 7] 2227 	adc	a, (hl)
      000BF3 57               [ 4] 2228 	ld	d, a
                                   2229 ;pocket_platformer.c:574: if (obj->type == OBJ_START_FLAG) continue;
      000BF4 DD 73 FE         [19] 2230 	ld	-2 (ix), e
      000BF7 DD 72 FF         [19] 2231 	ld	-1 (ix), d
      000BFA 13               [ 6] 2232 	inc	de
      000BFB 13               [ 6] 2233 	inc	de
      000BFC 1A               [ 7] 2234 	ld	a, (de)
      000BFD DD 77 FD         [19] 2235 	ld	-3 (ix), a
      000C00 3D               [ 4] 2236 	dec	a
      000C01 CArCBr0C         [10] 2237 	jp	Z,00127$
                                   2238 ;pocket_platformer.c:575: if (obj->type == OBJ_SPIKE) continue;  /* spike is a BG tile */
      000C04 DD 7E FD         [19] 2239 	ld	a, -3 (ix)
      000C07 D6 03            [ 7] 2240 	sub	a, #0x03
      000C09 CArCBr0C         [10] 2241 	jp	Z,00127$
                                   2242 ;pocket_platformer.c:576: if (obj->type == OBJ_NPC) continue;    /* NPC sprite handled separately */
      000C0C DD 7E FD         [19] 2243 	ld	a, -3 (ix)
      000C0F D6 0D            [ 7] 2244 	sub	a, #0x0d
      000C11 CArCBr0C         [10] 2245 	jp	Z,00127$
                                   2246 ;pocket_platformer.c:577: if (obj->type == OBJ_BARREL) continue; /* drawn by draw_barrels() */
      000C14 DD 7E FD         [19] 2247 	ld	a, -3 (ix)
      000C17 D6 0E            [ 7] 2248 	sub	a, #0x0e
      000C19 CArCBr0C         [10] 2249 	jp	Z,00127$
                                   2250 ;pocket_platformer.c:578: if (obj->type == OBJ_TPLAT)  continue; /* drawn by draw_tp() */
      000C1C DD 7E FD         [19] 2251 	ld	a, -3 (ix)
      000C1F D6 0F            [ 7] 2252 	sub	a, #0x0f
      000C21 CArCBr0C         [10] 2253 	jp	Z,00127$
                                   2254 ;pocket_platformer.c:579: if (obj->type == OBJ_COIN && coin_collected[i]) continue;
      000C24 DD 7E FD         [19] 2255 	ld	a, -3 (ix)
      000C27 D6 05            [ 7] 2256 	sub	a, #0x05
      000C29 20 0B            [12] 2257 	jr	NZ, 00112$
      000C2B 21r2Fr00         [10] 2258 	ld	hl, #_coin_collected
      000C2E 06 00            [ 7] 2259 	ld	b, #0x00
      000C30 09               [11] 2260 	add	hl, bc
      000C31 7E               [ 7] 2261 	ld	a, (hl)
      000C32 B7               [ 4] 2262 	or	a, a
      000C33 C2rCBr0C         [10] 2263 	jp	NZ, 00127$
      000C36                       2264 00112$:
                                   2265 ;pocket_platformer.c:581: if (obj->type == 7 || obj->type == 8 || obj->type == 9) continue;
      000C36 DD 7E FD         [19] 2266 	ld	a, -3 (ix)
      000C39 D6 07            [ 7] 2267 	sub	a, #0x07
      000C3B CArCBr0C         [10] 2268 	jp	Z,00127$
      000C3E DD 7E FD         [19] 2269 	ld	a, -3 (ix)
      000C41 D6 08            [ 7] 2270 	sub	a, #0x08
      000C43 CArCBr0C         [10] 2271 	jp	Z,00127$
      000C46 DD 7E FD         [19] 2272 	ld	a, -3 (ix)
      000C49 D6 09            [ 7] 2273 	sub	a, #0x09
      000C4B CArCBr0C         [10] 2274 	jp	Z,00127$
                                   2275 ;pocket_platformer.c:582: if (obj->type == 10 || obj->type == 11) continue;
      000C4E DD 7E FD         [19] 2276 	ld	a, -3 (ix)
      000C51 D6 0A            [ 7] 2277 	sub	a, #0x0a
      000C53 28 76            [12] 2278 	jr	Z, 00127$
      000C55 DD 7E FD         [19] 2279 	ld	a, -3 (ix)
      000C58 D6 0B            [ 7] 2280 	sub	a, #0x0b
      000C5A 28 6F            [12] 2281 	jr	Z, 00127$
                                   2282 ;pocket_platformer.c:583: sx = (int)obj->x * TILE_SIZE - (int)camera_x;
      000C5C DD 6E FE         [19] 2283 	ld	l, -2 (ix)
      000C5F DD 66 FF         [19] 2284 	ld	h, -1 (ix)
      000C62 6E               [ 7] 2285 	ld	l, (hl)
                                   2286 ;	spillPairReg hl
      000C63 26 00            [ 7] 2287 	ld	h, #0x00
                                   2288 ;	spillPairReg hl
                                   2289 ;	spillPairReg hl
      000C65 29               [11] 2290 	add	hl, hl
      000C66 29               [11] 2291 	add	hl, hl
      000C67 29               [11] 2292 	add	hl, hl
      000C68 ED 5Br2Br00      [20] 2293 	ld	de, (_camera_x)
      000C6C BF               [ 4] 2294 	cp	a, a
      000C6D ED 52            [15] 2295 	sbc	hl, de
      000C6F EB               [ 4] 2296 	ex	de, hl
                                   2297 ;pocket_platformer.c:584: sy = (int)obj->y * TILE_SIZE;
      000C70 DD 6E FE         [19] 2298 	ld	l, -2 (ix)
                                   2299 ;	spillPairReg hl
                                   2300 ;	spillPairReg hl
      000C73 DD 66 FF         [19] 2301 	ld	h, -1 (ix)
                                   2302 ;	spillPairReg hl
                                   2303 ;	spillPairReg hl
      000C76 23               [ 6] 2304 	inc	hl
      000C77 6E               [ 7] 2305 	ld	l, (hl)
                                   2306 ;	spillPairReg hl
      000C78 26 00            [ 7] 2307 	ld	h, #0x00
                                   2308 ;	spillPairReg hl
                                   2309 ;	spillPairReg hl
      000C7A 29               [11] 2310 	add	hl, hl
      000C7B 29               [11] 2311 	add	hl, hl
      000C7C 29               [11] 2312 	add	hl, hl
                                   2313 ;pocket_platformer.c:585: if (sx < -8 || sx > SCREEN_PX_W) continue;
      000C7D 7B               [ 4] 2314 	ld	a, e
      000C7E D6 F8            [ 7] 2315 	sub	a, #0xf8
      000C80 7A               [ 4] 2316 	ld	a, d
      000C81 17               [ 4] 2317 	rla
      000C82 3F               [ 4] 2318 	ccf
      000C83 1F               [ 4] 2319 	rra
      000C84 DE 7F            [ 7] 2320 	sbc	a, #0x7f
      000C86 38 43            [12] 2321 	jr	C, 00127$
      000C88 AF               [ 4] 2322 	xor	a, a
      000C89 BB               [ 4] 2323 	cp	a, e
      000C8A 3E 01            [ 7] 2324 	ld	a, #0x01
      000C8C 9A               [ 4] 2325 	sbc	a, d
      000C8D E2r92r0C         [10] 2326 	jp	PO, 00231$
      000C90 EE 80            [ 7] 2327 	xor	a, #0x80
      000C92                       2328 00231$:
      000C92 FArCBr0C         [10] 2329 	jp	M, 00127$
                                   2330 ;pocket_platformer.c:586: if (sy < 0  || sy > SCREEN_PX_H) continue;
      000C95 CB 7C            [ 8] 2331 	bit	7, h
      000C97 20 32            [12] 2332 	jr	NZ, 00127$
      000C99 3E C0            [ 7] 2333 	ld	a, #0xc0
      000C9B BD               [ 4] 2334 	cp	a, l
      000C9C 3E 00            [ 7] 2335 	ld	a, #0x00
      000C9E 9C               [ 4] 2336 	sbc	a, h
      000C9F E2rA4r0C         [10] 2337 	jp	PO, 00232$
      000CA2 EE 80            [ 7] 2338 	xor	a, #0x80
      000CA4                       2339 00232$:
      000CA4 FArCBr0C         [10] 2340 	jp	M, 00127$
                                   2341 ;pocket_platformer.c:587: SMS_addSprite((unsigned char)sx, (unsigned char)sy,
      000CA7 DD 73 FF         [19] 2342 	ld	-1 (ix), e
      000CAA DD 36 FE 00      [19] 2343 	ld	-2 (ix), #0x00
      000CAE E5               [11] 2344 	push	hl
      000CAF C5               [11] 2345 	push	bc
      000CB0 DD 7E FD         [19] 2346 	ld	a, -3 (ix)
      000CB3 CDr94r0B         [17] 2347 	call	_obj_sprite_tile
      000CB6 C1               [10] 2348 	pop	bc
      000CB7 E1               [10] 2349 	pop	hl
      000CB8 7B               [ 4] 2350 	ld	a, e
      000CB9 06 00            [ 7] 2351 	ld	b, #0x00
      000CBB DD B6 FE         [19] 2352 	or	a, -2 (ix)
      000CBE 5F               [ 4] 2353 	ld	e, a
      000CBF 78               [ 4] 2354 	ld	a, b
      000CC0 DD B6 FF         [19] 2355 	or	a, -1 (ix)
      000CC3 57               [ 4] 2356 	ld	d, a
      000CC4 26 00            [ 7] 2357 	ld	h, #0x00
                                   2358 ;	spillPairReg hl
                                   2359 ;	spillPairReg hl
      000CC6 C5               [11] 2360 	push	bc
      000CC7 CDr00r00         [17] 2361 	call	_SMS_addSprite_f
      000CCA C1               [10] 2362 	pop	bc
      000CCB                       2363 00127$:
                                   2364 ;pocket_platformer.c:571: for (i = 0; i < cur_level->obj_count; i++) {
      000CCB 0C               [ 4] 2365 	inc	c
      000CCC C3rD7r0B         [10] 2366 	jp	00130$
      000CCF                       2367 00131$:
                                   2368 ;pocket_platformer.c:590: }
      000CCF DD F9            [10] 2369 	ld	sp, ix
      000CD1 DD E1            [14] 2370 	pop	ix
      000CD3 C9               [10] 2371 	ret
                                   2372 ;pocket_platformer.c:597: static void draw_barrels(void) {
                                   2373 ;	---------------------------------
                                   2374 ; Function draw_barrels
                                   2375 ; ---------------------------------
      000CD4                       2376 _draw_barrels:
      000CD4 DD E5            [15] 2377 	push	ix
      000CD6 DD 21 00 00      [14] 2378 	ld	ix,#0
      000CDA DD 39            [15] 2379 	add	ix,sp
      000CDC F5               [11] 2380 	push	af
      000CDD 3B               [ 6] 2381 	dec	sp
                                   2382 ;pocket_platformer.c:600: map_res_bank();
      000CDE 21 FF FF         [10] 2383 	ld	hl, #_ROM_bank_to_be_mapped_on_slot2
      000CE1 36 02            [10] 2384 	ld	(hl), #0x02
                                   2385 ;pocket_platformer.c:601: n = cur_level->obj_count < MAX_OBJECTS ? cur_level->obj_count : MAX_OBJECTS;
      000CE3 2Ar21r08         [16] 2386 	ld	hl, (_cur_level)
      000CE6 23               [ 6] 2387 	inc	hl
      000CE7 23               [ 6] 2388 	inc	hl
      000CE8 7E               [ 7] 2389 	ld	a, (hl)
      000CE9 FE 80            [ 7] 2390 	cp	a, #0x80
      000CEB 30 03            [12] 2391 	jr	NC, 00120$
      000CED 4F               [ 4] 2392 	ld	c, a
      000CEE 18 03            [12] 2393 	jr	00121$
      000CF0                       2394 00120$:
      000CF0 01 80 00         [10] 2395 	ld	bc, #0x0080
      000CF3                       2396 00121$:
                                   2397 ;pocket_platformer.c:602: for (i = 0; i < n; i++) {
      000CF3 06 00            [ 7] 2398 	ld	b, #0x00
      000CF5                       2399 00117$:
      000CF5 78               [ 4] 2400 	ld	a, b
      000CF6 91               [ 4] 2401 	sub	a, c
      000CF7 D2rAEr0D         [10] 2402 	jp	NC, 00118$
                                   2403 ;pocket_platformer.c:603: level_object *obj = &cur_objects[i];
      000CFA 58               [ 4] 2404 	ld	e, b
      000CFB 16 00            [ 7] 2405 	ld	d, #0x00
      000CFD 6B               [ 4] 2406 	ld	l, e
      000CFE 62               [ 4] 2407 	ld	h, d
      000CFF 29               [11] 2408 	add	hl, hl
      000D00 19               [11] 2409 	add	hl, de
      000D01 EB               [ 4] 2410 	ex	de, hl
      000D02 FD 2Ar25r08      [20] 2411 	ld	iy, (_cur_objects)
      000D06 FD 19            [15] 2412 	add	iy, de
      000D08 FD E5            [15] 2413 	push	iy
      000D0A D1               [10] 2414 	pop	de
                                   2415 ;pocket_platformer.c:606: if (obj->type != OBJ_BARREL) continue;
      000D0B 6B               [ 4] 2416 	ld	l, e
                                   2417 ;	spillPairReg hl
                                   2418 ;	spillPairReg hl
      000D0C 62               [ 4] 2419 	ld	h, d
                                   2420 ;	spillPairReg hl
                                   2421 ;	spillPairReg hl
      000D0D 23               [ 6] 2422 	inc	hl
      000D0E 23               [ 6] 2423 	inc	hl
      000D0F 7E               [ 7] 2424 	ld	a, (hl)
      000D10 D6 0E            [ 7] 2425 	sub	a, #0x0e
      000D12 C2rAAr0D         [10] 2426 	jp	NZ,00114$
                                   2427 ;pocket_platformer.c:607: raw_y = obj->y & 0x3F;
      000D15 6B               [ 4] 2428 	ld	l, e
                                   2429 ;	spillPairReg hl
                                   2430 ;	spillPairReg hl
      000D16 62               [ 4] 2431 	ld	h, d
                                   2432 ;	spillPairReg hl
                                   2433 ;	spillPairReg hl
      000D17 23               [ 6] 2434 	inc	hl
      000D18 7E               [ 7] 2435 	ld	a, (hl)
      000D19 DD 77 FD         [19] 2436 	ld	-3 (ix), a
      000D1C E6 3F            [ 7] 2437 	and	a, #0x3f
      000D1E DD 77 FF         [19] 2438 	ld	-1 (ix), a
                                   2439 ;pocket_platformer.c:608: sx = (int)obj->x * TILE_SIZE - (int)camera_x;
      000D21 1A               [ 7] 2440 	ld	a, (de)
      000D22 6F               [ 4] 2441 	ld	l, a
                                   2442 ;	spillPairReg hl
                                   2443 ;	spillPairReg hl
      000D23 26 00            [ 7] 2444 	ld	h, #0x00
                                   2445 ;	spillPairReg hl
                                   2446 ;	spillPairReg hl
      000D25 29               [11] 2447 	add	hl, hl
      000D26 29               [11] 2448 	add	hl, hl
      000D27 29               [11] 2449 	add	hl, hl
      000D28 ED 5Br2Br00      [20] 2450 	ld	de, (_camera_x)
      000D2C BF               [ 4] 2451 	cp	a, a
      000D2D ED 52            [15] 2452 	sbc	hl, de
      000D2F EB               [ 4] 2453 	ex	de, hl
                                   2454 ;pocket_platformer.c:609: sy = (int)raw_y  * TILE_SIZE;
      000D30 DD 6E FF         [19] 2455 	ld	l, -1 (ix)
                                   2456 ;	spillPairReg hl
                                   2457 ;	spillPairReg hl
      000D33 26 00            [ 7] 2458 	ld	h, #0x00
                                   2459 ;	spillPairReg hl
                                   2460 ;	spillPairReg hl
      000D35 29               [11] 2461 	add	hl, hl
      000D36 29               [11] 2462 	add	hl, hl
      000D37 29               [11] 2463 	add	hl, hl
      000D38 DD 75 FE         [19] 2464 	ld	-2 (ix), l
      000D3B DD 74 FF         [19] 2465 	ld	-1 (ix), h
                                   2466 ;pocket_platformer.c:610: if (sx < -8 || sx > SCREEN_PX_W) continue;
      000D3E 7B               [ 4] 2467 	ld	a, e
      000D3F D6 F8            [ 7] 2468 	sub	a, #0xf8
      000D41 7A               [ 4] 2469 	ld	a, d
      000D42 17               [ 4] 2470 	rla
      000D43 3F               [ 4] 2471 	ccf
      000D44 1F               [ 4] 2472 	rra
      000D45 DE 7F            [ 7] 2473 	sbc	a, #0x7f
      000D47 38 61            [12] 2474 	jr	C, 00114$
      000D49 AF               [ 4] 2475 	xor	a, a
      000D4A BB               [ 4] 2476 	cp	a, e
      000D4B 3E 01            [ 7] 2477 	ld	a, #0x01
      000D4D 9A               [ 4] 2478 	sbc	a, d
      000D4E E2r53r0D         [10] 2479 	jp	PO, 00180$
      000D51 EE 80            [ 7] 2480 	xor	a, #0x80
      000D53                       2481 00180$:
      000D53 FArAAr0D         [10] 2482 	jp	M, 00114$
                                   2483 ;pocket_platformer.c:611: if (sy < 0  || sy > SCREEN_PX_H) continue;
      000D56 DD CB FF 7E      [20] 2484 	bit	7, -1 (ix)
      000D5A 20 4E            [12] 2485 	jr	NZ, 00114$
      000D5C 3E C0            [ 7] 2486 	ld	a, #0xc0
      000D5E DD BE FE         [19] 2487 	cp	a, -2 (ix)
      000D61 3E 00            [ 7] 2488 	ld	a, #0x00
      000D63 DD 9E FF         [19] 2489 	sbc	a, -1 (ix)
      000D66 E2r6Br0D         [10] 2490 	jp	PO, 00181$
      000D69 EE 80            [ 7] 2491 	xor	a, #0x80
      000D6B                       2492 00181$:
      000D6B FArAAr0D         [10] 2493 	jp	M, 00114$
                                   2494 ;pocket_platformer.c:613: unsigned char dir = obj->y >> 6;
      000D6E DD 7E FD         [19] 2495 	ld	a, -3 (ix)
      000D71 07               [ 4] 2496 	rlca
      000D72 07               [ 4] 2497 	rlca
      000D73 E6 03            [ 7] 2498 	and	a, #0x03
                                   2499 ;pocket_platformer.c:615: switch (dir) {
      000D75 FE 01            [ 7] 2500 	cp	a, #0x01
      000D77 28 0F            [12] 2501 	jr	Z, 00110$
      000D79 FE 02            [ 7] 2502 	cp	a, #0x02
      000D7B 28 06            [12] 2503 	jr	Z, 00109$
      000D7D D6 03            [ 7] 2504 	sub	a, #0x03
      000D7F 28 0C            [12] 2505 	jr	Z, 00111$
      000D81 18 0F            [12] 2506 	jr	00112$
                                   2507 ;pocket_platformer.c:616: case BARREL_DIR_LEFT:   btile = VRAM_SPR_BARREL_LEFT;   break;
      000D83                       2508 00109$:
      000D83 21 0C 01         [10] 2509 	ld	hl, #0x010c
      000D86 18 0D            [12] 2510 	jr	00113$
                                   2511 ;pocket_platformer.c:617: case BARREL_DIR_TOP:    btile = VRAM_SPR_BARREL_TOP;    break;
      000D88                       2512 00110$:
      000D88 21 0D 01         [10] 2513 	ld	hl, #0x010d
      000D8B 18 08            [12] 2514 	jr	00113$
                                   2515 ;pocket_platformer.c:618: case BARREL_DIR_BOTTOM: btile = VRAM_SPR_BARREL_BOTTOM; break;
      000D8D                       2516 00111$:
      000D8D 21 0E 01         [10] 2517 	ld	hl, #0x010e
      000D90 18 03            [12] 2518 	jr	00113$
                                   2519 ;pocket_platformer.c:619: default:                btile = VRAM_SPR_BARREL_RIGHT;  break;
      000D92                       2520 00112$:
      000D92 21 0B 01         [10] 2521 	ld	hl, #0x010b
                                   2522 ;pocket_platformer.c:620: }
      000D95                       2523 00113$:
                                   2524 ;pocket_platformer.c:621: SMS_addSprite((unsigned char)sx, (unsigned char)sy,
      000D95 53               [ 4] 2525 	ld	d, e
      000D96 1E 00            [ 7] 2526 	ld	e, #0x00
                                   2527 ;	spillPairReg hl
                                   2528 ;	spillPairReg hl
      000D98 7D               [ 4] 2529 	ld	a, l
      000D99 2E 00            [ 7] 2530 	ld	l, #0x00
                                   2531 ;	spillPairReg hl
                                   2532 ;	spillPairReg hl
      000D9B B3               [ 4] 2533 	or	a, e
      000D9C 5F               [ 4] 2534 	ld	e, a
      000D9D 7D               [ 4] 2535 	ld	a, l
      000D9E B2               [ 4] 2536 	or	a, d
      000D9F 57               [ 4] 2537 	ld	d, a
      000DA0 DD 6E FE         [19] 2538 	ld	l, -2 (ix)
                                   2539 ;	spillPairReg hl
                                   2540 ;	spillPairReg hl
      000DA3 26 00            [ 7] 2541 	ld	h, #0x00
                                   2542 ;	spillPairReg hl
                                   2543 ;	spillPairReg hl
      000DA5 C5               [11] 2544 	push	bc
      000DA6 CDr00r00         [17] 2545 	call	_SMS_addSprite_f
      000DA9 C1               [10] 2546 	pop	bc
      000DAA                       2547 00114$:
                                   2548 ;pocket_platformer.c:602: for (i = 0; i < n; i++) {
      000DAA 04               [ 4] 2549 	inc	b
      000DAB C3rF5r0C         [10] 2550 	jp	00117$
      000DAE                       2551 00118$:
                                   2552 ;pocket_platformer.c:625: }
      000DAE DD F9            [10] 2553 	ld	sp, ix
      000DB0 DD E1            [14] 2554 	pop	ix
      000DB2 C9               [10] 2555 	ret
                                   2556 ;pocket_platformer.c:627: static void draw_npcs(void) {
                                   2557 ;	---------------------------------
                                   2558 ; Function draw_npcs
                                   2559 ; ---------------------------------
      000DB3                       2560 _draw_npcs:
                                   2561 ;pocket_platformer.c:630: map_res_bank();
      000DB3 21 FF FF         [10] 2562 	ld	hl, #_ROM_bank_to_be_mapped_on_slot2
      000DB6 36 02            [10] 2563 	ld	(hl), #0x02
                                   2564 ;pocket_platformer.c:631: n = cur_level->obj_count < MAX_OBJECTS
      000DB8 2Ar21r08         [16] 2565 	ld	hl, (_cur_level)
      000DBB 23               [ 6] 2566 	inc	hl
      000DBC 23               [ 6] 2567 	inc	hl
      000DBD 7E               [ 7] 2568 	ld	a, (hl)
      000DBE FE 80            [ 7] 2569 	cp	a, #0x80
      000DC0 30 03            [12] 2570 	jr	NC, 00115$
                                   2571 ;pocket_platformer.c:632: ? cur_level->obj_count : MAX_OBJECTS;
      000DC2 4F               [ 4] 2572 	ld	c, a
      000DC3 18 03            [12] 2573 	jr	00116$
      000DC5                       2574 00115$:
      000DC5 01 80 00         [10] 2575 	ld	bc, #0x0080
      000DC8                       2576 00116$:
                                   2577 ;pocket_platformer.c:633: for (i = 0; i < n; i++) {
      000DC8 06 00            [ 7] 2578 	ld	b, #0x00
      000DCA                       2579 00112$:
      000DCA 78               [ 4] 2580 	ld	a, b
      000DCB 91               [ 4] 2581 	sub	a, c
      000DCC D0               [11] 2582 	ret	NC
                                   2583 ;pocket_platformer.c:634: level_object *obj = &cur_objects[i];
      000DCD 58               [ 4] 2584 	ld	e, b
      000DCE 16 00            [ 7] 2585 	ld	d, #0x00
      000DD0 6B               [ 4] 2586 	ld	l, e
      000DD1 62               [ 4] 2587 	ld	h, d
      000DD2 29               [11] 2588 	add	hl, hl
      000DD3 19               [11] 2589 	add	hl, de
      000DD4 EB               [ 4] 2590 	ex	de, hl
      000DD5 FD 2Ar25r08      [20] 2591 	ld	iy, (_cur_objects)
      000DD9 FD 19            [15] 2592 	add	iy, de
                                   2593 ;pocket_platformer.c:636: if (obj->type != OBJ_NPC) continue;
      000DDB FD E5            [15] 2594 	push	iy
      000DDD D1               [10] 2595 	pop	de
      000DDE 13               [ 6] 2596 	inc	de
      000DDF 13               [ 6] 2597 	inc	de
      000DE0 1A               [ 7] 2598 	ld	a, (de)
      000DE1 D6 0D            [ 7] 2599 	sub	a, #0x0d
      000DE3 20 50            [12] 2600 	jr	NZ, 00109$
                                   2601 ;pocket_platformer.c:637: sx = (int)obj->x * TILE_SIZE - (int)camera_x;
      000DE5 FD 6E 00         [19] 2602 	ld	l, 0 (iy)
                                   2603 ;	spillPairReg hl
      000DE8 26 00            [ 7] 2604 	ld	h, #0x00
                                   2605 ;	spillPairReg hl
                                   2606 ;	spillPairReg hl
      000DEA 29               [11] 2607 	add	hl, hl
      000DEB 29               [11] 2608 	add	hl, hl
      000DEC 29               [11] 2609 	add	hl, hl
      000DED ED 5Br2Br00      [20] 2610 	ld	de, (_camera_x)
      000DF1 BF               [ 4] 2611 	cp	a, a
      000DF2 ED 52            [15] 2612 	sbc	hl, de
                                   2613 ;pocket_platformer.c:638: sy = (int)obj->y * TILE_SIZE;
      000DF4 FD E5            [15] 2614 	push	iy
      000DF6 EB               [ 4] 2615 	ex	de, hl
      000DF7 E1               [10] 2616 	pop	hl
      000DF8 23               [ 6] 2617 	inc	hl
      000DF9 6E               [ 7] 2618 	ld	l, (hl)
                                   2619 ;	spillPairReg hl
      000DFA 26 00            [ 7] 2620 	ld	h, #0x00
                                   2621 ;	spillPairReg hl
                                   2622 ;	spillPairReg hl
      000DFC 29               [11] 2623 	add	hl, hl
      000DFD 29               [11] 2624 	add	hl, hl
      000DFE 29               [11] 2625 	add	hl, hl
                                   2626 ;pocket_platformer.c:639: if (sx < -8 || sx > SCREEN_PX_W) continue;
      000DFF 7B               [ 4] 2627 	ld	a, e
      000E00 D6 F8            [ 7] 2628 	sub	a, #0xf8
      000E02 7A               [ 4] 2629 	ld	a, d
      000E03 17               [ 4] 2630 	rla
      000E04 3F               [ 4] 2631 	ccf
      000E05 1F               [ 4] 2632 	rra
      000E06 DE 7F            [ 7] 2633 	sbc	a, #0x7f
      000E08 38 2B            [12] 2634 	jr	C, 00109$
      000E0A AF               [ 4] 2635 	xor	a, a
      000E0B BB               [ 4] 2636 	cp	a, e
      000E0C 3E 01            [ 7] 2637 	ld	a, #0x01
      000E0E 9A               [ 4] 2638 	sbc	a, d
      000E0F E2r14r0E         [10] 2639 	jp	PO, 00160$
      000E12 EE 80            [ 7] 2640 	xor	a, #0x80
      000E14                       2641 00160$:
      000E14 FAr35r0E         [10] 2642 	jp	M, 00109$
                                   2643 ;pocket_platformer.c:640: if (sy < 0  || sy > SCREEN_PX_H) continue;
      000E17 CB 7C            [ 8] 2644 	bit	7, h
      000E19 20 1A            [12] 2645 	jr	NZ, 00109$
      000E1B 3E C0            [ 7] 2646 	ld	a, #0xc0
      000E1D BD               [ 4] 2647 	cp	a, l
      000E1E 3E 00            [ 7] 2648 	ld	a, #0x00
      000E20 9C               [ 4] 2649 	sbc	a, h
      000E21 E2r26r0E         [10] 2650 	jp	PO, 00161$
      000E24 EE 80            [ 7] 2651 	xor	a, #0x80
      000E26                       2652 00161$:
      000E26 FAr35r0E         [10] 2653 	jp	M, 00109$
                                   2654 ;pocket_platformer.c:641: SMS_addSprite((unsigned char)sx, (unsigned char)sy,
      000E29 53               [ 4] 2655 	ld	d, e
      000E2A AF               [ 4] 2656 	xor	a, a
      000E2B F6 0A            [ 7] 2657 	or	a, #0x0a
      000E2D 5F               [ 4] 2658 	ld	e, a
      000E2E 26 00            [ 7] 2659 	ld	h, #0x00
                                   2660 ;	spillPairReg hl
                                   2661 ;	spillPairReg hl
      000E30 C5               [11] 2662 	push	bc
      000E31 CDr00r00         [17] 2663 	call	_SMS_addSprite_f
      000E34 C1               [10] 2664 	pop	bc
      000E35                       2665 00109$:
                                   2666 ;pocket_platformer.c:633: for (i = 0; i < n; i++) {
      000E35 04               [ 4] 2667 	inc	b
                                   2668 ;pocket_platformer.c:644: }
      000E36 18 92            [12] 2669 	jr	00112$
                                   2670 ;pocket_platformer.c:646: static void draw_player(void) {
                                   2671 ;	---------------------------------
                                   2672 ; Function draw_player
                                   2673 ; ---------------------------------
      000E38                       2674 _draw_player:
      000E38 DD E5            [15] 2675 	push	ix
      000E3A DD 21 00 00      [14] 2676 	ld	ix,#0
      000E3E DD 39            [15] 2677 	add	ix,sp
      000E40 21 F9 FF         [10] 2678 	ld	hl, #-7
      000E43 39               [11] 2679 	add	hl, sp
      000E44 F9               [ 6] 2680 	ld	sp, hl
                                   2681 ;pocket_platformer.c:647: int sx = (int)(player.x >> 8) - (int)camera_x;
      000E45 2Ar0Cr00         [16] 2682 	ld	hl, (#_player + 0)
      000E48 ED 5Br0Er00      [20] 2683 	ld	de, (#_player + 2)
      000E4C 7C               [ 4] 2684 	ld	a, h
      000E4D 2Ar2Br00         [16] 2685 	ld	hl, (_camera_x)
      000E50 95               [ 4] 2686 	sub	a, l
      000E51 4F               [ 4] 2687 	ld	c, a
      000E52 7B               [ 4] 2688 	ld	a, e
      000E53 9C               [ 4] 2689 	sbc	a, h
      000E54 DD 71 FA         [19] 2690 	ld	-6 (ix), c
      000E57 DD 77 FB         [19] 2691 	ld	-5 (ix), a
                                   2692 ;pocket_platformer.c:648: int sy = (int)(player.y >> 8);
      000E5A ED 4Br10r00      [20] 2693 	ld	bc, (#_player + 4)
      000E5E 2Ar12r00         [16] 2694 	ld	hl, (#_player + 6)
      000E61 DD 70 FC         [19] 2695 	ld	-4 (ix), b
      000E64 DD 75 FD         [19] 2696 	ld	-3 (ix), l
                                   2697 ;pocket_platformer.c:650: if (sx < -8 || sx > SCREEN_PX_W) return;
      000E67 DD 7E FA         [19] 2698 	ld	a, -6 (ix)
      000E6A D6 F8            [ 7] 2699 	sub	a, #0xf8
      000E6C DD 7E FB         [19] 2700 	ld	a, -5 (ix)
      000E6F 17               [ 4] 2701 	rla
      000E70 3F               [ 4] 2702 	ccf
      000E71 1F               [ 4] 2703 	rra
      000E72 DE 7F            [ 7] 2704 	sbc	a, #0x7f
      000E74 DAr35r0F         [10] 2705 	jp	C,00110$
      000E77 AF               [ 4] 2706 	xor	a, a
      000E78 DD BE FA         [19] 2707 	cp	a, -6 (ix)
      000E7B 3E 01            [ 7] 2708 	ld	a, #0x01
      000E7D DD 9E FB         [19] 2709 	sbc	a, -5 (ix)
      000E80 E2r85r0E         [10] 2710 	jp	PO, 00162$
      000E83 EE 80            [ 7] 2711 	xor	a, #0x80
      000E85                       2712 00162$:
      000E85 F2r8Br0E         [10] 2713 	jp	P, 00102$
      000E88 C3r35r0F         [10] 2714 	jp	00110$
      000E8B                       2715 00102$:
                                   2716 ;pocket_platformer.c:651: if (!player.on_ground)
      000E8B 21r1Cr00         [10] 2717 	ld	hl, #_player + 16
      000E8E 4E               [ 7] 2718 	ld	c, (hl)
                                   2719 ;pocket_platformer.c:652: tile = player.facing_left ? VRAM_SPR_PLAYER_JUMP_L  : VRAM_SPR_PLAYER_JUMP;
      000E8F 3Ar23r00         [13] 2720 	ld	a, (#_player + 23)
      000E92 DD 77 F9         [19] 2721 	ld	-7 (ix), a
                                   2722 ;pocket_platformer.c:651: if (!player.on_ground)
      000E95 79               [ 4] 2723 	ld	a, c
      000E96 B7               [ 4] 2724 	or	a, a
      000E97 20 16            [12] 2725 	jr	NZ, 00108$
                                   2726 ;pocket_platformer.c:652: tile = player.facing_left ? VRAM_SPR_PLAYER_JUMP_L  : VRAM_SPR_PLAYER_JUMP;
      000E99 DD 7E F9         [19] 2727 	ld	a, -7 (ix)
      000E9C B7               [ 4] 2728 	or	a, a
      000E9D 28 05            [12] 2729 	jr	Z, 00112$
      000E9F 01 13 01         [10] 2730 	ld	bc, #0x0113
      000EA2 18 03            [12] 2731 	jr	00113$
      000EA4                       2732 00112$:
      000EA4 01 08 01         [10] 2733 	ld	bc, #0x0108
      000EA7                       2734 00113$:
      000EA7 DD 71 FE         [19] 2735 	ld	-2 (ix), c
      000EAA DD 70 FF         [19] 2736 	ld	-1 (ix), b
      000EAD 18 6F            [12] 2737 	jr	00109$
      000EAF                       2738 00108$:
                                   2739 ;pocket_platformer.c:653: else if (player.vx != 0)
      000EAF ED 4Br14r00      [20] 2740 	ld	bc, (#_player + 8)
      000EB3 2Ar16r00         [16] 2741 	ld	hl, (#_player + 10)
      000EB6 7C               [ 4] 2742 	ld	a, h
      000EB7 B5               [ 4] 2743 	or	a, l
      000EB8 B0               [ 4] 2744 	or	a, b
      000EB9 B1               [ 4] 2745 	or	a, c
      000EBA 28 4A            [12] 2746 	jr	Z, 00105$
                                   2747 ;pocket_platformer.c:655: ? ((player.anim_frame & 2) ? VRAM_SPR_PLAYER_WALK1_L : VRAM_SPR_PLAYER_WALK0_L)
      000EBC 3Ar25r00         [13] 2748 	ld	a, (#_player + 25)
      000EBF E6 02            [ 7] 2749 	and	a, #0x02
      000EC1 DD 77 FE         [19] 2750 	ld	-2 (ix), a
      000EC4 DD 36 FF 00      [19] 2751 	ld	-1 (ix), #0x00
                                   2752 ;pocket_platformer.c:654: tile = player.facing_left
      000EC8 DD 7E F9         [19] 2753 	ld	a, -7 (ix)
      000ECB B7               [ 4] 2754 	or	a, a
      000ECC 28 1C            [12] 2755 	jr	Z, 00114$
                                   2756 ;pocket_platformer.c:655: ? ((player.anim_frame & 2) ? VRAM_SPR_PLAYER_WALK1_L : VRAM_SPR_PLAYER_WALK0_L)
      000ECE DD 7E FF         [19] 2757 	ld	a, -1 (ix)
      000ED1 DD B6 FE         [19] 2758 	or	a, -2 (ix)
      000ED4 28 0A            [12] 2759 	jr	Z, 00116$
      000ED6 DD 36 FE 12      [19] 2760 	ld	-2 (ix), #0x12
      000EDA DD 36 FF 01      [19] 2761 	ld	-1 (ix), #0x01
      000EDE 18 3E            [12] 2762 	jr	00109$
      000EE0                       2763 00116$:
      000EE0 DD 36 FE 11      [19] 2764 	ld	-2 (ix), #0x11
      000EE4 DD 36 FF 01      [19] 2765 	ld	-1 (ix), #0x01
      000EE8 18 34            [12] 2766 	jr	00109$
      000EEA                       2767 00114$:
                                   2768 ;pocket_platformer.c:656: : ((player.anim_frame & 2) ? VRAM_SPR_PLAYER_WALK1   : VRAM_SPR_PLAYER_WALK0);
      000EEA DD 7E FF         [19] 2769 	ld	a, -1 (ix)
      000EED DD B6 FE         [19] 2770 	or	a, -2 (ix)
      000EF0 28 0A            [12] 2771 	jr	Z, 00118$
      000EF2 DD 36 FE 07      [19] 2772 	ld	-2 (ix), #0x07
      000EF6 DD 36 FF 01      [19] 2773 	ld	-1 (ix), #0x01
      000EFA 18 22            [12] 2774 	jr	00109$
      000EFC                       2775 00118$:
      000EFC DD 36 FE 06      [19] 2776 	ld	-2 (ix), #0x06
      000F00 DD 36 FF 01      [19] 2777 	ld	-1 (ix), #0x01
      000F04 18 18            [12] 2778 	jr	00109$
      000F06                       2779 00105$:
                                   2780 ;pocket_platformer.c:658: tile = player.facing_left ? VRAM_SPR_PLAYER_IDLE_L : VRAM_SPR_PLAYER_IDLE;
      000F06 DD 7E F9         [19] 2781 	ld	a, -7 (ix)
      000F09 B7               [ 4] 2782 	or	a, a
      000F0A 28 0A            [12] 2783 	jr	Z, 00120$
      000F0C DD 36 FE 10      [19] 2784 	ld	-2 (ix), #0x10
      000F10 DD 36 FF 01      [19] 2785 	ld	-1 (ix), #0x01
      000F14 18 08            [12] 2786 	jr	00121$
      000F16                       2787 00120$:
      000F16 DD 36 FE 05      [19] 2788 	ld	-2 (ix), #0x05
      000F1A DD 36 FF 01      [19] 2789 	ld	-1 (ix), #0x01
      000F1E                       2790 00121$:
      000F1E                       2791 00109$:
                                   2792 ;pocket_platformer.c:659: SMS_addSprite((unsigned char)sx, (unsigned char)sy, (unsigned char)tile);
      000F1E DD 46 FA         [19] 2793 	ld	b, -6 (ix)
      000F21 0E 00            [ 7] 2794 	ld	c, #0x00
      000F23 DD 7E FE         [19] 2795 	ld	a, -2 (ix)
      000F26 16 00            [ 7] 2796 	ld	d, #0x00
      000F28 B1               [ 4] 2797 	or	a, c
      000F29 5F               [ 4] 2798 	ld	e, a
      000F2A 7A               [ 4] 2799 	ld	a, d
      000F2B B0               [ 4] 2800 	or	a, b
      000F2C 57               [ 4] 2801 	ld	d, a
      000F2D DD 6E FC         [19] 2802 	ld	l, -4 (ix)
                                   2803 ;	spillPairReg hl
                                   2804 ;	spillPairReg hl
      000F30 26 00            [ 7] 2805 	ld	h, #0x00
                                   2806 ;	spillPairReg hl
                                   2807 ;	spillPairReg hl
      000F32 CDr00r00         [17] 2808 	call	_SMS_addSprite_f
      000F35                       2809 00110$:
                                   2810 ;pocket_platformer.c:660: }
      000F35 DD F9            [10] 2811 	ld	sp, ix
      000F37 DD E1            [14] 2812 	pop	ix
      000F39 C9               [10] 2813 	ret
                                   2814 ;pocket_platformer.c:670: static unsigned char *get_npc_table(void) {
                                   2815 ;	---------------------------------
                                   2816 ; Function get_npc_table
                                   2817 ; ---------------------------------
      000F3A                       2818 _get_npc_table:
      000F3A DD E5            [15] 2819 	push	ix
      000F3C DD 21 00 00      [14] 2820 	ld	ix,#0
      000F40 DD 39            [15] 2821 	add	ix,sp
      000F42 21 F7 FF         [10] 2822 	ld	hl, #-9
      000F45 39               [11] 2823 	add	hl, sp
      000F46 F9               [ 6] 2824 	ld	sp, hl
                                   2825 ;pocket_platformer.c:671: level_header *lh = res_levels;
      000F47 2Ar0Ar00         [16] 2826 	ld	hl, (_res_levels)
      000F4A DD 75 FD         [19] 2827 	ld	-3 (ix), l
      000F4D DD 74 FE         [19] 2828 	ld	-2 (ix), h
                                   2829 ;pocket_platformer.c:673: for (i = 0; i < res_header->level_count; i++) {
      000F50 DD 36 FF 00      [19] 2830 	ld	-1 (ix), #0x00
      000F54                       2831 00103$:
      000F54 2Ar00r00         [16] 2832 	ld	hl, (_res_header)
      000F57 11 04 00         [10] 2833 	ld	de, #0x0004
      000F5A 19               [11] 2834 	add	hl, de
      000F5B 4E               [ 7] 2835 	ld	c, (hl)
                                   2836 ;pocket_platformer.c:677: lh = (level_header *)((unsigned char *)lh + sz);
      000F5C DD 7E FD         [19] 2837 	ld	a, -3 (ix)
      000F5F DD 77 F7         [19] 2838 	ld	-9 (ix), a
      000F62 DD 7E FE         [19] 2839 	ld	a, -2 (ix)
      000F65 DD 77 F8         [19] 2840 	ld	-8 (ix), a
                                   2841 ;pocket_platformer.c:673: for (i = 0; i < res_header->level_count; i++) {
      000F68 DD 7E FF         [19] 2842 	ld	a, -1 (ix)
      000F6B 91               [ 4] 2843 	sub	a, c
      000F6C 30 78            [12] 2844 	jr	NC, 00101$
                                   2845 ;pocket_platformer.c:674: unsigned int sz = sizeof(level_header)
      000F6E DD 6E FD         [19] 2846 	ld	l, -3 (ix)
      000F71 DD 66 FE         [19] 2847 	ld	h, -2 (ix)
      000F74 4E               [ 7] 2848 	ld	c, (hl)
      000F75 06 00            [ 7] 2849 	ld	b, #0x00
      000F77 DD 6E FD         [19] 2850 	ld	l, -3 (ix)
                                   2851 ;	spillPairReg hl
                                   2852 ;	spillPairReg hl
      000F7A DD 66 FE         [19] 2853 	ld	h, -2 (ix)
                                   2854 ;	spillPairReg hl
                                   2855 ;	spillPairReg hl
      000F7D 23               [ 6] 2856 	inc	hl
      000F7E 5E               [ 7] 2857 	ld	e, (hl)
      000F7F 16 00            [ 7] 2858 	ld	d, #0x00
      000F81 69               [ 4] 2859 	ld	l, c
                                   2860 ;	spillPairReg hl
                                   2861 ;	spillPairReg hl
      000F82 60               [ 4] 2862 	ld	h, b
                                   2863 ;	spillPairReg hl
                                   2864 ;	spillPairReg hl
      000F83 CDr00r00         [17] 2865 	call	__mulint
      000F86 21 04 00         [10] 2866 	ld	hl, #0x0004
      000F89 19               [11] 2867 	add	hl, de
      000F8A DD 75 F9         [19] 2868 	ld	-7 (ix), l
      000F8D DD 74 FA         [19] 2869 	ld	-6 (ix), h
      000F90 DD 6E FD         [19] 2870 	ld	l, -3 (ix)
      000F93 DD 66 FE         [19] 2871 	ld	h, -2 (ix)
      000F96 23               [ 6] 2872 	inc	hl
      000F97 23               [ 6] 2873 	inc	hl
      000F98 7E               [ 7] 2874 	ld	a, (hl)
      000F99 DD 77 FE         [19] 2875 	ld	-2 (ix), a
      000F9C DD 77 FD         [19] 2876 	ld	-3 (ix), a
      000F9F DD 36 FE 00      [19] 2877 	ld	-2 (ix), #0x00
      000FA3 4F               [ 4] 2878 	ld	c, a
      000FA4 06 00            [ 7] 2879 	ld	b, #0x00
      000FA6 69               [ 4] 2880 	ld	l, c
      000FA7 60               [ 4] 2881 	ld	h, b
      000FA8 29               [11] 2882 	add	hl, hl
      000FA9 09               [11] 2883 	add	hl, bc
      000FAA DD 75 FB         [19] 2884 	ld	-5 (ix), l
      000FAD DD 74 FC         [19] 2885 	ld	-4 (ix), h
      000FB0 DD 7E FB         [19] 2886 	ld	a, -5 (ix)
      000FB3 DD 86 F9         [19] 2887 	add	a, -7 (ix)
      000FB6 DD 77 FD         [19] 2888 	ld	-3 (ix), a
      000FB9 DD 7E FC         [19] 2889 	ld	a, -4 (ix)
      000FBC DD 8E FA         [19] 2890 	adc	a, -6 (ix)
      000FBF DD 77 FE         [19] 2891 	ld	-2 (ix), a
      000FC2 DD 7E FD         [19] 2892 	ld	a, -3 (ix)
      000FC5 DD 77 FA         [19] 2893 	ld	-6 (ix), a
      000FC8 DD 7E FE         [19] 2894 	ld	a, -2 (ix)
      000FCB DD 77 FB         [19] 2895 	ld	-5 (ix), a
                                   2896 ;pocket_platformer.c:677: lh = (level_header *)((unsigned char *)lh + sz);
      000FCE DD 7E FA         [19] 2897 	ld	a, -6 (ix)
      000FD1 DD 86 F7         [19] 2898 	add	a, -9 (ix)
      000FD4 DD 77 FD         [19] 2899 	ld	-3 (ix), a
      000FD7 DD 7E FB         [19] 2900 	ld	a, -5 (ix)
      000FDA DD 8E F8         [19] 2901 	adc	a, -8 (ix)
      000FDD DD 77 FE         [19] 2902 	ld	-2 (ix), a
                                   2903 ;pocket_platformer.c:673: for (i = 0; i < res_header->level_count; i++) {
      000FE0 DD 34 FF         [23] 2904 	inc	-1 (ix)
      000FE3 C3r54r0F         [10] 2905 	jp	00103$
      000FE6                       2906 00101$:
                                   2907 ;pocket_platformer.c:679: return (unsigned char *)lh;
      000FE6 D1               [10] 2908 	pop	de
      000FE7 D5               [11] 2909 	push	de
                                   2910 ;pocket_platformer.c:680: }
      000FE8 DD F9            [10] 2911 	ld	sp, ix
      000FEA DD E1            [14] 2912 	pop	ix
      000FEC C9               [10] 2913 	ret
                                   2914 ;pocket_platformer.c:683: static void load_npc_dialogue(unsigned char level_n, unsigned char npc_idx) {
                                   2915 ;	---------------------------------
                                   2916 ; Function load_npc_dialogue
                                   2917 ; ---------------------------------
      000FED                       2918 _load_npc_dialogue:
      000FED DD E5            [15] 2919 	push	ix
      000FEF DD 21 00 00      [14] 2920 	ld	ix,#0
      000FF3 DD 39            [15] 2921 	add	ix,sp
      000FF5 FD 21 F6 FF      [14] 2922 	ld	iy, #-10
      000FF9 FD 39            [15] 2923 	add	iy, sp
      000FFB FD F9            [10] 2924 	ld	sp, iy
      000FFD DD 77 FC         [19] 2925 	ld	-4 (ix), a
      001000 DD 75 FB         [19] 2926 	ld	-5 (ix), l
                                   2927 ;pocket_platformer.c:684: unsigned char *p = get_npc_table();
      001003 CDr3Ar0F         [17] 2928 	call	_get_npc_table
                                   2929 ;pocket_platformer.c:687: for (li = 0; li < level_n; li++) {
      001006 DD 36 FD 00      [19] 2930 	ld	-3 (ix), #0x00
      00100A                       2931 00119$:
                                   2932 ;pocket_platformer.c:688: unsigned char cnt = *p++;
      00100A 4B               [ 4] 2933 	ld	c, e
      00100B 42               [ 4] 2934 	ld	b, d
      00100C 03               [ 6] 2935 	inc	bc
      00100D 1A               [ 7] 2936 	ld	a, (de)
      00100E DD 77 FF         [19] 2937 	ld	-1 (ix), a
                                   2938 ;pocket_platformer.c:687: for (li = 0; li < level_n; li++) {
      001011 DD 7E FD         [19] 2939 	ld	a, -3 (ix)
      001014 DD 96 FC         [19] 2940 	sub	a, -4 (ix)
      001017 30 4D            [12] 2941 	jr	NC, 00103$
                                   2942 ;pocket_platformer.c:688: unsigned char cnt = *p++;
      001019 59               [ 4] 2943 	ld	e, c
      00101A 50               [ 4] 2944 	ld	d, b
      00101B DD 7E FF         [19] 2945 	ld	a, -1 (ix)
      00101E DD 77 F6         [19] 2946 	ld	-10 (ix), a
                                   2947 ;pocket_platformer.c:689: for (ni = 0; ni < cnt; ni++) {
      001021 DD 36 FE 00      [19] 2948 	ld	-2 (ix), #0x00
      001025                       2949 00116$:
      001025 DD 7E FE         [19] 2950 	ld	a, -2 (ix)
      001028 DD 96 F6         [19] 2951 	sub	a, -10 (ix)
      00102B 30 34            [12] 2952 	jr	NC, 00120$
                                   2953 ;pocket_platformer.c:691: p++;            /* play_automatically */
      00102D 13               [ 6] 2954 	inc	de
                                   2955 ;pocket_platformer.c:692: lines = *p++;
      00102E 1A               [ 7] 2956 	ld	a, (de)
      00102F DD 77 F7         [19] 2957 	ld	-9 (ix), a
      001032 13               [ 6] 2958 	inc	de
                                   2959 ;pocket_platformer.c:693: for (ll = 0; ll < lines; ll++) {
      001033 DD 36 FF 00      [19] 2960 	ld	-1 (ix), #0x00
      001037                       2961 00113$:
      001037 DD 7E FF         [19] 2962 	ld	a, -1 (ix)
      00103A DD 96 F7         [19] 2963 	sub	a, -9 (ix)
      00103D 30 1D            [12] 2964 	jr	NC, 00117$
                                   2965 ;pocket_platformer.c:694: unsigned char ln = *p++;
      00103F 1A               [ 7] 2966 	ld	a, (de)
      001040 DD 77 F8         [19] 2967 	ld	-8 (ix), a
      001043 13               [ 6] 2968 	inc	de
      001044 DD 73 F9         [19] 2969 	ld	-7 (ix), e
      001047 DD 72 FA         [19] 2970 	ld	-6 (ix), d
                                   2971 ;pocket_platformer.c:695: p += ln;
      00104A DD 7E F9         [19] 2972 	ld	a, -7 (ix)
      00104D DD 86 F8         [19] 2973 	add	a, -8 (ix)
      001050 5F               [ 4] 2974 	ld	e, a
      001051 DD 7E FA         [19] 2975 	ld	a, -6 (ix)
      001054 CE 00            [ 7] 2976 	adc	a, #0x00
      001056 57               [ 4] 2977 	ld	d, a
                                   2978 ;pocket_platformer.c:693: for (ll = 0; ll < lines; ll++) {
      001057 DD 34 FF         [23] 2979 	inc	-1 (ix)
      00105A 18 DB            [12] 2980 	jr	00113$
      00105C                       2981 00117$:
                                   2982 ;pocket_platformer.c:689: for (ni = 0; ni < cnt; ni++) {
      00105C DD 34 FE         [23] 2983 	inc	-2 (ix)
      00105F 18 C4            [12] 2984 	jr	00116$
      001061                       2985 00120$:
                                   2986 ;pocket_platformer.c:687: for (li = 0; li < level_n; li++) {
      001061 DD 34 FD         [23] 2987 	inc	-3 (ix)
      001064 18 A4            [12] 2988 	jr	00119$
      001066                       2989 00103$:
                                   2990 ;pocket_platformer.c:701: unsigned char cnt = *p++;
      001066 59               [ 4] 2991 	ld	e, c
      001067 50               [ 4] 2992 	ld	d, b
      001068 DD 7E FF         [19] 2993 	ld	a, -1 (ix)
      00106B DD 77 F8         [19] 2994 	ld	-8 (ix), a
                                   2995 ;pocket_platformer.c:702: for (ni = 0; ni < cnt && ni < npc_idx; ni++) {
      00106E 0E 00            [ 7] 2996 	ld	c, #0x00
      001070                       2997 00126$:
                                   2998 ;pocket_platformer.c:688: unsigned char cnt = *p++;
      001070 13               [ 6] 2999 	inc	de
      001071 DD 73 FE         [19] 3000 	ld	-2 (ix), e
      001074 DD 72 FF         [19] 3001 	ld	-1 (ix), d
                                   3002 ;pocket_platformer.c:702: for (ni = 0; ni < cnt && ni < npc_idx; ni++) {
      001077 79               [ 4] 3003 	ld	a, c
      001078 DD 96 F8         [19] 3004 	sub	a, -8 (ix)
      00107B 30 3D            [12] 3005 	jr	NC, 00105$
      00107D 79               [ 4] 3006 	ld	a, c
      00107E DD 96 FB         [19] 3007 	sub	a, -5 (ix)
      001081 30 37            [12] 3008 	jr	NC, 00105$
                                   3009 ;pocket_platformer.c:704: p++;
      001083 DD 5E FE         [19] 3010 	ld	e, -2 (ix)
      001086 DD 56 FF         [19] 3011 	ld	d, -1 (ix)
                                   3012 ;pocket_platformer.c:705: lines = *p++;
      001089 1A               [ 7] 3013 	ld	a, (de)
      00108A DD 77 F9         [19] 3014 	ld	-7 (ix), a
      00108D 13               [ 6] 3015 	inc	de
                                   3016 ;pocket_platformer.c:706: for (ll = 0; ll < lines; ll++) {
      00108E DD 36 FF 00      [19] 3017 	ld	-1 (ix), #0x00
      001092                       3018 00122$:
      001092 DD 7E FF         [19] 3019 	ld	a, -1 (ix)
      001095 DD 96 F9         [19] 3020 	sub	a, -7 (ix)
      001098 30 1D            [12] 3021 	jr	NC, 00127$
                                   3022 ;pocket_platformer.c:707: unsigned char ln = *p++;
      00109A 1A               [ 7] 3023 	ld	a, (de)
      00109B DD 77 FA         [19] 3024 	ld	-6 (ix), a
      00109E 13               [ 6] 3025 	inc	de
      00109F DD 73 FD         [19] 3026 	ld	-3 (ix), e
      0010A2 DD 72 FE         [19] 3027 	ld	-2 (ix), d
                                   3028 ;pocket_platformer.c:708: p += ln;
      0010A5 DD 7E FD         [19] 3029 	ld	a, -3 (ix)
      0010A8 DD 86 FA         [19] 3030 	add	a, -6 (ix)
      0010AB 5F               [ 4] 3031 	ld	e, a
      0010AC DD 7E FE         [19] 3032 	ld	a, -2 (ix)
      0010AF CE 00            [ 7] 3033 	adc	a, #0x00
      0010B1 57               [ 4] 3034 	ld	d, a
                                   3035 ;pocket_platformer.c:706: for (ll = 0; ll < lines; ll++) {
      0010B2 DD 34 FF         [23] 3036 	inc	-1 (ix)
      0010B5 18 DB            [12] 3037 	jr	00122$
      0010B7                       3038 00127$:
                                   3039 ;pocket_platformer.c:702: for (ni = 0; ni < cnt && ni < npc_idx; ni++) {
      0010B7 0C               [ 4] 3040 	inc	c
      0010B8 18 B6            [12] 3041 	jr	00126$
      0010BA                       3042 00105$:
                                   3043 ;pocket_platformer.c:713: p++; /* skip play_automatically (already used to decide when to trigger) */
      0010BA DD 5E FE         [19] 3044 	ld	e, -2 (ix)
      0010BD DD 56 FF         [19] 3045 	ld	d, -1 (ix)
                                   3046 ;pocket_platformer.c:715: unsigned char line_count = *p++;
      0010C0 1A               [ 7] 3047 	ld	a, (de)
      0010C1 4F               [ 4] 3048 	ld	c, a
      0010C2 13               [ 6] 3049 	inc	de
                                   3050 ;pocket_platformer.c:717: if (line_count > DIALOGUE_MAX_LINES) line_count = DIALOGUE_MAX_LINES;
      0010C3 3E 20            [ 7] 3051 	ld	a, #0x20
      0010C5 91               [ 4] 3052 	sub	a, c
      0010C6 30 02            [12] 3053 	jr	NC, 00107$
      0010C8 0E 20            [ 7] 3054 	ld	c, #0x20
      0010CA                       3055 00107$:
                                   3056 ;pocket_platformer.c:718: dialogue_total = line_count;
      0010CA 21rB4r00         [10] 3057 	ld	hl, #_dialogue_total
      0010CD 71               [ 7] 3058 	ld	(hl), c
                                   3059 ;pocket_platformer.c:719: for (ll = 0; ll < line_count; ll++) {
      0010CE 06 00            [ 7] 3060 	ld	b, #0x00
      0010D0                       3061 00132$:
      0010D0 78               [ 4] 3062 	ld	a, b
      0010D1 91               [ 4] 3063 	sub	a, c
      0010D2 30 6E            [12] 3064 	jr	NC, 00134$
                                   3065 ;pocket_platformer.c:720: unsigned char ln = *p++;
      0010D4 1A               [ 7] 3066 	ld	a, (de)
      0010D5 DD 77 F8         [19] 3067 	ld	-8 (ix), a
      0010D8 13               [ 6] 3068 	inc	de
                                   3069 ;pocket_platformer.c:722: if (ln > DIALOGUE_TEXT_W) ln = DIALOGUE_TEXT_W;
      0010D9 3E 1C            [ 7] 3070 	ld	a, #0x1c
      0010DB DD 96 F8         [19] 3071 	sub	a, -8 (ix)
      0010DE 30 04            [12] 3072 	jr	NC, 00154$
      0010E0 DD 36 F8 1C      [19] 3073 	ld	-8 (ix), #0x1c
                                   3074 ;pocket_platformer.c:723: for (cc = 0; cc < ln; cc++)
      0010E4                       3075 00154$:
      0010E4 D5               [11] 3076 	push	de
      0010E5 58               [ 4] 3077 	ld	e, b
      0010E6 16 00            [ 7] 3078 	ld	d, #0x00
      0010E8 6B               [ 4] 3079 	ld	l, e
      0010E9 62               [ 4] 3080 	ld	h, d
      0010EA 29               [11] 3081 	add	hl, hl
      0010EB 19               [11] 3082 	add	hl, de
      0010EC 29               [11] 3083 	add	hl, hl
      0010ED 19               [11] 3084 	add	hl, de
      0010EE 29               [11] 3085 	add	hl, hl
      0010EF 29               [11] 3086 	add	hl, hl
      0010F0 19               [11] 3087 	add	hl, de
      0010F1 D1               [10] 3088 	pop	de
      0010F2 DD 75 F9         [19] 3089 	ld	-7 (ix), l
      0010F5 DD 74 FA         [19] 3090 	ld	-6 (ix), h
      0010F8 3ErB5            [ 7] 3091 	ld	a, #<(_dialogue_buf)
      0010FA DD 86 F9         [19] 3092 	add	a, -7 (ix)
      0010FD DD 77 FD         [19] 3093 	ld	-3 (ix), a
      001100 3Es00            [ 7] 3094 	ld	a, #>(_dialogue_buf)
      001102 DD 8E FA         [19] 3095 	adc	a, -6 (ix)
      001105 DD 77 FE         [19] 3096 	ld	-2 (ix), a
      001108 DD 36 FF 00      [19] 3097 	ld	-1 (ix), #0x00
      00110C                       3098 00129$:
      00110C DD 7E FF         [19] 3099 	ld	a, -1 (ix)
      00110F DD 96 F8         [19] 3100 	sub	a, -8 (ix)
      001112 30 15            [12] 3101 	jr	NC, 00159$
                                   3102 ;pocket_platformer.c:724: dialogue_buf[ll][cc] = *p++;
      001114 DD 7E FD         [19] 3103 	ld	a, -3 (ix)
      001117 DD 86 FF         [19] 3104 	add	a, -1 (ix)
      00111A 6F               [ 4] 3105 	ld	l, a
                                   3106 ;	spillPairReg hl
                                   3107 ;	spillPairReg hl
      00111B DD 7E FE         [19] 3108 	ld	a, -2 (ix)
      00111E CE 00            [ 7] 3109 	adc	a, #0x00
      001120 67               [ 4] 3110 	ld	h, a
                                   3111 ;	spillPairReg hl
                                   3112 ;	spillPairReg hl
      001121 1A               [ 7] 3113 	ld	a, (de)
      001122 13               [ 6] 3114 	inc	de
      001123 77               [ 7] 3115 	ld	(hl), a
                                   3116 ;pocket_platformer.c:723: for (cc = 0; cc < ln; cc++)
      001124 DD 34 FF         [23] 3117 	inc	-1 (ix)
      001127 18 E3            [12] 3118 	jr	00129$
      001129                       3119 00159$:
                                   3120 ;pocket_platformer.c:725: dialogue_buf[ll][ln] = '\0';
      001129 DD 7E F9         [19] 3121 	ld	a, -7 (ix)
      00112C C6rB5            [ 7] 3122 	add	a, #<(_dialogue_buf)
      00112E 6F               [ 4] 3123 	ld	l, a
                                   3124 ;	spillPairReg hl
                                   3125 ;	spillPairReg hl
      00112F DD 7E FA         [19] 3126 	ld	a, -6 (ix)
      001132 CEs00            [ 7] 3127 	adc	a, #>(_dialogue_buf)
      001134 67               [ 4] 3128 	ld	h, a
                                   3129 ;	spillPairReg hl
                                   3130 ;	spillPairReg hl
      001135 7D               [ 4] 3131 	ld	a, l
      001136 DD 86 F8         [19] 3132 	add	a, -8 (ix)
      001139 6F               [ 4] 3133 	ld	l, a
                                   3134 ;	spillPairReg hl
                                   3135 ;	spillPairReg hl
      00113A 30 01            [12] 3136 	jr	NC, 00251$
      00113C 24               [ 4] 3137 	inc	h
      00113D                       3138 00251$:
      00113D 36 00            [10] 3139 	ld	(hl), #0x00
                                   3140 ;pocket_platformer.c:719: for (ll = 0; ll < line_count; ll++) {
      00113F 04               [ 4] 3141 	inc	b
      001140 18 8E            [12] 3142 	jr	00132$
      001142                       3143 00134$:
                                   3144 ;pocket_platformer.c:729: }
      001142 DD F9            [10] 3145 	ld	sp, ix
      001144 DD E1            [14] 3146 	pop	ix
      001146 C9               [10] 3147 	ret
                                   3148 ;pocket_platformer.c:732: static void save_dialogue_rows(void) {
                                   3149 ;	---------------------------------
                                   3150 ; Function save_dialogue_rows
                                   3151 ; ---------------------------------
      001147                       3152 _save_dialogue_rows:
                                   3153 ;pocket_platformer.c:735: unsigned int idx = 0;
      001147 01 00 00         [10] 3154 	ld	bc, #0x0000
                                   3155 ;pocket_platformer.c:736: for (row = DIALOGUE_BOX_ROW; row < DIALOGUE_BOX_ROW + DIALOGUE_ROWS; row++) {
      00114A 1E 12            [ 7] 3156 	ld	e, #0x12
                                   3157 ;pocket_platformer.c:737: for (col = 0; col < 32; col++) {
      00114C                       3158 00110$:
      00114C 16 20            [ 7] 3159 	ld	d, #0x20
      00114E                       3160 00105$:
                                   3161 ;pocket_platformer.c:740: saved_nametable[idx++] = 0; /* can't easily read back; we'll redraw instead */
      00114E 69               [ 4] 3162 	ld	l, c
      00114F 60               [ 4] 3163 	ld	h, b
      001150 29               [11] 3164 	add	hl, hl
      001151 03               [ 6] 3165 	inc	bc
      001152 D5               [11] 3166 	push	de
      001153 11r55r04         [10] 3167 	ld	de, #_saved_nametable
      001156 19               [11] 3168 	add	hl, de
      001157 D1               [10] 3169 	pop	de
      001158 AF               [ 4] 3170 	xor	a, a
      001159 77               [ 7] 3171 	ld	(hl), a
      00115A 23               [ 6] 3172 	inc	hl
      00115B 77               [ 7] 3173 	ld	(hl), a
                                   3174 ;pocket_platformer.c:737: for (col = 0; col < 32; col++) {
      00115C 15               [ 4] 3175 	dec	d
      00115D 20 EF            [12] 3176 	jr	NZ, 00105$
                                   3177 ;pocket_platformer.c:736: for (row = DIALOGUE_BOX_ROW; row < DIALOGUE_BOX_ROW + DIALOGUE_ROWS; row++) {
      00115F 1C               [ 4] 3178 	inc	e
      001160 7B               [ 4] 3179 	ld	a, e
      001161 D6 17            [ 7] 3180 	sub	a, #0x17
      001163 38 E7            [12] 3181 	jr	C, 00110$
                                   3182 ;pocket_platformer.c:743: }
      001165 C9               [10] 3183 	ret
                                   3184 ;pocket_platformer.c:746: static void restore_dialogue_rows(void) {
                                   3185 ;	---------------------------------
                                   3186 ; Function restore_dialogue_rows
                                   3187 ; ---------------------------------
      001166                       3188 _restore_dialogue_rows:
      001166 DD E5            [15] 3189 	push	ix
      001168 DD 21 00 00      [14] 3190 	ld	ix,#0
      00116C DD 39            [15] 3191 	add	ix,sp
      00116E F5               [11] 3192 	push	af
      00116F 3B               [ 6] 3193 	dec	sp
                                   3194 ;pocket_platformer.c:748: map_res_bank();
      001170 21 FF FF         [10] 3195 	ld	hl, #_ROM_bank_to_be_mapped_on_slot2
      001173 36 02            [10] 3196 	ld	(hl), #0x02
                                   3197 ;pocket_platformer.c:749: for (row = DIALOGUE_BOX_ROW; row < DIALOGUE_BOX_ROW + DIALOGUE_ROWS; row++) {
      001175 0E 12            [ 7] 3198 	ld	c, #0x12
      001177                       3199 00108$:
                                   3200 ;pocket_platformer.c:750: SMS_setNextTileatXY(0, row);
      001177 69               [ 4] 3201 	ld	l, c
                                   3202 ;	spillPairReg hl
                                   3203 ;	spillPairReg hl
      001178 26 00            [ 7] 3204 	ld	h, #0x00
                                   3205 ;	spillPairReg hl
                                   3206 ;	spillPairReg hl
      00117A 29               [11] 3207 	add	hl, hl
      00117B 29               [11] 3208 	add	hl, hl
      00117C 29               [11] 3209 	add	hl, hl
      00117D 29               [11] 3210 	add	hl, hl
      00117E 29               [11] 3211 	add	hl, hl
      00117F 29               [11] 3212 	add	hl, hl
      001180 7C               [ 4] 3213 	ld	a, h
      001181 F6 78            [ 7] 3214 	or	a, #0x78
      001183 67               [ 4] 3215 	ld	h, a
                                   3216 ;	spillPairReg hl
                                   3217 ;	spillPairReg hl
      001184 C5               [11] 3218 	push	bc
      001185 CF               [11] 3219 	rst	#0x08
      001186 C1               [10] 3220 	pop	bc
                                   3221 ;pocket_platformer.c:751: for (col = 0; col < 32; col++) {
      001187 DD 36 FF 00      [19] 3222 	ld	-1 (ix), #0x00
      00118B                       3223 00106$:
                                   3224 ;pocket_platformer.c:752: unsigned char map_x = (unsigned char)(camera_x / TILE_SIZE + col);
      00118B 2Ar2Br00         [16] 3225 	ld	hl, (_camera_x)
      00118E CB 3C            [ 8] 3226 	srl	h
      001190 CB 1D            [ 8] 3227 	rr	l
      001192 CB 3C            [ 8] 3228 	srl	h
      001194 CB 1D            [ 8] 3229 	rr	l
      001196 CB 3C            [ 8] 3230 	srl	h
      001198 CB 1D            [ 8] 3231 	rr	l
      00119A 7D               [ 4] 3232 	ld	a, l
      00119B DD 86 FF         [19] 3233 	add	a, -1 (ix)
      00119E 47               [ 4] 3234 	ld	b, a
                                   3235 ;pocket_platformer.c:754: unsigned char t = get_tile(map_x, map_y);
      00119F C5               [11] 3236 	push	bc
      0011A0 69               [ 4] 3237 	ld	l, c
                                   3238 ;	spillPairReg hl
                                   3239 ;	spillPairReg hl
      0011A1 78               [ 4] 3240 	ld	a, b
      0011A2 CDr2Er01         [17] 3241 	call	_get_tile
      0011A5 C1               [10] 3242 	pop	bc
                                   3243 ;pocket_platformer.c:756: SMS_setTile((unsigned int)(VRAM_BG_BASE + (t & 0x7F) - 1) | TILE_PRIORITY);
      0011A6 DD 77 FD         [19] 3244 	ld	-3 (ix), a
      0011A9 DD 36 FE 00      [19] 3245 	ld	-2 (ix), #0x00
                                   3246 ;pocket_platformer.c:755: if (t & 0x80)
      0011AD CB 7F            [ 8] 3247 	bit	7, a
      0011AF 28 0C            [12] 3248 	jr	Z, 00102$
                                   3249 ;pocket_platformer.c:756: SMS_setTile((unsigned int)(VRAM_BG_BASE + (t & 0x7F) - 1) | TILE_PRIORITY);
      0011B1 DD 6E FD         [19] 3250 	ld	l, -3 (ix)
                                   3251 ;	spillPairReg hl
                                   3252 ;	spillPairReg hl
      0011B4 CB BD            [ 8] 3253 	res	7, l
      0011B6 26 00            [ 7] 3254 	ld	h, #0x00
                                   3255 ;	spillPairReg hl
                                   3256 ;	spillPairReg hl
      0011B8 CB E4            [ 8] 3257 	set	4, h
      0011BA DF               [11] 3258 	rst	#0x18
      0011BB 18 0B            [12] 3259 	jr	00107$
      0011BD                       3260 00102$:
                                   3261 ;pocket_platformer.c:758: SMS_setTile(t ? (unsigned int)(VRAM_BG_BASE + t - 1) : 0u);
      0011BD B7               [ 4] 3262 	or	a, a
      0011BE 28 04            [12] 3263 	jr	Z, 00112$
      0011C0 E1               [10] 3264 	pop	hl
      0011C1 E5               [11] 3265 	push	hl
      0011C2 18 03            [12] 3266 	jr	00113$
      0011C4                       3267 00112$:
      0011C4 21 00 00         [10] 3268 	ld	hl, #0x0000
      0011C7                       3269 00113$:
      0011C7 DF               [11] 3270 	rst	#0x18
      0011C8                       3271 00107$:
                                   3272 ;pocket_platformer.c:751: for (col = 0; col < 32; col++) {
      0011C8 DD 34 FF         [23] 3273 	inc	-1 (ix)
      0011CB DD 7E FF         [19] 3274 	ld	a, -1 (ix)
      0011CE D6 20            [ 7] 3275 	sub	a, #0x20
      0011D0 38 B9            [12] 3276 	jr	C, 00106$
                                   3277 ;pocket_platformer.c:749: for (row = DIALOGUE_BOX_ROW; row < DIALOGUE_BOX_ROW + DIALOGUE_ROWS; row++) {
      0011D2 0C               [ 4] 3278 	inc	c
      0011D3 79               [ 4] 3279 	ld	a, c
      0011D4 D6 17            [ 7] 3280 	sub	a, #0x17
      0011D6 38 9F            [12] 3281 	jr	C, 00108$
                                   3282 ;pocket_platformer.c:761: }
      0011D8 DD F9            [10] 3283 	ld	sp, ix
      0011DA DD E1            [14] 3284 	pop	ix
      0011DC C9               [10] 3285 	ret
                                   3286 ;pocket_platformer.c:764: static void draw_dialogue_box(void) {
                                   3287 ;	---------------------------------
                                   3288 ; Function draw_dialogue_box
                                   3289 ; ---------------------------------
      0011DD                       3290 _draw_dialogue_box:
                                   3291 ;pocket_platformer.c:769: for (unsigned char row = DIALOGUE_BOX_ROW; row < DIALOGUE_BOX_ROW + DIALOGUE_ROWS; row++) {
      0011DD 06 12            [ 7] 3292 	ld	b, #0x12
      0011DF                       3293 00106$:
      0011DF 78               [ 4] 3294 	ld	a, b
      0011E0 D6 17            [ 7] 3295 	sub	a, #0x17
      0011E2 D0               [11] 3296 	ret	NC
                                   3297 ;pocket_platformer.c:770: SMS_setNextTileatXY(0, row);
      0011E3 68               [ 4] 3298 	ld	l, b
                                   3299 ;	spillPairReg hl
                                   3300 ;	spillPairReg hl
      0011E4 26 00            [ 7] 3301 	ld	h, #0x00
                                   3302 ;	spillPairReg hl
                                   3303 ;	spillPairReg hl
      0011E6 29               [11] 3304 	add	hl, hl
      0011E7 29               [11] 3305 	add	hl, hl
      0011E8 29               [11] 3306 	add	hl, hl
      0011E9 29               [11] 3307 	add	hl, hl
      0011EA 29               [11] 3308 	add	hl, hl
      0011EB 29               [11] 3309 	add	hl, hl
      0011EC 7C               [ 4] 3310 	ld	a, h
      0011ED F6 78            [ 7] 3311 	or	a, #0x78
      0011EF 67               [ 4] 3312 	ld	h, a
                                   3313 ;	spillPairReg hl
                                   3314 ;	spillPairReg hl
      0011F0 CF               [11] 3315 	rst	#0x08
                                   3316 ;pocket_platformer.c:771: for (col = 0; col < 32; col++) SMS_setTile(blank);
      0011F1 0E 00            [ 7] 3317 	ld	c, #0x00
      0011F3                       3318 00103$:
      0011F3 21 00 00         [10] 3319 	ld	hl, #0x0000
      0011F6 DF               [11] 3320 	rst	#0x18
      0011F7 0C               [ 4] 3321 	inc	c
      0011F8 79               [ 4] 3322 	ld	a, c
      0011F9 D6 20            [ 7] 3323 	sub	a, #0x20
      0011FB 38 F6            [12] 3324 	jr	C, 00103$
                                   3325 ;pocket_platformer.c:769: for (unsigned char row = DIALOGUE_BOX_ROW; row < DIALOGUE_BOX_ROW + DIALOGUE_ROWS; row++) {
      0011FD 04               [ 4] 3326 	inc	b
                                   3327 ;pocket_platformer.c:773: }
      0011FE 18 DF            [12] 3328 	jr	00106$
                                   3329 ;pocket_platformer.c:776: static void open_dialogue(unsigned char level_n, unsigned char npc_idx) {
                                   3330 ;	---------------------------------
                                   3331 ; Function open_dialogue
                                   3332 ; ---------------------------------
      001200                       3333 _open_dialogue:
      001200 4F               [ 4] 3334 	ld	c, a
                                   3335 ;pocket_platformer.c:777: map_res_bank();
      001201 3E 02            [ 7] 3336 	ld	a, #0x02
      001203 32 FF FF         [13] 3337 	ld	(#_ROM_bank_to_be_mapped_on_slot2), a
                                   3338 ;pocket_platformer.c:778: load_npc_dialogue(level_n, npc_idx);
      001206 79               [ 4] 3339 	ld	a, c
      001207 CDrEDr0F         [17] 3340 	call	_load_npc_dialogue
                                   3341 ;pocket_platformer.c:779: dialogue_active = 1;
      00120A 21rB2r00         [10] 3342 	ld	hl, #_dialogue_active
      00120D 36 01            [10] 3343 	ld	(hl), #0x01
                                   3344 ;pocket_platformer.c:780: dialogue_line   = 0;
      00120F 21rB3r00         [10] 3345 	ld	hl, #_dialogue_line
      001212 36 00            [10] 3346 	ld	(hl), #0x00
                                   3347 ;pocket_platformer.c:781: dialogue_btn_prev = 0xFF; /* force release required first */
      001214 21r95r05         [10] 3348 	ld	hl, #_dialogue_btn_prev
      001217 36 FF            [10] 3349 	ld	(hl), #0xff
                                   3350 ;pocket_platformer.c:784: SMS_setBGPaletteColor(1, 0x3F);
      001219 2E 3F            [ 7] 3351 	ld	l, #0x3f
                                   3352 ;	spillPairReg hl
                                   3353 ;	spillPairReg hl
      00121B 3E 01            [ 7] 3354 	ld	a, #0x01
      00121D CDr00r00         [17] 3355 	call	_SMS_setBGPaletteColor
                                   3356 ;pocket_platformer.c:785: draw_dialogue_box();
      001220 CDrDDr11         [17] 3357 	call	_draw_dialogue_box
                                   3358 ;pocket_platformer.c:786: render_dialogue();
                                   3359 ;pocket_platformer.c:787: }
      001223 C3r26r12         [10] 3360 	jp	_render_dialogue
                                   3361 ;pocket_platformer.c:790: static void render_dialogue(void) {
                                   3362 ;	---------------------------------
                                   3363 ; Function render_dialogue
                                   3364 ; ---------------------------------
      001226                       3365 _render_dialogue:
                                   3366 ;pocket_platformer.c:793: for (l = 0; l < 3; l++) {
      001226 0E 00            [ 7] 3367 	ld	c, #0x00
      001228                       3368 00120$:
                                   3369 ;pocket_platformer.c:794: unsigned char row = DIALOGUE_BOX_ROW + 1 + l;
      001228 79               [ 4] 3370 	ld	a, c
      001229 C6 13            [ 7] 3371 	add	a, #0x13
                                   3372 ;pocket_platformer.c:795: SMS_setNextTileatXY(0, row);
      00122B 26 00            [ 7] 3373 	ld	h, #0x00
                                   3374 ;	spillPairReg hl
                                   3375 ;	spillPairReg hl
      00122D 6F               [ 4] 3376 	ld	l, a
      00122E 29               [11] 3377 	add	hl, hl
      00122F 29               [11] 3378 	add	hl, hl
      001230 29               [11] 3379 	add	hl, hl
      001231 29               [11] 3380 	add	hl, hl
      001232 29               [11] 3381 	add	hl, hl
      001233 29               [11] 3382 	add	hl, hl
      001234 7C               [ 4] 3383 	ld	a, h
      001235 F6 78            [ 7] 3384 	or	a, #0x78
      001237 67               [ 4] 3385 	ld	h, a
                                   3386 ;	spillPairReg hl
                                   3387 ;	spillPairReg hl
      001238 C5               [11] 3388 	push	bc
      001239 CF               [11] 3389 	rst	#0x08
      00123A C1               [10] 3390 	pop	bc
                                   3391 ;pocket_platformer.c:797: for (c = 0; c < 32; c++) SMS_setTile(0);
      00123B 06 00            [ 7] 3392 	ld	b, #0x00
      00123D                       3393 00118$:
      00123D 21 00 00         [10] 3394 	ld	hl, #0x0000
      001240 DF               [11] 3395 	rst	#0x18
      001241 04               [ 4] 3396 	inc	b
      001242 78               [ 4] 3397 	ld	a, b
      001243 D6 20            [ 7] 3398 	sub	a, #0x20
      001245 38 F6            [12] 3399 	jr	C, 00118$
                                   3400 ;pocket_platformer.c:793: for (l = 0; l < 3; l++) {
      001247 0C               [ 4] 3401 	inc	c
      001248 79               [ 4] 3402 	ld	a, c
      001249 D6 03            [ 7] 3403 	sub	a, #0x03
      00124B 38 DB            [12] 3404 	jr	C, 00120$
                                   3405 ;pocket_platformer.c:800: for (l = 0; l < 2; l++) {
      00124D 1E 00            [ 7] 3406 	ld	e, #0x00
      00124F                       3407 00122$:
                                   3408 ;pocket_platformer.c:801: unsigned char li = dialogue_line + l;
      00124F 21rB3r00         [10] 3409 	ld	hl, #_dialogue_line
      001252 7B               [ 4] 3410 	ld	a, e
      001253 86               [ 7] 3411 	add	a, (hl)
      001254 57               [ 4] 3412 	ld	d, a
                                   3413 ;pocket_platformer.c:802: if (li < dialogue_total)
      001255 21rB4r00         [10] 3414 	ld	hl, #_dialogue_total
      001258 7A               [ 4] 3415 	ld	a, d
      001259 96               [ 7] 3416 	sub	a, (hl)
      00125A 30 29            [12] 3417 	jr	NC, 00123$
                                   3418 ;pocket_platformer.c:803: SMS_printatXY(2, DIALOGUE_BOX_ROW + 1 + l, dialogue_buf[li]);
      00125C 4B               [ 4] 3419 	ld	c, e
      00125D 06 00            [ 7] 3420 	ld	b, #0x00
      00125F 21 13 00         [10] 3421 	ld	hl, #0x0013
      001262 09               [11] 3422 	add	hl, bc
      001263 29               [11] 3423 	add	hl, hl
      001264 29               [11] 3424 	add	hl, hl
      001265 29               [11] 3425 	add	hl, hl
      001266 29               [11] 3426 	add	hl, hl
      001267 29               [11] 3427 	add	hl, hl
      001268 23               [ 6] 3428 	inc	hl
      001269 23               [ 6] 3429 	inc	hl
      00126A 29               [11] 3430 	add	hl, hl
      00126B 7C               [ 4] 3431 	ld	a, h
      00126C F6 78            [ 7] 3432 	or	a, #0x78
      00126E 67               [ 4] 3433 	ld	h, a
                                   3434 ;	spillPairReg hl
                                   3435 ;	spillPairReg hl
      00126F CF               [11] 3436 	rst	#0x08
      001270 4A               [ 4] 3437 	ld	c, d
      001271 06 00            [ 7] 3438 	ld	b, #0x00
      001273 69               [ 4] 3439 	ld	l, c
      001274 60               [ 4] 3440 	ld	h, b
      001275 29               [11] 3441 	add	hl, hl
      001276 09               [11] 3442 	add	hl, bc
      001277 29               [11] 3443 	add	hl, hl
      001278 09               [11] 3444 	add	hl, bc
      001279 29               [11] 3445 	add	hl, hl
      00127A 29               [11] 3446 	add	hl, hl
      00127B 09               [11] 3447 	add	hl, bc
      00127C 01rB5r00         [10] 3448 	ld	bc, #_dialogue_buf
      00127F 09               [11] 3449 	add	hl, bc
      001280 D5               [11] 3450 	push	de
      001281 CDr00r00         [17] 3451 	call	_SMS_print
      001284 D1               [10] 3452 	pop	de
      001285                       3453 00123$:
                                   3454 ;pocket_platformer.c:800: for (l = 0; l < 2; l++) {
      001285 1C               [ 4] 3455 	inc	e
      001286 7B               [ 4] 3456 	ld	a, e
      001287 D6 02            [ 7] 3457 	sub	a, #0x02
      001289 38 C4            [12] 3458 	jr	C, 00122$
                                   3459 ;pocket_platformer.c:806: if (dialogue_line + 2 < dialogue_total)
      00128B 3ArB3r00         [13] 3460 	ld	a, (_dialogue_line+0)
      00128E 06 00            [ 7] 3461 	ld	b, #0x00
      001290 4F               [ 4] 3462 	ld	c, a
      001291 03               [ 6] 3463 	inc	bc
      001292 03               [ 6] 3464 	inc	bc
      001293 3ArB4r00         [13] 3465 	ld	a, (_dialogue_total+0)
      001296 5F               [ 4] 3466 	ld	e, a
      001297 16 00            [ 7] 3467 	ld	d, #0x00
      001299 79               [ 4] 3468 	ld	a, c
      00129A 93               [ 4] 3469 	sub	a, e
      00129B 78               [ 4] 3470 	ld	a, b
      00129C 9A               [ 4] 3471 	sbc	a, d
      00129D E2rA2r12         [10] 3472 	jp	PO, 00169$
      0012A0 EE 80            [ 7] 3473 	xor	a, #0x80
      0012A2                       3474 00169$:
      0012A2 F2rAFr12         [10] 3475 	jp	P, 00112$
                                   3476 ;pocket_platformer.c:807: SMS_printatXY(2, DIALOGUE_BOX_ROW + 3, "1: next page");
      0012A5 21 44 7D         [10] 3477 	ld	hl, #0x7d44
      0012A8 CF               [11] 3478 	rst	#0x08
      0012A9 21rB9r12         [10] 3479 	ld	hl, #___str_0
      0012AC C3r00r00         [10] 3480 	jp	_SMS_print
                                   3481 ;pocket_platformer.c:809: SMS_printatXY(2, DIALOGUE_BOX_ROW + 3, "1: close");
      0012AF                       3482 00112$:
      0012AF 21 44 7D         [10] 3483 	ld	hl, #0x7d44
      0012B2 CF               [11] 3484 	rst	#0x08
      0012B3 21rC6r12         [10] 3485 	ld	hl, #___str_1
                                   3486 ;pocket_platformer.c:810: }
      0012B6 C3r00r00         [10] 3487 	jp	_SMS_print
      0012B9                       3488 ___str_0:
      0012B9 31 3A 20 6E 65 78 74  3489 	.ascii "1: next page"
             20 70 61 67 65
      0012C5 00                    3490 	.db 0x00
      0012C6                       3491 ___str_1:
      0012C6 31 3A 20 63 6C 6F 73  3492 	.ascii "1: close"
             65
      0012CE 00                    3493 	.db 0x00
                                   3494 ;pocket_platformer.c:813: static void close_dialogue(void) {
                                   3495 ;	---------------------------------
                                   3496 ; Function close_dialogue
                                   3497 ; ---------------------------------
      0012CF                       3498 _close_dialogue:
                                   3499 ;pocket_platformer.c:814: dialogue_active = 0;
      0012CF 21rB2r00         [10] 3500 	ld	hl, #_dialogue_active
      0012D2 36 00            [10] 3501 	ld	(hl), #0x00
                                   3502 ;pocket_platformer.c:815: npc_contact_idx = 0xFF;
      0012D4 21r96r05         [10] 3503 	ld	hl, #_npc_contact_idx
      0012D7 36 FF            [10] 3504 	ld	(hl), #0xff
                                   3505 ;pocket_platformer.c:816: restore_dialogue_rows();
      0012D9 CDr66r11         [17] 3506 	call	_restore_dialogue_rows
                                   3507 ;pocket_platformer.c:818: map_res_bank();
      0012DC FD 21 FF FF      [14] 3508 	ld	iy, #_ROM_bank_to_be_mapped_on_slot2
      0012E0 FD 36 00 02      [19] 3509 	ld	0 (iy), #0x02
                                   3510 ;pocket_platformer.c:819: SMS_loadBGPalette(res_palette);
      0012E4 2Ar04r00         [16] 3511 	ld	hl, (_res_palette)
                                   3512 ;pocket_platformer.c:820: }
      0012E7 C3r00r00         [10] 3513 	jp	_SMS_loadBGPalette
                                   3514 ;pocket_platformer.c:829: static unsigned char *get_tp_table(void) {
                                   3515 ;	---------------------------------
                                   3516 ; Function get_tp_table
                                   3517 ; ---------------------------------
      0012EA                       3518 _get_tp_table:
      0012EA DD E5            [15] 3519 	push	ix
      0012EC DD 21 00 00      [14] 3520 	ld	ix,#0
      0012F0 DD 39            [15] 3521 	add	ix,sp
      0012F2 F5               [11] 3522 	push	af
      0012F3 3B               [ 6] 3523 	dec	sp
                                   3524 ;pocket_platformer.c:830: unsigned char *p = get_npc_table();
      0012F4 CDr3Ar0F         [17] 3525 	call	_get_npc_table
                                   3526 ;pocket_platformer.c:833: for (li = 0; li < res_header->level_count; li++) {
      0012F7 0E 00            [ 7] 3527 	ld	c, #0x00
      0012F9                       3528 00111$:
      0012F9 2Ar00r00         [16] 3529 	ld	hl, (_res_header)
      0012FC 23               [ 6] 3530 	inc	hl
      0012FD 23               [ 6] 3531 	inc	hl
      0012FE 23               [ 6] 3532 	inc	hl
      0012FF 23               [ 6] 3533 	inc	hl
      001300 46               [ 7] 3534 	ld	b, (hl)
      001301 79               [ 4] 3535 	ld	a, c
      001302 90               [ 4] 3536 	sub	a, b
      001303 30 32            [12] 3537 	jr	NC, 00103$
                                   3538 ;pocket_platformer.c:834: unsigned char cnt = *p++;
      001305 1A               [ 7] 3539 	ld	a, (de)
      001306 DD 77 FD         [19] 3540 	ld	-3 (ix), a
      001309 13               [ 6] 3541 	inc	de
                                   3542 ;pocket_platformer.c:836: for (ni = 0; ni < cnt; ni++) {
      00130A 06 00            [ 7] 3543 	ld	b, #0x00
      00130C                       3544 00108$:
      00130C 78               [ 4] 3545 	ld	a, b
      00130D DD 96 FD         [19] 3546 	sub	a, -3 (ix)
      001310 30 22            [12] 3547 	jr	NC, 00112$
                                   3548 ;pocket_platformer.c:838: p++; /* play_auto */
      001312 13               [ 6] 3549 	inc	de
                                   3550 ;pocket_platformer.c:839: lines = *p++;
      001313 1A               [ 7] 3551 	ld	a, (de)
      001314 DD 77 FE         [19] 3552 	ld	-2 (ix), a
      001317 13               [ 6] 3553 	inc	de
                                   3554 ;pocket_platformer.c:840: for (ll = 0; ll < lines; ll++) { unsigned char ln = *p++; p += ln; }
      001318 DD 36 FF 00      [19] 3555 	ld	-1 (ix), #0x00
      00131C                       3556 00105$:
      00131C DD 7E FF         [19] 3557 	ld	a, -1 (ix)
      00131F DD 96 FE         [19] 3558 	sub	a, -2 (ix)
      001322 30 0D            [12] 3559 	jr	NC, 00109$
      001324 1A               [ 7] 3560 	ld	a, (de)
      001325 13               [ 6] 3561 	inc	de
      001326 83               [ 4] 3562 	add	a, e
      001327 5F               [ 4] 3563 	ld	e, a
      001328 3E 00            [ 7] 3564 	ld	a, #0x00
      00132A 8A               [ 4] 3565 	adc	a, d
      00132B 57               [ 4] 3566 	ld	d, a
      00132C DD 34 FF         [23] 3567 	inc	-1 (ix)
      00132F 18 EB            [12] 3568 	jr	00105$
      001331                       3569 00109$:
                                   3570 ;pocket_platformer.c:836: for (ni = 0; ni < cnt; ni++) {
      001331 04               [ 4] 3571 	inc	b
      001332 18 D8            [12] 3572 	jr	00108$
      001334                       3573 00112$:
                                   3574 ;pocket_platformer.c:833: for (li = 0; li < res_header->level_count; li++) {
      001334 0C               [ 4] 3575 	inc	c
      001335 18 C2            [12] 3576 	jr	00111$
      001337                       3577 00103$:
                                   3578 ;pocket_platformer.c:843: return p;
                                   3579 ;pocket_platformer.c:844: }
      001337 DD F9            [10] 3580 	ld	sp, ix
      001339 DD E1            [14] 3581 	pop	ix
      00133B C9               [10] 3582 	ret
                                   3583 ;pocket_platformer.c:847: static void load_tp_level(unsigned char level_n) {
                                   3584 ;	---------------------------------
                                   3585 ; Function load_tp_level
                                   3586 ; ---------------------------------
      00133C                       3587 _load_tp_level:
      00133C DD E5            [15] 3588 	push	ix
      00133E DD 21 00 00      [14] 3589 	ld	ix,#0
      001342 DD 39            [15] 3590 	add	ix,sp
      001344 21 EE FF         [10] 3591 	ld	hl, #-18
      001347 39               [11] 3592 	add	hl, sp
      001348 F9               [ 6] 3593 	ld	sp, hl
      001349 DD 77 FB         [19] 3594 	ld	-5 (ix), a
                                   3595 ;pocket_platformer.c:848: unsigned char *p = get_tp_table();
      00134C CDrEAr12         [17] 3596 	call	_get_tp_table
      00134F 4B               [ 4] 3597 	ld	c, e
      001350 42               [ 4] 3598 	ld	b, d
                                   3599 ;pocket_platformer.c:851: for (li = 0; li < level_n; li++) {
      001351 DD 36 FF 00      [19] 3600 	ld	-1 (ix), #0x00
      001355                       3601 00118$:
                                   3602 ;pocket_platformer.c:852: unsigned char cnt = *p++;
      001355 59               [ 4] 3603 	ld	e, c
      001356 50               [ 4] 3604 	ld	d, b
      001357 13               [ 6] 3605 	inc	de
      001358 0A               [ 7] 3606 	ld	a, (bc)
      001359 DD 77 FE         [19] 3607 	ld	-2 (ix), a
                                   3608 ;pocket_platformer.c:851: for (li = 0; li < level_n; li++) {
      00135C DD 7E FF         [19] 3609 	ld	a, -1 (ix)
      00135F DD 96 FB         [19] 3610 	sub	a, -5 (ix)
      001362 30 16            [12] 3611 	jr	NC, 00102$
                                   3612 ;pocket_platformer.c:852: unsigned char cnt = *p++;
      001364 DD 4E FE         [19] 3613 	ld	c, -2 (ix)
                                   3614 ;pocket_platformer.c:854: for (ti = 0; ti < cnt; ti++) { p += 3; } /* size, speed_idx, act_once */
      001367 2E 00            [ 7] 3615 	ld	l, #0x00
                                   3616 ;	spillPairReg hl
                                   3617 ;	spillPairReg hl
      001369                       3618 00115$:
      001369 7D               [ 4] 3619 	ld	a, l
      00136A 91               [ 4] 3620 	sub	a, c
      00136B 30 06            [12] 3621 	jr	NC, 00141$
      00136D 13               [ 6] 3622 	inc	de
      00136E 13               [ 6] 3623 	inc	de
      00136F 13               [ 6] 3624 	inc	de
      001370 2C               [ 4] 3625 	inc	l
      001371 18 F6            [12] 3626 	jr	00115$
      001373                       3627 00141$:
      001373 4B               [ 4] 3628 	ld	c, e
      001374 42               [ 4] 3629 	ld	b, d
                                   3630 ;pocket_platformer.c:851: for (li = 0; li < level_n; li++) {
      001375 DD 34 FF         [23] 3631 	inc	-1 (ix)
      001378 18 DB            [12] 3632 	jr	00118$
      00137A                       3633 00102$:
                                   3634 ;pocket_platformer.c:856: tp_count = *p++;
      00137A DD 7E FE         [19] 3635 	ld	a, -2 (ix)
      00137D 32r69r06         [13] 3636 	ld	(_tp_count+0), a
                                   3637 ;pocket_platformer.c:857: if (tp_count > MAX_TP) tp_count = MAX_TP;
      001380 3E 08            [ 7] 3638 	ld	a, #0x08
      001382 FD 21r69r06      [14] 3639 	ld	iy, #_tp_count
      001386 FD 96 00         [19] 3640 	sub	a, 0 (iy)
      001389 30 04            [12] 3641 	jr	NC, 00140$
      00138B FD 36 00 08      [19] 3642 	ld	0 (iy), #0x08
                                   3643 ;pocket_platformer.c:861: for (i = 0; i < cur_level->obj_count && obj_tp_idx < tp_count; i++) {
      00138F                       3644 00140$:
      00138F DD 73 FC         [19] 3645 	ld	-4 (ix), e
      001392 DD 72 FD         [19] 3646 	ld	-3 (ix), d
      001395 DD 36 FE 00      [19] 3647 	ld	-2 (ix), #0x00
      001399 DD 36 FF 00      [19] 3648 	ld	-1 (ix), #0x00
      00139D                       3649 00122$:
      00139D 2Ar21r08         [16] 3650 	ld	hl, (_cur_level)
      0013A0 23               [ 6] 3651 	inc	hl
      0013A1 23               [ 6] 3652 	inc	hl
      0013A2 DD 7E FF         [19] 3653 	ld	a,-1 (ix)
      0013A5 96               [ 7] 3654 	sub	a,(hl)
      0013A6 D2r65r15         [10] 3655 	jp	NC, 00123$
      0013A9 21r69r06         [10] 3656 	ld	hl, #_tp_count
      0013AC DD 7E FE         [19] 3657 	ld	a, -2 (ix)
      0013AF 96               [ 7] 3658 	sub	a, (hl)
      0013B0 D2r65r15         [10] 3659 	jp	NC, 00123$
                                   3660 ;pocket_platformer.c:862: level_object *obj = &cur_objects[i];
      0013B3 DD 4E FF         [19] 3661 	ld	c, -1 (ix)
      0013B6 06 00            [ 7] 3662 	ld	b, #0x00
      0013B8 69               [ 4] 3663 	ld	l, c
      0013B9 60               [ 4] 3664 	ld	h, b
      0013BA 29               [11] 3665 	add	hl, hl
      0013BB 09               [11] 3666 	add	hl, bc
      0013BC EB               [ 4] 3667 	ex	de, hl
      0013BD 2Ar25r08         [16] 3668 	ld	hl, (_cur_objects)
      0013C0 19               [11] 3669 	add	hl, de
                                   3670 ;pocket_platformer.c:863: if (obj->type != OBJ_TPLAT) continue;
      0013C1 DD 75 F8         [19] 3671 	ld	-8 (ix), l
      0013C4 DD 74 F9         [19] 3672 	ld	-7 (ix), h
      0013C7 23               [ 6] 3673 	inc	hl
      0013C8 23               [ 6] 3674 	inc	hl
      0013C9 4D               [ 4] 3675 	ld	c, l
      0013CA 44               [ 4] 3676 	ld	b, h
      0013CB 0A               [ 7] 3677 	ld	a, (bc)
      0013CC D6 0F            [ 7] 3678 	sub	a, #0x0f
      0013CE C2r5Fr15         [10] 3679 	jp	NZ,00112$
                                   3680 ;pocket_platformer.c:865: unsigned char raw_y  = obj->y & 0x3F;
      0013D1 DD 4E F8         [19] 3681 	ld	c, -8 (ix)
      0013D4 DD 46 F9         [19] 3682 	ld	b, -7 (ix)
      0013D7 03               [ 6] 3683 	inc	bc
      0013D8 0A               [ 7] 3684 	ld	a, (bc)
      0013D9 F5               [11] 3685 	push	af
      0013DA E6 3F            [ 7] 3686 	and	a, #0x3f
      0013DC DD 77 FA         [19] 3687 	ld	-6 (ix), a
      0013DF F1               [10] 3688 	pop	af
                                   3689 ;pocket_platformer.c:866: unsigned char dir    = obj->y >> 6;
      0013E0 07               [ 4] 3690 	rlca
      0013E1 07               [ 4] 3691 	rlca
      0013E2 E6 03            [ 7] 3692 	and	a, #0x03
      0013E4 DD 77 EE         [19] 3693 	ld	-18 (ix), a
                                   3694 ;pocket_platformer.c:867: unsigned char size   = p[0];
      0013E7 DD 6E FC         [19] 3695 	ld	l, -4 (ix)
      0013EA DD 66 FD         [19] 3696 	ld	h, -3 (ix)
      0013ED 7E               [ 7] 3697 	ld	a, (hl)
      0013EE DD 77 EF         [19] 3698 	ld	-17 (ix), a
                                   3699 ;pocket_platformer.c:868: unsigned char spd_i  = p[1] < 8 ? p[1] : 7;
      0013F1 DD 4E FC         [19] 3700 	ld	c, -4 (ix)
      0013F4 DD 46 FD         [19] 3701 	ld	b, -3 (ix)
      0013F7 03               [ 6] 3702 	inc	bc
      0013F8 0A               [ 7] 3703 	ld	a, (bc)
      0013F9 FE 08            [ 7] 3704 	cp	a, #0x08
      0013FB 30 09            [12] 3705 	jr	NC, 00125$
      0013FD DD 77 F6         [19] 3706 	ld	-10 (ix), a
      001400 DD 36 F7 00      [19] 3707 	ld	-9 (ix), #0x00
      001404 18 08            [12] 3708 	jr	00126$
      001406                       3709 00125$:
      001406 DD 36 F6 07      [19] 3710 	ld	-10 (ix), #0x07
      00140A DD 36 F7 00      [19] 3711 	ld	-9 (ix), #0
      00140E                       3712 00126$:
      00140E DD 4E F6         [19] 3713 	ld	c, -10 (ix)
                                   3714 ;pocket_platformer.c:869: unsigned char endless = p[2];
      001411 DD 5E FC         [19] 3715 	ld	e, -4 (ix)
      001414 DD 56 FD         [19] 3716 	ld	d, -3 (ix)
      001417 13               [ 6] 3717 	inc	de
      001418 13               [ 6] 3718 	inc	de
      001419 1A               [ 7] 3719 	ld	a, (de)
      00141A DD 77 F0         [19] 3720 	ld	-16 (ix), a
                                   3721 ;pocket_platformer.c:870: long ix = (long)obj->x * TILE_SIZE * FP_ONE;
      00141D DD 6E F8         [19] 3722 	ld	l, -8 (ix)
      001420 DD 66 F9         [19] 3723 	ld	h, -7 (ix)
      001423 5E               [ 7] 3724 	ld	e, (hl)
      001424 16 00            [ 7] 3725 	ld	d, #0x00
      001426 21 00 00         [10] 3726 	ld	hl, #0x0000
      001429 65               [ 4] 3727 	ld	h, l
                                   3728 ;	spillPairReg hl
                                   3729 ;	spillPairReg hl
      00142A 6A               [ 4] 3730 	ld	l, d
                                   3731 ;	spillPairReg hl
                                   3732 ;	spillPairReg hl
      00142B 53               [ 4] 3733 	ld	d, e
      00142C 1E 00            [ 7] 3734 	ld	e, #0x00
      00142E 06 03            [ 7] 3735 	ld	b, #0x03
      001430                       3736 00202$:
      001430 CB 22            [ 8] 3737 	sla	d
      001432 ED 6A            [15] 3738 	adc	hl, hl
      001434 10 FA            [13] 3739 	djnz	00202$
      001436 DD 73 F1         [19] 3740 	ld	-15 (ix), e
      001439 DD 72 F2         [19] 3741 	ld	-14 (ix), d
      00143C DD 75 F3         [19] 3742 	ld	-13 (ix), l
      00143F DD 74 F4         [19] 3743 	ld	-12 (ix), h
                                   3744 ;pocket_platformer.c:871: long iy = (long)raw_y  * TILE_SIZE * FP_ONE;
      001442 DD 5E FA         [19] 3745 	ld	e, -6 (ix)
      001445 16 00            [ 7] 3746 	ld	d, #0x00
      001447 21 00 00         [10] 3747 	ld	hl, #0x0000
      00144A 65               [ 4] 3748 	ld	h, l
                                   3749 ;	spillPairReg hl
                                   3750 ;	spillPairReg hl
      00144B 6A               [ 4] 3751 	ld	l, d
                                   3752 ;	spillPairReg hl
                                   3753 ;	spillPairReg hl
      00144C 53               [ 4] 3754 	ld	d, e
      00144D 1E 00            [ 7] 3755 	ld	e, #0x00
      00144F 06 03            [ 7] 3756 	ld	b, #0x03
      001451                       3757 00204$:
      001451 CB 22            [ 8] 3758 	sla	d
      001453 ED 6A            [15] 3759 	adc	hl, hl
      001455 10 FA            [13] 3760 	djnz	00204$
      001457 DD 73 F5         [19] 3761 	ld	-11 (ix), e
      00145A DD 72 F6         [19] 3762 	ld	-10 (ix), d
      00145D DD 75 F7         [19] 3763 	ld	-9 (ix), l
      001460 DD 74 F8         [19] 3764 	ld	-8 (ix), h
                                   3765 ;pocket_platformer.c:872: int  spd = tp_speed_table[spd_i];
      001463 69               [ 4] 3766 	ld	l, c
                                   3767 ;	spillPairReg hl
                                   3768 ;	spillPairReg hl
      001464 26 00            [ 7] 3769 	ld	h, #0x00
                                   3770 ;	spillPairReg hl
                                   3771 ;	spillPairReg hl
      001466 29               [11] 3772 	add	hl, hl
      001467 11r26r00         [10] 3773 	ld	de, #_tp_speed_table
      00146A 19               [11] 3774 	add	hl, de
      00146B 7E               [ 7] 3775 	ld	a, (hl)
      00146C DD 77 F9         [19] 3776 	ld	-7 (ix), a
      00146F 23               [ 6] 3777 	inc	hl
      001470 7E               [ 7] 3778 	ld	a, (hl)
      001471 DD 77 FA         [19] 3779 	ld	-6 (ix), a
                                   3780 ;pocket_platformer.c:873: tp[obj_tp_idx].init_x  = ix;
      001474 DD 4E FE         [19] 3781 	ld	c, -2 (ix)
      001477 06 00            [ 7] 3782 	ld	b, #0x00
      001479 69               [ 4] 3783 	ld	l, c
      00147A 60               [ 4] 3784 	ld	h, b
      00147B 29               [11] 3785 	add	hl, hl
      00147C 09               [11] 3786 	add	hl, bc
      00147D 29               [11] 3787 	add	hl, hl
      00147E 29               [11] 3788 	add	hl, hl
      00147F 09               [11] 3789 	add	hl, bc
      001480 29               [11] 3790 	add	hl, hl
      001481 EB               [ 4] 3791 	ex	de, hl
      001482 21r99r05         [10] 3792 	ld	hl, #_tp
      001485 19               [11] 3793 	add	hl, de
      001486 EB               [ 4] 3794 	ex	de, hl
      001487 21 08 00         [10] 3795 	ld	hl, #0x0008
      00148A 19               [11] 3796 	add	hl, de
      00148B EB               [ 4] 3797 	ex	de, hl
      00148C E5               [11] 3798 	push	hl
      00148D 21 05 00         [10] 3799 	ld	hl, #5
      001490 39               [11] 3800 	add	hl, sp
      001491 01 04 00         [10] 3801 	ld	bc, #0x0004
      001494 ED B0            [21] 3802 	ldir
      001496 D1               [10] 3803 	pop	de
                                   3804 ;pocket_platformer.c:874: tp[obj_tp_idx].init_y  = iy;
      001497 21 0C 00         [10] 3805 	ld	hl, #0x000c
      00149A 19               [11] 3806 	add	hl, de
      00149B EB               [ 4] 3807 	ex	de, hl
      00149C E5               [11] 3808 	push	hl
      00149D 21 09 00         [10] 3809 	ld	hl, #9
      0014A0 39               [11] 3810 	add	hl, sp
      0014A1 01 04 00         [10] 3811 	ld	bc, #0x0004
      0014A4 ED B0            [21] 3812 	ldir
      0014A6 D1               [10] 3813 	pop	de
                                   3814 ;pocket_platformer.c:875: tp[obj_tp_idx].x       = ix;
      0014A7 D5               [11] 3815 	push	de
      0014A8 21 05 00         [10] 3816 	ld	hl, #5
      0014AB 39               [11] 3817 	add	hl, sp
      0014AC 01 04 00         [10] 3818 	ld	bc, #0x0004
      0014AF ED B0            [21] 3819 	ldir
      0014B1 D1               [10] 3820 	pop	de
                                   3821 ;pocket_platformer.c:876: tp[obj_tp_idx].y       = iy;
      0014B2 21 04 00         [10] 3822 	ld	hl, #0x0004
      0014B5 19               [11] 3823 	add	hl, de
      0014B6 EB               [ 4] 3824 	ex	de, hl
      0014B7 E5               [11] 3825 	push	hl
      0014B8 21 09 00         [10] 3826 	ld	hl, #9
      0014BB 39               [11] 3827 	add	hl, sp
      0014BC 01 04 00         [10] 3828 	ld	bc, #0x0004
      0014BF ED B0            [21] 3829 	ldir
      0014C1 D1               [10] 3830 	pop	de
                                   3831 ;pocket_platformer.c:877: tp[obj_tp_idx].width   = (unsigned char)(size * TILE_SIZE);
      0014C2 21 14 00         [10] 3832 	ld	hl, #0x0014
      0014C5 19               [11] 3833 	add	hl, de
      0014C6 DD 7E EF         [19] 3834 	ld	a, -17 (ix)
      0014C9 87               [ 4] 3835 	add	a, a
      0014CA 87               [ 4] 3836 	add	a, a
      0014CB 87               [ 4] 3837 	add	a, a
      0014CC 77               [ 7] 3838 	ld	(hl), a
                                   3839 ;pocket_platformer.c:878: tp[obj_tp_idx].endless = endless;
      0014CD 21 16 00         [10] 3840 	ld	hl, #0x0016
      0014D0 19               [11] 3841 	add	hl, de
      0014D1 DD 7E F0         [19] 3842 	ld	a, -16 (ix)
      0014D4 77               [ 7] 3843 	ld	(hl), a
                                   3844 ;pocket_platformer.c:879: tp[obj_tp_idx].moving  = 0;
      0014D5 21 15 00         [10] 3845 	ld	hl, #0x0015
      0014D8 19               [11] 3846 	add	hl, de
      0014D9 36 00            [10] 3847 	ld	(hl), #0x00
                                   3848 ;pocket_platformer.c:880: tp[obj_tp_idx].oob_timer = 0;
      0014DB 21 17 00         [10] 3849 	ld	hl, #0x0017
      0014DE 19               [11] 3850 	add	hl, de
      0014DF 36 00            [10] 3851 	ld	(hl), #0x00
                                   3852 ;pocket_platformer.c:881: tp[obj_tp_idx].active  = 1;
      0014E1 21 18 00         [10] 3853 	ld	hl, #0x0018
      0014E4 19               [11] 3854 	add	hl, de
      0014E5 36 01            [10] 3855 	ld	(hl), #0x01
                                   3856 ;pocket_platformer.c:883: tp[obj_tp_idx].vx = 0;
      0014E7 21 10 00         [10] 3857 	ld	hl, #0x0010
      0014EA 19               [11] 3858 	add	hl, de
      0014EB 4D               [ 4] 3859 	ld	c,l
      0014EC 44               [ 4] 3860 	ld	b,h
      0014ED AF               [ 4] 3861 	xor	a, a
      0014EE 77               [ 7] 3862 	ld	(hl), a
      0014EF 23               [ 6] 3863 	inc	hl
      0014F0 77               [ 7] 3864 	ld	(hl), a
                                   3865 ;pocket_platformer.c:884: tp[obj_tp_idx].vy = 0;
      0014F1 21 12 00         [10] 3866 	ld	hl, #0x0012
      0014F4 19               [11] 3867 	add	hl, de
      0014F5 36 00            [10] 3868 	ld	(hl), #0x00
      0014F7 23               [ 6] 3869 	inc	hl
      0014F8 36 00            [10] 3870 	ld	(hl), #0x00
      0014FA 2B               [ 6] 3871 	dec	hl
                                   3872 ;pocket_platformer.c:885: switch (dir) {
      0014FB DD 7E EE         [19] 3873 	ld	a, -18 (ix)
      0014FE B7               [ 4] 3874 	or	a, a
      0014FF 28 24            [12] 3875 	jr	Z, 00107$
                                   3876 ;pocket_platformer.c:887: case 1: tp[obj_tp_idx].vy = -spd; break; /* top */
      001501 AF               [ 4] 3877 	xor	a, a
      001502 DD 96 F9         [19] 3878 	sub	a, -7 (ix)
      001505 DD 77 F7         [19] 3879 	ld	-9 (ix), a
      001508 9F               [ 4] 3880 	sbc	a, a
      001509 DD 96 FA         [19] 3881 	sub	a, -6 (ix)
      00150C DD 77 F8         [19] 3882 	ld	-8 (ix), a
                                   3883 ;pocket_platformer.c:885: switch (dir) {
      00150F DD 7E EE         [19] 3884 	ld	a, -18 (ix)
      001512 3D               [ 4] 3885 	dec	a
      001513 28 1B            [12] 3886 	jr	Z, 00108$
      001515 DD 7E EE         [19] 3887 	ld	a, -18 (ix)
      001518 D6 02            [ 7] 3888 	sub	a, #0x02
      00151A 28 1F            [12] 3889 	jr	Z, 00109$
      00151C DD 7E EE         [19] 3890 	ld	a, -18 (ix)
      00151F D6 03            [ 7] 3891 	sub	a, #0x03
      001521 28 23            [12] 3892 	jr	Z, 00110$
      001523 18 2A            [12] 3893 	jr	00111$
                                   3894 ;pocket_platformer.c:886: case 0: tp[obj_tp_idx].vx =  spd; break; /* right */
      001525                       3895 00107$:
      001525 DD 7E F9         [19] 3896 	ld	a, -7 (ix)
      001528 02               [ 7] 3897 	ld	(bc), a
      001529 03               [ 6] 3898 	inc	bc
      00152A DD 7E FA         [19] 3899 	ld	a, -6 (ix)
      00152D 02               [ 7] 3900 	ld	(bc), a
      00152E 18 1F            [12] 3901 	jr	00111$
                                   3902 ;pocket_platformer.c:887: case 1: tp[obj_tp_idx].vy = -spd; break; /* top */
      001530                       3903 00108$:
      001530 DD 7E F7         [19] 3904 	ld	a, -9 (ix)
      001533 77               [ 7] 3905 	ld	(hl), a
      001534 23               [ 6] 3906 	inc	hl
      001535 DD 7E F8         [19] 3907 	ld	a, -8 (ix)
      001538 77               [ 7] 3908 	ld	(hl), a
      001539 18 14            [12] 3909 	jr	00111$
                                   3910 ;pocket_platformer.c:888: case 2: tp[obj_tp_idx].vx = -spd; break; /* left */
      00153B                       3911 00109$:
      00153B DD 7E F7         [19] 3912 	ld	a, -9 (ix)
      00153E 02               [ 7] 3913 	ld	(bc), a
      00153F 03               [ 6] 3914 	inc	bc
      001540 DD 7E F8         [19] 3915 	ld	a, -8 (ix)
      001543 02               [ 7] 3916 	ld	(bc), a
      001544 18 09            [12] 3917 	jr	00111$
                                   3918 ;pocket_platformer.c:889: case 3: tp[obj_tp_idx].vy =  spd; break; /* bottom */
      001546                       3919 00110$:
      001546 DD 7E F9         [19] 3920 	ld	a, -7 (ix)
      001549 77               [ 7] 3921 	ld	(hl), a
      00154A 23               [ 6] 3922 	inc	hl
      00154B DD 7E FA         [19] 3923 	ld	a, -6 (ix)
      00154E 77               [ 7] 3924 	ld	(hl), a
                                   3925 ;pocket_platformer.c:890: }
      00154F                       3926 00111$:
                                   3927 ;pocket_platformer.c:891: p += 3;
      00154F DD 7E FC         [19] 3928 	ld	a, -4 (ix)
      001552 C6 03            [ 7] 3929 	add	a, #0x03
      001554 DD 77 FC         [19] 3930 	ld	-4 (ix), a
      001557 30 03            [12] 3931 	jr	NC, 00210$
      001559 DD 34 FD         [23] 3932 	inc	-3 (ix)
      00155C                       3933 00210$:
                                   3934 ;pocket_platformer.c:892: obj_tp_idx++;
      00155C DD 34 FE         [23] 3935 	inc	-2 (ix)
      00155F                       3936 00112$:
                                   3937 ;pocket_platformer.c:861: for (i = 0; i < cur_level->obj_count && obj_tp_idx < tp_count; i++) {
      00155F DD 34 FF         [23] 3938 	inc	-1 (ix)
      001562 C3r9Dr13         [10] 3939 	jp	00122$
      001565                       3940 00123$:
                                   3941 ;pocket_platformer.c:896: }
      001565 DD F9            [10] 3942 	ld	sp, ix
      001567 DD E1            [14] 3943 	pop	ix
      001569 C9               [10] 3944 	ret
                                   3945 ;pocket_platformer.c:899: static void update_tp(void) {
                                   3946 ;	---------------------------------
                                   3947 ; Function update_tp
                                   3948 ; ---------------------------------
      00156A                       3949 _update_tp:
      00156A DD E5            [15] 3950 	push	ix
      00156C DD 21 00 00      [14] 3951 	ld	ix,#0
      001570 DD 39            [15] 3952 	add	ix,sp
      001572 21 D1 FF         [10] 3953 	ld	hl, #-47
      001575 39               [11] 3954 	add	hl, sp
      001576 F9               [ 6] 3955 	ld	sp, hl
                                   3956 ;pocket_platformer.c:901: long px = player.x >> 8, py = player.y >> 8;
      001577 ED 5Br0Cr00      [20] 3957 	ld	de, (#_player + 0)
      00157B 2Ar0Er00         [16] 3958 	ld	hl, (#_player + 2)
      00157E 06 08            [ 7] 3959 	ld	b, #0x08
      001580                       3960 00228$:
      001580 CB 2C            [ 8] 3961 	sra	h
      001582 CB 1D            [ 8] 3962 	rr	l
      001584 CB 1A            [ 8] 3963 	rr	d
      001586 CB 1B            [ 8] 3964 	rr	e
      001588 10 F6            [13] 3965 	djnz	00228$
      00158A DD 73 FC         [19] 3966 	ld	-4 (ix), e
      00158D DD 72 FD         [19] 3967 	ld	-3 (ix), d
      001590 DD 75 FE         [19] 3968 	ld	-2 (ix), l
      001593 DD 74 FF         [19] 3969 	ld	-1 (ix), h
      001596 ED 5Br10r00      [20] 3970 	ld	de, (#(_player + 4) + 0)
      00159A 2Ar12r00         [16] 3971 	ld	hl, (#(_player + 4) + 2)
      00159D 06 08            [ 7] 3972 	ld	b, #0x08
      00159F                       3973 00230$:
      00159F CB 2C            [ 8] 3974 	sra	h
      0015A1 CB 1D            [ 8] 3975 	rr	l
      0015A3 CB 1A            [ 8] 3976 	rr	d
      0015A5 CB 1B            [ 8] 3977 	rr	e
      0015A7 10 F6            [13] 3978 	djnz	00230$
                                   3979 ;pocket_platformer.c:902: long player_bonus_x = 0, player_bonus_y = 0;
      0015A9 AF               [ 4] 3980 	xor	a, a
      0015AA DD 77 D1         [19] 3981 	ld	-47 (ix), a
      0015AD DD 77 D2         [19] 3982 	ld	-46 (ix), a
      0015B0 DD 77 D3         [19] 3983 	ld	-45 (ix), a
      0015B3 DD 77 D4         [19] 3984 	ld	-44 (ix), a
      0015B6 AF               [ 4] 3985 	xor	a, a
      0015B7 DD 77 D5         [19] 3986 	ld	-43 (ix), a
      0015BA DD 77 D6         [19] 3987 	ld	-42 (ix), a
      0015BD DD 77 D7         [19] 3988 	ld	-41 (ix), a
      0015C0 DD 77 D8         [19] 3989 	ld	-40 (ix), a
                                   3990 ;pocket_platformer.c:904: for (i = 0; i < tp_count; i++) {
      0015C3 DD 7E FC         [19] 3991 	ld	a, -4 (ix)
      0015C6 C6 01            [ 7] 3992 	add	a, #0x01
      0015C8 DD 77 D9         [19] 3993 	ld	-39 (ix), a
      0015CB DD 7E FD         [19] 3994 	ld	a, -3 (ix)
      0015CE CE 00            [ 7] 3995 	adc	a, #0x00
      0015D0 DD 77 DA         [19] 3996 	ld	-38 (ix), a
      0015D3 DD 7E FE         [19] 3997 	ld	a, -2 (ix)
      0015D6 CE 00            [ 7] 3998 	adc	a, #0x00
      0015D8 DD 77 DB         [19] 3999 	ld	-37 (ix), a
      0015DB DD 7E FF         [19] 4000 	ld	a, -1 (ix)
      0015DE CE 00            [ 7] 4001 	adc	a, #0x00
      0015E0 DD 77 DC         [19] 4002 	ld	-36 (ix), a
      0015E3 7B               [ 4] 4003 	ld	a, e
      0015E4 C6 08            [ 7] 4004 	add	a, #0x08
      0015E6 DD 77 DD         [19] 4005 	ld	-35 (ix), a
      0015E9 7A               [ 4] 4006 	ld	a, d
      0015EA CE 00            [ 7] 4007 	adc	a, #0x00
      0015EC DD 77 DE         [19] 4008 	ld	-34 (ix), a
      0015EF 7D               [ 4] 4009 	ld	a, l
      0015F0 CE 00            [ 7] 4010 	adc	a, #0x00
      0015F2 DD 77 DF         [19] 4011 	ld	-33 (ix), a
      0015F5 7C               [ 4] 4012 	ld	a, h
      0015F6 CE 00            [ 7] 4013 	adc	a, #0x00
      0015F8 DD 77 E0         [19] 4014 	ld	-32 (ix), a
      0015FB DD 7E FC         [19] 4015 	ld	a, -4 (ix)
      0015FE C6 06            [ 7] 4016 	add	a, #0x06
      001600 DD 77 E1         [19] 4017 	ld	-31 (ix), a
      001603 DD 7E FD         [19] 4018 	ld	a, -3 (ix)
      001606 CE 00            [ 7] 4019 	adc	a, #0x00
      001608 DD 77 E2         [19] 4020 	ld	-30 (ix), a
      00160B DD 7E FE         [19] 4021 	ld	a, -2 (ix)
      00160E CE 00            [ 7] 4022 	adc	a, #0x00
      001610 DD 77 E3         [19] 4023 	ld	-29 (ix), a
      001613 DD 7E FF         [19] 4024 	ld	a, -1 (ix)
      001616 CE 00            [ 7] 4025 	adc	a, #0x00
      001618 DD 77 E4         [19] 4026 	ld	-28 (ix), a
      00161B DD 36 FF 00      [19] 4027 	ld	-1 (ix), #0x00
      00161F                       4028 00124$:
      00161F 21r69r06         [10] 4029 	ld	hl, #_tp_count
      001622 DD 7E FF         [19] 4030 	ld	a, -1 (ix)
      001625 96               [ 7] 4031 	sub	a, (hl)
      001626 D2r85r1A         [10] 4032 	jp	NC, 00122$
                                   4033 ;pocket_platformer.c:905: tp_state *t = &tp[i];
      001629 DD 4E FF         [19] 4034 	ld	c, -1 (ix)
      00162C 06 00            [ 7] 4035 	ld	b, #0x00
      00162E 69               [ 4] 4036 	ld	l, c
      00162F 60               [ 4] 4037 	ld	h, b
      001630 29               [11] 4038 	add	hl, hl
      001631 09               [11] 4039 	add	hl, bc
      001632 29               [11] 4040 	add	hl, hl
      001633 29               [11] 4041 	add	hl, hl
      001634 09               [11] 4042 	add	hl, bc
      001635 29               [11] 4043 	add	hl, hl
      001636 DD 75 FB         [19] 4044 	ld	-5 (ix), l
      001639 DD 74 FC         [19] 4045 	ld	-4 (ix), h
      00163C DD 7E FB         [19] 4046 	ld	a, -5 (ix)
      00163F C6r99            [ 7] 4047 	add	a, #<(_tp)
      001641 DD 77 FD         [19] 4048 	ld	-3 (ix), a
      001644 DD 7E FC         [19] 4049 	ld	a, -4 (ix)
      001647 CEs05            [ 7] 4050 	adc	a, #>(_tp)
      001649 DD 77 FE         [19] 4051 	ld	-2 (ix), a
      00164C DD 7E FD         [19] 4052 	ld	a, -3 (ix)
      00164F DD 77 E5         [19] 4053 	ld	-27 (ix), a
      001652 DD 7E FE         [19] 4054 	ld	a, -2 (ix)
      001655 DD 77 E6         [19] 4055 	ld	-26 (ix), a
                                   4056 ;pocket_platformer.c:906: if (!t->active) continue;
      001658 DD 7E E5         [19] 4057 	ld	a, -27 (ix)
      00165B DD 77 FD         [19] 4058 	ld	-3 (ix), a
      00165E DD 7E E6         [19] 4059 	ld	a, -26 (ix)
      001661 DD 77 FE         [19] 4060 	ld	-2 (ix), a
      001664 DD 6E FD         [19] 4061 	ld	l, -3 (ix)
      001667 DD 66 FE         [19] 4062 	ld	h, -2 (ix)
      00166A 11 18 00         [10] 4063 	ld	de, #0x0018
      00166D 19               [11] 4064 	add	hl, de
      00166E 7E               [ 7] 4065 	ld	a, (hl)
      00166F B7               [ 4] 4066 	or	a, a
      001670 CAr7Fr1A         [10] 4067 	jp	Z, 00121$
                                   4068 ;pocket_platformer.c:910: long plat_top  = t->y >> 8;
      001673 DD 7E E5         [19] 4069 	ld	a, -27 (ix)
      001676 C6 04            [ 7] 4070 	add	a, #0x04
      001678 DD 77 E7         [19] 4071 	ld	-25 (ix), a
      00167B DD 7E E6         [19] 4072 	ld	a, -26 (ix)
      00167E CE 00            [ 7] 4073 	adc	a, #0x00
      001680 DD 77 E8         [19] 4074 	ld	-24 (ix), a
      001683 DD 6E E7         [19] 4075 	ld	l, -25 (ix)
      001686 DD 66 E8         [19] 4076 	ld	h, -24 (ix)
      001689 5E               [ 7] 4077 	ld	e, (hl)
      00168A 23               [ 6] 4078 	inc	hl
      00168B 56               [ 7] 4079 	ld	d, (hl)
      00168C 23               [ 6] 4080 	inc	hl
      00168D 23               [ 6] 4081 	inc	hl
      00168E 7E               [ 7] 4082 	ld	a, (hl)
      00168F 2B               [ 6] 4083 	dec	hl
      001690 6E               [ 7] 4084 	ld	l, (hl)
                                   4085 ;	spillPairReg hl
      001691 67               [ 4] 4086 	ld	h, a
                                   4087 ;	spillPairReg hl
                                   4088 ;	spillPairReg hl
      001692 06 08            [ 7] 4089 	ld	b, #0x08
      001694                       4090 00232$:
      001694 CB 2C            [ 8] 4091 	sra	h
      001696 CB 1D            [ 8] 4092 	rr	l
      001698 CB 1A            [ 8] 4093 	rr	d
      00169A CB 1B            [ 8] 4094 	rr	e
      00169C 10 F6            [13] 4095 	djnz	00232$
      00169E DD 73 E9         [19] 4096 	ld	-23 (ix), e
      0016A1 DD 72 EA         [19] 4097 	ld	-22 (ix), d
      0016A4 DD 75 EB         [19] 4098 	ld	-21 (ix), l
      0016A7 DD 74 EC         [19] 4099 	ld	-20 (ix), h
                                   4100 ;pocket_platformer.c:911: long plat_left = (t->x >> 8) - t->width / 2;
      0016AA DD 6E E5         [19] 4101 	ld	l, -27 (ix)
      0016AD DD 66 E6         [19] 4102 	ld	h, -26 (ix)
      0016B0 5E               [ 7] 4103 	ld	e, (hl)
      0016B1 23               [ 6] 4104 	inc	hl
      0016B2 56               [ 7] 4105 	ld	d, (hl)
      0016B3 23               [ 6] 4106 	inc	hl
      0016B4 4E               [ 7] 4107 	ld	c, (hl)
      0016B5 23               [ 6] 4108 	inc	hl
      0016B6 6E               [ 7] 4109 	ld	l, (hl)
                                   4110 ;	spillPairReg hl
      0016B7 06 08            [ 7] 4111 	ld	b, #0x08
      0016B9                       4112 00234$:
      0016B9 CB 2D            [ 8] 4113 	sra	l
      0016BB CB 19            [ 8] 4114 	rr	c
      0016BD CB 1A            [ 8] 4115 	rr	d
      0016BF CB 1B            [ 8] 4116 	rr	e
      0016C1 10 F6            [13] 4117 	djnz	00234$
      0016C3 DD 73 F7         [19] 4118 	ld	-9 (ix), e
      0016C6 DD 72 F8         [19] 4119 	ld	-8 (ix), d
      0016C9 DD 71 F9         [19] 4120 	ld	-7 (ix), c
      0016CC DD 75 FA         [19] 4121 	ld	-6 (ix), l
      0016CF DD 7E E5         [19] 4122 	ld	a, -27 (ix)
      0016D2 C6 14            [ 7] 4123 	add	a, #0x14
      0016D4 DD 77 ED         [19] 4124 	ld	-19 (ix), a
      0016D7 DD 7E E6         [19] 4125 	ld	a, -26 (ix)
      0016DA CE 00            [ 7] 4126 	adc	a, #0x00
      0016DC DD 77 EE         [19] 4127 	ld	-18 (ix), a
      0016DF DD 6E ED         [19] 4128 	ld	l, -19 (ix)
      0016E2 DD 66 EE         [19] 4129 	ld	h, -18 (ix)
      0016E5 7E               [ 7] 4130 	ld	a, (hl)
      0016E6 DD 77 FB         [19] 4131 	ld	-5 (ix), a
      0016E9 DD 36 FC 00      [19] 4132 	ld	-4 (ix), #0x00
      0016ED DD 7E FB         [19] 4133 	ld	a, -5 (ix)
      0016F0 DD 77 FD         [19] 4134 	ld	-3 (ix), a
      0016F3 DD 7E FC         [19] 4135 	ld	a, -4 (ix)
      0016F6 DD 77 FE         [19] 4136 	ld	-2 (ix), a
      0016F9 DD CB FC 7E      [20] 4137 	bit	7, -4 (ix)
      0016FD 28 10            [12] 4138 	jr	Z, 00127$
      0016FF DD 7E FB         [19] 4139 	ld	a, -5 (ix)
      001702 C6 01            [ 7] 4140 	add	a, #0x01
      001704 DD 77 FD         [19] 4141 	ld	-3 (ix), a
      001707 DD 7E FC         [19] 4142 	ld	a, -4 (ix)
      00170A CE 00            [ 7] 4143 	adc	a, #0x00
      00170C DD 77 FE         [19] 4144 	ld	-2 (ix), a
      00170F                       4145 00127$:
      00170F DD 4E FD         [19] 4146 	ld	c, -3 (ix)
      001712 DD 46 FE         [19] 4147 	ld	b, -2 (ix)
      001715 CB 28            [ 8] 4148 	sra	b
      001717 CB 19            [ 8] 4149 	rr	c
      001719 78               [ 4] 4150 	ld	a, b
      00171A 07               [ 4] 4151 	rlca
      00171B ED 62            [15] 4152 	sbc	hl, hl
      00171D DD 7E F7         [19] 4153 	ld	a, -9 (ix)
      001720 91               [ 4] 4154 	sub	a, c
      001721 4F               [ 4] 4155 	ld	c, a
      001722 DD 7E F8         [19] 4156 	ld	a, -8 (ix)
      001725 98               [ 4] 4157 	sbc	a, b
      001726 47               [ 4] 4158 	ld	b, a
      001727 DD 7E F9         [19] 4159 	ld	a, -7 (ix)
      00172A 9D               [ 4] 4160 	sbc	a, l
      00172B 5F               [ 4] 4161 	ld	e, a
      00172C DD 7E FA         [19] 4162 	ld	a, -6 (ix)
      00172F 9C               [ 4] 4163 	sbc	a, h
      001730 57               [ 4] 4164 	ld	d, a
                                   4165 ;pocket_platformer.c:912: long plat_right = plat_left + t->width;
      001731 DD 7E FB         [19] 4166 	ld	a, -5 (ix)
      001734 DD 77 F6         [19] 4167 	ld	-10 (ix), a
      001737 DD 7E FC         [19] 4168 	ld	a, -4 (ix)
      00173A DD 77 F7         [19] 4169 	ld	-9 (ix), a
      00173D 07               [ 4] 4170 	rlca
      00173E 9F               [ 4] 4171 	sbc	a, a
      00173F DD 77 F8         [19] 4172 	ld	-8 (ix), a
      001742 DD 77 F9         [19] 4173 	ld	-7 (ix), a
      001745 DD 7E F6         [19] 4174 	ld	a, -10 (ix)
      001748 81               [ 4] 4175 	add	a, c
      001749 6F               [ 4] 4176 	ld	l, a
                                   4177 ;	spillPairReg hl
                                   4178 ;	spillPairReg hl
      00174A DD 7E F7         [19] 4179 	ld	a, -9 (ix)
      00174D 88               [ 4] 4180 	adc	a, b
      00174E 67               [ 4] 4181 	ld	h, a
                                   4182 ;	spillPairReg hl
                                   4183 ;	spillPairReg hl
      00174F DD 7E F8         [19] 4184 	ld	a, -8 (ix)
      001752 8B               [ 4] 4185 	adc	a, e
      001753 FD E5            [15] 4186 	push	iy
      001755 DD 77 CF         [19] 4187 	ld	-49 (ix), a
      001758 FD E1            [14] 4188 	pop	iy
      00175A DD 7E F9         [19] 4189 	ld	a, -7 (ix)
      00175D 8A               [ 4] 4190 	adc	a, d
      00175E DD 75 EF         [19] 4191 	ld	-17 (ix), l
      001761 DD 74 F0         [19] 4192 	ld	-16 (ix), h
      001764 FD E5            [15] 4193 	push	iy
      001766 E3               [19] 4194 	ex	(sp), hl
      001767 DD 75 F1         [19] 4195 	ld	-15 (ix), l
      00176A E3               [19] 4196 	ex	(sp), hl
      00176B FD E1            [14] 4197 	pop	iy
      00176D DD 77 F2         [19] 4198 	ld	-14 (ix), a
                                   4199 ;pocket_platformer.c:916: if (player.vy >= 0 &&
      001770 D5               [11] 4200 	push	de
      001771 C5               [11] 4201 	push	bc
      001772 11r18r00         [10] 4202 	ld	de, #(_player + 12)
      001775 21 2E 00         [10] 4203 	ld	hl, #46
      001778 39               [11] 4204 	add	hl, sp
      001779 EB               [ 4] 4205 	ex	de, hl
      00177A 01 04 00         [10] 4206 	ld	bc, #0x0004
      00177D ED B0            [21] 4207 	ldir
      00177F C1               [10] 4208 	pop	bc
      001780 D1               [10] 4209 	pop	de
                                   4210 ;pocket_platformer.c:920: if (!t->moving) t->moving = 1;
      001781 DD 7E E5         [19] 4211 	ld	a, -27 (ix)
      001784 C6 15            [ 7] 4212 	add	a, #0x15
      001786 DD 77 F3         [19] 4213 	ld	-13 (ix), a
      001789 DD 7E E6         [19] 4214 	ld	a, -26 (ix)
      00178C CE 00            [ 7] 4215 	adc	a, #0x00
      00178E DD 77 F4         [19] 4216 	ld	-12 (ix), a
                                   4217 ;pocket_platformer.c:921: t->is_carrying = 1;
      001791 DD 7E E5         [19] 4218 	ld	a, -27 (ix)
      001794 C6 19            [ 7] 4219 	add	a, #0x19
      001796 DD 77 F5         [19] 4220 	ld	-11 (ix), a
      001799 DD 7E E6         [19] 4221 	ld	a, -26 (ix)
      00179C CE 00            [ 7] 4222 	adc	a, #0x00
      00179E DD 77 F6         [19] 4223 	ld	-10 (ix), a
                                   4224 ;pocket_platformer.c:923: player_bonus_x = t->vx;
      0017A1 DD 7E E5         [19] 4225 	ld	a, -27 (ix)
      0017A4 C6 10            [ 7] 4226 	add	a, #0x10
      0017A6 DD 77 F7         [19] 4227 	ld	-9 (ix), a
      0017A9 DD 7E E6         [19] 4228 	ld	a, -26 (ix)
      0017AC CE 00            [ 7] 4229 	adc	a, #0x00
      0017AE DD 77 F8         [19] 4230 	ld	-8 (ix), a
                                   4231 ;pocket_platformer.c:924: player_bonus_y = t->vy;
      0017B1 DD 7E E5         [19] 4232 	ld	a, -27 (ix)
      0017B4 C6 12            [ 7] 4233 	add	a, #0x12
      0017B6 DD 77 F9         [19] 4234 	ld	-7 (ix), a
      0017B9 DD 7E E6         [19] 4235 	ld	a, -26 (ix)
      0017BC CE 00            [ 7] 4236 	adc	a, #0x00
      0017BE DD 77 FA         [19] 4237 	ld	-6 (ix), a
                                   4238 ;pocket_platformer.c:916: if (player.vy >= 0 &&
      0017C1 DD CB FE 7E      [20] 4239 	bit	7, -2 (ix)
      0017C5 C2r08r19         [10] 4240 	jp	NZ, 00106$
                                   4241 ;pocket_platformer.c:917: player_bot >= plat_top && player_bot <= plat_top + 4 &&
      0017C8 DD 7E DD         [19] 4242 	ld	a, -35 (ix)
      0017CB DD 96 E9         [19] 4243 	sub	a, -23 (ix)
      0017CE DD 7E DE         [19] 4244 	ld	a, -34 (ix)
      0017D1 DD 9E EA         [19] 4245 	sbc	a, -22 (ix)
      0017D4 DD 7E DF         [19] 4246 	ld	a, -33 (ix)
      0017D7 DD 9E EB         [19] 4247 	sbc	a, -21 (ix)
      0017DA DD 7E E0         [19] 4248 	ld	a, -32 (ix)
      0017DD DD 9E EC         [19] 4249 	sbc	a, -20 (ix)
      0017E0 E2rE5r17         [10] 4250 	jp	PO, 00236$
      0017E3 EE 80            [ 7] 4251 	xor	a, #0x80
      0017E5                       4252 00236$:
      0017E5 FAr08r19         [10] 4253 	jp	M, 00106$
      0017E8 DD 7E E9         [19] 4254 	ld	a, -23 (ix)
      0017EB C6 04            [ 7] 4255 	add	a, #0x04
      0017ED DD 77 FB         [19] 4256 	ld	-5 (ix), a
      0017F0 DD 7E EA         [19] 4257 	ld	a, -22 (ix)
      0017F3 CE 00            [ 7] 4258 	adc	a, #0x00
      0017F5 DD 77 FC         [19] 4259 	ld	-4 (ix), a
      0017F8 DD 7E EB         [19] 4260 	ld	a, -21 (ix)
      0017FB CE 00            [ 7] 4261 	adc	a, #0x00
      0017FD DD 77 FD         [19] 4262 	ld	-3 (ix), a
      001800 DD 7E EC         [19] 4263 	ld	a, -20 (ix)
      001803 CE 00            [ 7] 4264 	adc	a, #0x00
      001805 DD 77 FE         [19] 4265 	ld	-2 (ix), a
      001808 DD 7E FB         [19] 4266 	ld	a, -5 (ix)
      00180B DD 96 DD         [19] 4267 	sub	a, -35 (ix)
      00180E DD 7E FC         [19] 4268 	ld	a, -4 (ix)
      001811 DD 9E DE         [19] 4269 	sbc	a, -34 (ix)
      001814 DD 7E FD         [19] 4270 	ld	a, -3 (ix)
      001817 DD 9E DF         [19] 4271 	sbc	a, -33 (ix)
      00181A DD 7E FE         [19] 4272 	ld	a, -2 (ix)
      00181D DD 9E E0         [19] 4273 	sbc	a, -32 (ix)
      001820 E2r25r18         [10] 4274 	jp	PO, 00237$
      001823 EE 80            [ 7] 4275 	xor	a, #0x80
      001825                       4276 00237$:
      001825 FAr08r19         [10] 4277 	jp	M, 00106$
                                   4278 ;pocket_platformer.c:918: px + 1 < plat_right && player_right - 1 > plat_left) {
      001828 DD 7E D9         [19] 4279 	ld	a, -39 (ix)
      00182B DD 96 EF         [19] 4280 	sub	a, -17 (ix)
      00182E DD 7E DA         [19] 4281 	ld	a, -38 (ix)
      001831 DD 9E F0         [19] 4282 	sbc	a, -16 (ix)
      001834 DD 7E DB         [19] 4283 	ld	a, -37 (ix)
      001837 DD 9E F1         [19] 4284 	sbc	a, -15 (ix)
      00183A DD 7E DC         [19] 4285 	ld	a, -36 (ix)
      00183D DD 9E F2         [19] 4286 	sbc	a, -14 (ix)
      001840 E2r45r18         [10] 4287 	jp	PO, 00238$
      001843 EE 80            [ 7] 4288 	xor	a, #0x80
      001845                       4289 00238$:
      001845 F2r08r19         [10] 4290 	jp	P, 00106$
      001848 DD 7E E1         [19] 4291 	ld	a, -31 (ix)
      00184B C6 FF            [ 7] 4292 	add	a, #0xff
      00184D DD 77 FB         [19] 4293 	ld	-5 (ix), a
      001850 DD 7E E2         [19] 4294 	ld	a, -30 (ix)
      001853 CE FF            [ 7] 4295 	adc	a, #0xff
      001855 DD 77 FC         [19] 4296 	ld	-4 (ix), a
      001858 DD 7E E3         [19] 4297 	ld	a, -29 (ix)
      00185B CE FF            [ 7] 4298 	adc	a, #0xff
      00185D DD 77 FD         [19] 4299 	ld	-3 (ix), a
      001860 DD 7E E4         [19] 4300 	ld	a, -28 (ix)
      001863 CE FF            [ 7] 4301 	adc	a, #0xff
      001865 DD 77 FE         [19] 4302 	ld	-2 (ix), a
      001868 79               [ 4] 4303 	ld	a, c
      001869 DD 96 FB         [19] 4304 	sub	a, -5 (ix)
      00186C 78               [ 4] 4305 	ld	a, b
      00186D DD 9E FC         [19] 4306 	sbc	a, -4 (ix)
      001870 7B               [ 4] 4307 	ld	a, e
      001871 DD 9E FD         [19] 4308 	sbc	a, -3 (ix)
      001874 7A               [ 4] 4309 	ld	a, d
      001875 DD 9E FE         [19] 4310 	sbc	a, -2 (ix)
      001878 E2r7Dr18         [10] 4311 	jp	PO, 00239$
      00187B EE 80            [ 7] 4312 	xor	a, #0x80
      00187D                       4313 00239$:
      00187D F2r08r19         [10] 4314 	jp	P, 00106$
                                   4315 ;pocket_platformer.c:920: if (!t->moving) t->moving = 1;
      001880 DD 6E F3         [19] 4316 	ld	l, -13 (ix)
      001883 DD 66 F4         [19] 4317 	ld	h, -12 (ix)
      001886 7E               [ 7] 4318 	ld	a, (hl)
      001887 B7               [ 4] 4319 	or	a, a
      001888 20 08            [12] 4320 	jr	NZ, 00104$
      00188A DD 6E F3         [19] 4321 	ld	l, -13 (ix)
      00188D DD 66 F4         [19] 4322 	ld	h, -12 (ix)
      001890 36 01            [10] 4323 	ld	(hl), #0x01
      001892                       4324 00104$:
                                   4325 ;pocket_platformer.c:921: t->is_carrying = 1;
      001892 DD 6E F5         [19] 4326 	ld	l, -11 (ix)
      001895 DD 66 F6         [19] 4327 	ld	h, -10 (ix)
      001898 36 01            [10] 4328 	ld	(hl), #0x01
                                   4329 ;pocket_platformer.c:923: player_bonus_x = t->vx;
      00189A DD 6E F7         [19] 4330 	ld	l, -9 (ix)
      00189D DD 66 F8         [19] 4331 	ld	h, -8 (ix)
      0018A0 4E               [ 7] 4332 	ld	c, (hl)
      0018A1 23               [ 6] 4333 	inc	hl
      0018A2 7E               [ 7] 4334 	ld	a, (hl)
      0018A3 DD 71 D1         [19] 4335 	ld	-47 (ix), c
      0018A6 DD 77 D2         [19] 4336 	ld	-46 (ix), a
      0018A9 07               [ 4] 4337 	rlca
      0018AA 9F               [ 4] 4338 	sbc	a, a
      0018AB DD 77 D3         [19] 4339 	ld	-45 (ix), a
      0018AE DD 77 D4         [19] 4340 	ld	-44 (ix), a
                                   4341 ;pocket_platformer.c:924: player_bonus_y = t->vy;
      0018B1 DD 6E F9         [19] 4342 	ld	l, -7 (ix)
      0018B4 DD 66 FA         [19] 4343 	ld	h, -6 (ix)
      0018B7 4E               [ 7] 4344 	ld	c, (hl)
      0018B8 23               [ 6] 4345 	inc	hl
      0018B9 7E               [ 7] 4346 	ld	a, (hl)
      0018BA DD 71 D5         [19] 4347 	ld	-43 (ix), c
      0018BD DD 77 D6         [19] 4348 	ld	-42 (ix), a
      0018C0 07               [ 4] 4349 	rlca
      0018C1 9F               [ 4] 4350 	sbc	a, a
      0018C2 DD 77 D7         [19] 4351 	ld	-41 (ix), a
      0018C5 DD 77 D8         [19] 4352 	ld	-40 (ix), a
                                   4353 ;pocket_platformer.c:926: player.y = t->y - FP(PLAYER_H);
      0018C8 DD 6E E7         [19] 4354 	ld	l, -25 (ix)
      0018CB DD 66 E8         [19] 4355 	ld	h, -24 (ix)
      0018CE 4E               [ 7] 4356 	ld	c, (hl)
      0018CF 23               [ 6] 4357 	inc	hl
      0018D0 46               [ 7] 4358 	ld	b, (hl)
      0018D1 23               [ 6] 4359 	inc	hl
      0018D2 5E               [ 7] 4360 	ld	e, (hl)
      0018D3 23               [ 6] 4361 	inc	hl
      0018D4 56               [ 7] 4362 	ld	d, (hl)
      0018D5 78               [ 4] 4363 	ld	a,b
      0018D6 C6 F8            [ 7] 4364 	add	a,#0xf8
      0018D8 47               [ 4] 4365 	ld	b, a
      0018D9 7B               [ 4] 4366 	ld	a, e
      0018DA CE FF            [ 7] 4367 	adc	a, #0xff
      0018DC 5F               [ 4] 4368 	ld	e, a
      0018DD 7A               [ 4] 4369 	ld	a, d
      0018DE CE FF            [ 7] 4370 	adc	a, #0xff
      0018E0 57               [ 4] 4371 	ld	d, a
      0018E1 ED 43r10r00      [20] 4372 	ld	((_player + 4)), bc
      0018E5 ED 53r12r00      [20] 4373 	ld	((_player + 4)+2), de
                                   4374 ;pocket_platformer.c:927: player.vy = 0;
      0018E9 21 00 00         [10] 4375 	ld	hl, #0x0000
      0018EC 22r18r00         [16] 4376 	ld	((_player + 12)), hl
      0018EF 22r1Ar00         [16] 4377 	ld	((_player + 12)+2), hl
                                   4378 ;pocket_platformer.c:928: player.on_ground = 1;
      0018F2 21r1Cr00         [10] 4379 	ld	hl, #(_player + 16)
      0018F5 36 01            [10] 4380 	ld	(hl), #0x01
                                   4381 ;pocket_platformer.c:929: player.falling = 0;
      0018F7 21r1Dr00         [10] 4382 	ld	hl, #(_player + 17)
      0018FA 36 00            [10] 4383 	ld	(hl), #0x00
                                   4384 ;pocket_platformer.c:930: player.jumping = 0;
      0018FC 21r1Er00         [10] 4385 	ld	hl, #(_player + 18)
      0018FF 36 00            [10] 4386 	ld	(hl), #0x00
                                   4387 ;pocket_platformer.c:931: player.double_jump_used = 0;
      001901 21r24r00         [10] 4388 	ld	hl, #(_player + 24)
      001904 36 00            [10] 4389 	ld	(hl), #0x00
      001906 18 08            [12] 4390 	jr	00107$
      001908                       4391 00106$:
                                   4392 ;pocket_platformer.c:933: t->is_carrying = 0;
      001908 DD 6E F5         [19] 4393 	ld	l, -11 (ix)
      00190B DD 66 F6         [19] 4394 	ld	h, -10 (ix)
      00190E 36 00            [10] 4395 	ld	(hl), #0x00
      001910                       4396 00107$:
                                   4397 ;pocket_platformer.c:938: if (t->moving) {
      001910 DD 6E F3         [19] 4398 	ld	l, -13 (ix)
      001913 DD 66 F4         [19] 4399 	ld	h, -12 (ix)
      001916 7E               [ 7] 4400 	ld	a, (hl)
      001917 B7               [ 4] 4401 	or	a, a
      001918 28 7C            [12] 4402 	jr	Z, 00113$
                                   4403 ;pocket_platformer.c:939: t->x += t->vx;
      00191A DD 5E E5         [19] 4404 	ld	e, -27 (ix)
      00191D DD 56 E6         [19] 4405 	ld	d, -26 (ix)
      001920 21 2A 00         [10] 4406 	ld	hl, #42
      001923 39               [11] 4407 	add	hl, sp
      001924 EB               [ 4] 4408 	ex	de, hl
      001925 01 04 00         [10] 4409 	ld	bc, #0x0004
      001928 ED B0            [21] 4410 	ldir
      00192A DD 6E F7         [19] 4411 	ld	l, -9 (ix)
      00192D DD 66 F8         [19] 4412 	ld	h, -8 (ix)
      001930 4E               [ 7] 4413 	ld	c, (hl)
      001931 23               [ 6] 4414 	inc	hl
      001932 46               [ 7] 4415 	ld	b, (hl)
      001933 78               [ 4] 4416 	ld	a, b
      001934 07               [ 4] 4417 	rlca
      001935 ED 62            [15] 4418 	sbc	hl, hl
      001937 DD 7E FB         [19] 4419 	ld	a, -5 (ix)
      00193A 81               [ 4] 4420 	add	a, c
      00193B 4F               [ 4] 4421 	ld	c, a
      00193C DD 7E FC         [19] 4422 	ld	a, -4 (ix)
      00193F 88               [ 4] 4423 	adc	a, b
      001940 47               [ 4] 4424 	ld	b, a
      001941 DD 7E FD         [19] 4425 	ld	a, -3 (ix)
      001944 8D               [ 4] 4426 	adc	a, l
      001945 5F               [ 4] 4427 	ld	e, a
      001946 DD 7E FE         [19] 4428 	ld	a, -2 (ix)
      001949 8C               [ 4] 4429 	adc	a, h
      00194A 57               [ 4] 4430 	ld	d, a
      00194B DD 6E E5         [19] 4431 	ld	l, -27 (ix)
      00194E DD 66 E6         [19] 4432 	ld	h, -26 (ix)
      001951 71               [ 7] 4433 	ld	(hl), c
      001952 23               [ 6] 4434 	inc	hl
      001953 70               [ 7] 4435 	ld	(hl), b
      001954 23               [ 6] 4436 	inc	hl
      001955 73               [ 7] 4437 	ld	(hl), e
      001956 23               [ 6] 4438 	inc	hl
      001957 72               [ 7] 4439 	ld	(hl), d
                                   4440 ;pocket_platformer.c:940: t->y += t->vy;
      001958 DD 5E E7         [19] 4441 	ld	e, -25 (ix)
      00195B DD 56 E8         [19] 4442 	ld	d, -24 (ix)
      00195E 21 2A 00         [10] 4443 	ld	hl, #42
      001961 39               [11] 4444 	add	hl, sp
      001962 EB               [ 4] 4445 	ex	de, hl
      001963 01 04 00         [10] 4446 	ld	bc, #0x0004
      001966 ED B0            [21] 4447 	ldir
      001968 DD 6E F9         [19] 4448 	ld	l, -7 (ix)
      00196B DD 66 FA         [19] 4449 	ld	h, -6 (ix)
      00196E 4E               [ 7] 4450 	ld	c, (hl)
      00196F 23               [ 6] 4451 	inc	hl
      001970 46               [ 7] 4452 	ld	b, (hl)
      001971 78               [ 4] 4453 	ld	a, b
      001972 07               [ 4] 4454 	rlca
      001973 ED 62            [15] 4455 	sbc	hl, hl
      001975 DD 7E FB         [19] 4456 	ld	a, -5 (ix)
      001978 81               [ 4] 4457 	add	a, c
      001979 4F               [ 4] 4458 	ld	c, a
      00197A DD 7E FC         [19] 4459 	ld	a, -4 (ix)
      00197D 88               [ 4] 4460 	adc	a, b
      00197E 47               [ 4] 4461 	ld	b, a
      00197F DD 7E FD         [19] 4462 	ld	a, -3 (ix)
      001982 8D               [ 4] 4463 	adc	a, l
      001983 5F               [ 4] 4464 	ld	e, a
      001984 DD 7E FE         [19] 4465 	ld	a, -2 (ix)
      001987 8C               [ 4] 4466 	adc	a, h
      001988 57               [ 4] 4467 	ld	d, a
      001989 DD 6E E7         [19] 4468 	ld	l, -25 (ix)
      00198C DD 66 E8         [19] 4469 	ld	h, -24 (ix)
      00198F 71               [ 7] 4470 	ld	(hl), c
      001990 23               [ 6] 4471 	inc	hl
      001991 70               [ 7] 4472 	ld	(hl), b
      001992 23               [ 6] 4473 	inc	hl
      001993 73               [ 7] 4474 	ld	(hl), e
      001994 23               [ 6] 4475 	inc	hl
      001995 72               [ 7] 4476 	ld	(hl), d
      001996                       4477 00113$:
                                   4478 ;pocket_platformer.c:945: int tx = (int)(t->x >> 8);
      001996 DD 6E E5         [19] 4479 	ld	l, -27 (ix)
      001999 DD 66 E6         [19] 4480 	ld	h, -26 (ix)
      00199C 23               [ 6] 4481 	inc	hl
      00199D 46               [ 7] 4482 	ld	b, (hl)
      00199E 23               [ 6] 4483 	inc	hl
      00199F 5E               [ 7] 4484 	ld	e, (hl)
      0019A0 48               [ 4] 4485 	ld	c, b
      0019A1 43               [ 4] 4486 	ld	b, e
                                   4487 ;pocket_platformer.c:946: int ty = (int)(t->y >> 8);
      0019A2 DD 6E E7         [19] 4488 	ld	l, -25 (ix)
      0019A5 DD 66 E8         [19] 4489 	ld	h, -24 (ix)
      0019A8 23               [ 6] 4490 	inc	hl
      0019A9 56               [ 7] 4491 	ld	d, (hl)
      0019AA 23               [ 6] 4492 	inc	hl
      0019AB 6E               [ 7] 4493 	ld	l, (hl)
                                   4494 ;	spillPairReg hl
                                   4495 ;	spillPairReg hl
                                   4496 ;	spillPairReg hl
      0019AC DD 72 FD         [19] 4497 	ld	-3 (ix), d
      0019AF DD 75 FE         [19] 4498 	ld	-2 (ix), l
                                   4499 ;pocket_platformer.c:947: unsigned char oob = (tx + (int)t->width < -8 ||
      0019B2 DD 6E ED         [19] 4500 	ld	l, -19 (ix)
      0019B5 DD 66 EE         [19] 4501 	ld	h, -18 (ix)
      0019B8 6E               [ 7] 4502 	ld	l, (hl)
                                   4503 ;	spillPairReg hl
      0019B9 26 00            [ 7] 4504 	ld	h, #0x00
                                   4505 ;	spillPairReg hl
                                   4506 ;	spillPairReg hl
      0019BB 09               [11] 4507 	add	hl, bc
      0019BC 11 F8 7F         [10] 4508 	ld	de, #0x7ff8
      0019BF 29               [11] 4509 	add	hl, hl
      0019C0 3F               [ 4] 4510 	ccf
      0019C1 CB 1C            [ 8] 4511 	rr	h
      0019C3 CB 1D            [ 8] 4512 	rr	l
      0019C5 ED 52            [15] 4513 	sbc	hl, de
      0019C7 38 33            [12] 4514 	jr	C, 00129$
      0019C9 3E 08            [ 7] 4515 	ld	a, #0x08
      0019CB B9               [ 4] 4516 	cp	a, c
      0019CC 3E 01            [ 7] 4517 	ld	a, #0x01
      0019CE 98               [ 4] 4518 	sbc	a, b
      0019CF E2rD4r19         [10] 4519 	jp	PO, 00240$
      0019D2 EE 80            [ 7] 4520 	xor	a, #0x80
      0019D4                       4521 00240$:
      0019D4 FArFCr19         [10] 4522 	jp	M, 00129$
      0019D7 DD 7E FD         [19] 4523 	ld	a, -3 (ix)
      0019DA D6 40            [ 7] 4524 	sub	a, #0x40
      0019DC DD 7E FE         [19] 4525 	ld	a, -2 (ix)
      0019DF 17               [ 4] 4526 	rla
      0019E0 3F               [ 4] 4527 	ccf
      0019E1 1F               [ 4] 4528 	rra
      0019E2 DE 7F            [ 7] 4529 	sbc	a, #0x7f
      0019E4 38 16            [12] 4530 	jr	C, 00129$
      0019E6 3E 80            [ 7] 4531 	ld	a, #0x80
      0019E8 DD BE FD         [19] 4532 	cp	a, -3 (ix)
      0019EB 3E 01            [ 7] 4533 	ld	a, #0x01
      0019ED DD 9E FE         [19] 4534 	sbc	a, -2 (ix)
      0019F0 E2rF5r19         [10] 4535 	jp	PO, 00241$
      0019F3 EE 80            [ 7] 4536 	xor	a, #0x80
      0019F5                       4537 00241$:
      0019F5 FArFCr19         [10] 4538 	jp	M, 00129$
      0019F8 1E 00            [ 7] 4539 	ld	e, #0x00
      0019FA 18 02            [12] 4540 	jr	00130$
      0019FC                       4541 00129$:
      0019FC 1E 01            [ 7] 4542 	ld	e, #0x01
      0019FE                       4543 00130$:
                                   4544 ;pocket_platformer.c:954: t->oob_timer++;
      0019FE DD 7E E5         [19] 4545 	ld	a, -27 (ix)
      001A01 C6 17            [ 7] 4546 	add	a, #0x17
      001A03 4F               [ 4] 4547 	ld	c, a
      001A04 DD 7E E6         [19] 4548 	ld	a, -26 (ix)
      001A07 CE 00            [ 7] 4549 	adc	a, #0x00
      001A09 47               [ 4] 4550 	ld	b, a
                                   4551 ;pocket_platformer.c:951: if (oob) {
      001A0A 7B               [ 4] 4552 	ld	a, e
      001A0B B7               [ 4] 4553 	or	a, a
      001A0C 28 6F            [12] 4554 	jr	Z, 00119$
                                   4555 ;pocket_platformer.c:952: t->is_carrying = 0;
      001A0E DD 6E F5         [19] 4556 	ld	l, -11 (ix)
      001A11 DD 66 F6         [19] 4557 	ld	h, -10 (ix)
      001A14 36 00            [10] 4558 	ld	(hl), #0x00
                                   4559 ;pocket_platformer.c:953: if (t->moving) {
      001A16 DD 6E F3         [19] 4560 	ld	l, -13 (ix)
      001A19 DD 66 F4         [19] 4561 	ld	h, -12 (ix)
      001A1C 7E               [ 7] 4562 	ld	a, (hl)
      001A1D B7               [ 4] 4563 	or	a, a
      001A1E 28 5F            [12] 4564 	jr	Z, 00121$
                                   4565 ;pocket_platformer.c:954: t->oob_timer++;
      001A20 0A               [ 7] 4566 	ld	a, (bc)
      001A21 3C               [ 4] 4567 	inc	a
      001A22 02               [ 7] 4568 	ld	(bc), a
                                   4569 ;pocket_platformer.c:955: if (t->oob_timer >= 100) {
      001A23 D6 64            [ 7] 4570 	sub	a, #0x64
      001A25 38 58            [12] 4571 	jr	C, 00121$
                                   4572 ;pocket_platformer.c:956: t->x = t->init_x;
      001A27 DD 5E E5         [19] 4573 	ld	e, -27 (ix)
      001A2A DD 56 E6         [19] 4574 	ld	d, -26 (ix)
      001A2D C5               [11] 4575 	push	bc
      001A2E 21 2C 00         [10] 4576 	ld	hl, #44
      001A31 39               [11] 4577 	add	hl, sp
      001A32 EB               [ 4] 4578 	ex	de, hl
      001A33 01 08 00         [10] 4579 	ld	bc, #0x0008
      001A36 09               [11] 4580 	add	hl, bc
      001A37 01 04 00         [10] 4581 	ld	bc, #0x0004
      001A3A ED B0            [21] 4582 	ldir
      001A3C DD 5E E5         [19] 4583 	ld	e, -27 (ix)
      001A3F DD 56 E6         [19] 4584 	ld	d, -26 (ix)
      001A42 21 2C 00         [10] 4585 	ld	hl, #44
      001A45 39               [11] 4586 	add	hl, sp
      001A46 01 04 00         [10] 4587 	ld	bc, #0x0004
      001A49 ED B0            [21] 4588 	ldir
      001A4B C1               [10] 4589 	pop	bc
                                   4590 ;pocket_platformer.c:957: t->y = t->init_y;
      001A4C DD 5E E5         [19] 4591 	ld	e, -27 (ix)
      001A4F DD 56 E6         [19] 4592 	ld	d, -26 (ix)
      001A52 C5               [11] 4593 	push	bc
      001A53 21 2C 00         [10] 4594 	ld	hl, #44
      001A56 39               [11] 4595 	add	hl, sp
      001A57 EB               [ 4] 4596 	ex	de, hl
      001A58 01 0C 00         [10] 4597 	ld	bc, #0x000c
      001A5B 09               [11] 4598 	add	hl, bc
      001A5C 01 04 00         [10] 4599 	ld	bc, #0x0004
      001A5F ED B0            [21] 4600 	ldir
      001A61 DD 5E E7         [19] 4601 	ld	e, -25 (ix)
      001A64 DD 56 E8         [19] 4602 	ld	d, -24 (ix)
      001A67 21 2C 00         [10] 4603 	ld	hl, #44
      001A6A 39               [11] 4604 	add	hl, sp
      001A6B 01 04 00         [10] 4605 	ld	bc, #0x0004
      001A6E ED B0            [21] 4606 	ldir
      001A70 C1               [10] 4607 	pop	bc
                                   4608 ;pocket_platformer.c:958: t->moving  = 0;
      001A71 DD 6E F3         [19] 4609 	ld	l, -13 (ix)
      001A74 DD 66 F4         [19] 4610 	ld	h, -12 (ix)
      001A77 36 00            [10] 4611 	ld	(hl), #0x00
                                   4612 ;pocket_platformer.c:959: t->oob_timer = 0;
      001A79 AF               [ 4] 4613 	xor	a, a
      001A7A 02               [ 7] 4614 	ld	(bc), a
      001A7B 18 02            [12] 4615 	jr	00121$
      001A7D                       4616 00119$:
                                   4617 ;pocket_platformer.c:963: t->oob_timer = 0;
      001A7D AF               [ 4] 4618 	xor	a, a
      001A7E 02               [ 7] 4619 	ld	(bc), a
      001A7F                       4620 00121$:
                                   4621 ;pocket_platformer.c:904: for (i = 0; i < tp_count; i++) {
      001A7F DD 34 FF         [23] 4622 	inc	-1 (ix)
      001A82 C3r1Fr16         [10] 4623 	jp	00124$
      001A85                       4624 00122$:
                                   4625 ;pocket_platformer.c:969: tp_carry_vx = player_bonus_x;
      001A85 11r00r00         [10] 4626 	ld	de, #_tp_carry_vx
      001A88 21 00 00         [10] 4627 	ld	hl, #0
      001A8B 39               [11] 4628 	add	hl, sp
      001A8C 01 04 00         [10] 4629 	ld	bc, #4
      001A8F ED B0            [21] 4630 	ldir
                                   4631 ;pocket_platformer.c:970: tp_carry_vy = player_bonus_y;
      001A91 11r04r00         [10] 4632 	ld	de, #_tp_carry_vy
      001A94 21 04 00         [10] 4633 	ld	hl, #4
      001A97 39               [11] 4634 	add	hl, sp
      001A98 01 04 00         [10] 4635 	ld	bc, #4
      001A9B ED B0            [21] 4636 	ldir
                                   4637 ;pocket_platformer.c:971: }
      001A9D DD F9            [10] 4638 	ld	sp, ix
      001A9F DD E1            [14] 4639 	pop	ix
      001AA1 C9               [10] 4640 	ret
                                   4641 ;pocket_platformer.c:974: static void draw_tp(void) {
                                   4642 ;	---------------------------------
                                   4643 ; Function draw_tp
                                   4644 ; ---------------------------------
      001AA2                       4645 _draw_tp:
      001AA2 DD E5            [15] 4646 	push	ix
      001AA4 DD 21 00 00      [14] 4647 	ld	ix,#0
      001AA8 DD 39            [15] 4648 	add	ix,sp
      001AAA 21 F4 FF         [10] 4649 	ld	hl, #-12
      001AAD 39               [11] 4650 	add	hl, sp
      001AAE F9               [ 6] 4651 	ld	sp, hl
                                   4652 ;pocket_platformer.c:976: for (i = 0; i < tp_count; i++) {
      001AAF DD 36 FE 00      [19] 4653 	ld	-2 (ix), #0x00
      001AB3                       4654 00116$:
      001AB3 21r69r06         [10] 4655 	ld	hl, #_tp_count
      001AB6 DD 7E FE         [19] 4656 	ld	a, -2 (ix)
      001AB9 96               [ 7] 4657 	sub	a, (hl)
      001ABA D2r15r1C         [10] 4658 	jp	NC, 00117$
                                   4659 ;pocket_platformer.c:977: tp_state *t = &tp[i];
      001ABD DD 4E FE         [19] 4660 	ld	c, -2 (ix)
      001AC0 06 00            [ 7] 4661 	ld	b, #0x00
      001AC2 69               [ 4] 4662 	ld	l, c
      001AC3 60               [ 4] 4663 	ld	h, b
      001AC4 29               [11] 4664 	add	hl, hl
      001AC5 09               [11] 4665 	add	hl, bc
      001AC6 29               [11] 4666 	add	hl, hl
      001AC7 29               [11] 4667 	add	hl, hl
      001AC8 09               [11] 4668 	add	hl, bc
      001AC9 29               [11] 4669 	add	hl, hl
      001ACA DD 75 FA         [19] 4670 	ld	-6 (ix), l
      001ACD DD 74 FB         [19] 4671 	ld	-5 (ix), h
      001AD0 DD 7E FA         [19] 4672 	ld	a, -6 (ix)
      001AD3 C6r99            [ 7] 4673 	add	a, #<(_tp)
      001AD5 DD 77 FC         [19] 4674 	ld	-4 (ix), a
      001AD8 DD 7E FB         [19] 4675 	ld	a, -5 (ix)
      001ADB CEs05            [ 7] 4676 	adc	a, #>(_tp)
      001ADD DD 77 FD         [19] 4677 	ld	-3 (ix), a
                                   4678 ;pocket_platformer.c:980: if (!t->active) continue;
      001AE0 DD 7E FC         [19] 4679 	ld	a, -4 (ix)
      001AE3 DD 77 FA         [19] 4680 	ld	-6 (ix), a
      001AE6 DD 7E FD         [19] 4681 	ld	a, -3 (ix)
      001AE9 DD 77 FB         [19] 4682 	ld	-5 (ix), a
      001AEC DD 6E FA         [19] 4683 	ld	l, -6 (ix)
      001AEF DD 66 FB         [19] 4684 	ld	h, -5 (ix)
      001AF2 11 18 00         [10] 4685 	ld	de, #0x0018
      001AF5 19               [11] 4686 	add	hl, de
      001AF6 7E               [ 7] 4687 	ld	a, (hl)
      001AF7 B7               [ 4] 4688 	or	a, a
      001AF8 CAr0Fr1C         [10] 4689 	jp	Z, 00111$
                                   4690 ;pocket_platformer.c:981: tx = (int)(t->x >> 8) - (int)camera_x;
      001AFB DD 6E FC         [19] 4691 	ld	l, -4 (ix)
      001AFE DD 66 FD         [19] 4692 	ld	h, -3 (ix)
      001B01 23               [ 6] 4693 	inc	hl
      001B02 46               [ 7] 4694 	ld	b, (hl)
      001B03 23               [ 6] 4695 	inc	hl
      001B04 5E               [ 7] 4696 	ld	e, (hl)
      001B05 78               [ 4] 4697 	ld	a, b
      001B06 2Ar2Br00         [16] 4698 	ld	hl, (_camera_x)
      001B09 95               [ 4] 4699 	sub	a, l
      001B0A 4F               [ 4] 4700 	ld	c, a
      001B0B 7B               [ 4] 4701 	ld	a, e
      001B0C 9C               [ 4] 4702 	sbc	a, h
      001B0D DD 71 F4         [19] 4703 	ld	-12 (ix), c
      001B10 DD 77 F5         [19] 4704 	ld	-11 (ix), a
                                   4705 ;pocket_platformer.c:982: ty = (int)(t->y >> 8);
      001B13 DD 4E FC         [19] 4706 	ld	c, -4 (ix)
      001B16 DD 46 FD         [19] 4707 	ld	b, -3 (ix)
      001B19 21 05 00         [10] 4708 	ld	hl,#0x5
      001B1C 09               [11] 4709 	add	hl,bc
      001B1D 46               [ 7] 4710 	ld	b, (hl)
      001B1E 23               [ 6] 4711 	inc	hl
      001B1F 5E               [ 7] 4712 	ld	e, (hl)
      001B20 DD 70 F6         [19] 4713 	ld	-10 (ix), b
      001B23 DD 73 F7         [19] 4714 	ld	-9 (ix), e
                                   4715 ;pocket_platformer.c:983: segs = t->width / TILE_SIZE;
      001B26 DD 7E FC         [19] 4716 	ld	a, -4 (ix)
      001B29 C6 14            [ 7] 4717 	add	a, #0x14
      001B2B DD 77 F8         [19] 4718 	ld	-8 (ix), a
      001B2E DD 7E FD         [19] 4719 	ld	a, -3 (ix)
      001B31 CE 00            [ 7] 4720 	adc	a, #0x00
      001B33 DD 77 F9         [19] 4721 	ld	-7 (ix), a
      001B36 DD 6E F8         [19] 4722 	ld	l, -8 (ix)
      001B39 DD 66 F9         [19] 4723 	ld	h, -7 (ix)
      001B3C 7E               [ 7] 4724 	ld	a, (hl)
      001B3D DD 77 FA         [19] 4725 	ld	-6 (ix), a
      001B40 DD 36 FB 00      [19] 4726 	ld	-5 (ix), #0x00
      001B44 DD 7E FA         [19] 4727 	ld	a, -6 (ix)
      001B47 DD 77 FC         [19] 4728 	ld	-4 (ix), a
      001B4A DD 7E FB         [19] 4729 	ld	a, -5 (ix)
      001B4D DD 77 FD         [19] 4730 	ld	-3 (ix), a
      001B50 DD CB FB 7E      [20] 4731 	bit	7, -5 (ix)
      001B54 28 10            [12] 4732 	jr	Z, 00119$
      001B56 DD 7E FA         [19] 4733 	ld	a, -6 (ix)
      001B59 C6 07            [ 7] 4734 	add	a, #0x07
      001B5B DD 77 FC         [19] 4735 	ld	-4 (ix), a
      001B5E DD 7E FB         [19] 4736 	ld	a, -5 (ix)
      001B61 CE 00            [ 7] 4737 	adc	a, #0x00
      001B63 DD 77 FD         [19] 4738 	ld	-3 (ix), a
      001B66                       4739 00119$:
      001B66 DD 4E FC         [19] 4740 	ld	c, -4 (ix)
      001B69 DD 46 FD         [19] 4741 	ld	b, -3 (ix)
      001B6C CB 28            [ 8] 4742 	sra	b
      001B6E CB 19            [ 8] 4743 	rr	c
      001B70 CB 28            [ 8] 4744 	sra	b
      001B72 CB 19            [ 8] 4745 	rr	c
      001B74 CB 28            [ 8] 4746 	sra	b
      001B76 CB 19            [ 8] 4747 	rr	c
                                   4748 ;pocket_platformer.c:985: for (seg = 0; seg < segs; seg++) {
      001B78 3E C0            [ 7] 4749 	ld	a, #0xc0
      001B7A DD BE F6         [19] 4750 	cp	a, -10 (ix)
      001B7D 3E 00            [ 7] 4751 	ld	a, #0x00
      001B7F DD 9E F7         [19] 4752 	sbc	a, -9 (ix)
      001B82 E2r87r1B         [10] 4753 	jp	PO, 00178$
      001B85 EE 80            [ 7] 4754 	xor	a, #0x80
      001B87                       4755 00178$:
      001B87 07               [ 4] 4756 	rlca
      001B88 E6 01            [ 7] 4757 	and	a,#0x01
      001B8A DD 77 FA         [19] 4758 	ld	-6 (ix), a
      001B8D DD 7E F7         [19] 4759 	ld	a, -9 (ix)
      001B90 07               [ 4] 4760 	rlca
      001B91 E6 01            [ 7] 4761 	and	a,#0x01
      001B93 DD 77 FB         [19] 4762 	ld	-5 (ix), a
      001B96 DD 36 FF 00      [19] 4763 	ld	-1 (ix), #0x00
      001B9A                       4764 00114$:
      001B9A DD 7E FF         [19] 4765 	ld	a, -1 (ix)
      001B9D 91               [ 4] 4766 	sub	a, c
      001B9E 30 6F            [12] 4767 	jr	NC, 00111$
                                   4768 ;pocket_platformer.c:986: int sx = tx - (int)(t->width / 2) + seg * TILE_SIZE;
      001BA0 DD 6E F8         [19] 4769 	ld	l, -8 (ix)
      001BA3 DD 66 F9         [19] 4770 	ld	h, -7 (ix)
      001BA6 5E               [ 7] 4771 	ld	e, (hl)
      001BA7 16 00            [ 7] 4772 	ld	d, #0x00
      001BA9 DD 73 FC         [19] 4773 	ld	-4 (ix), e
      001BAC DD 72 FD         [19] 4774 	ld	-3 (ix), d
      001BAF CB 7A            [ 8] 4775 	bit	7, d
      001BB1 28 07            [12] 4776 	jr	Z, 00120$
      001BB3 13               [ 6] 4777 	inc	de
      001BB4 DD 73 FC         [19] 4778 	ld	-4 (ix), e
      001BB7 DD 72 FD         [19] 4779 	ld	-3 (ix), d
      001BBA                       4780 00120$:
      001BBA DD 46 FC         [19] 4781 	ld	b, -4 (ix)
      001BBD DD 56 FD         [19] 4782 	ld	d, -3 (ix)
      001BC0 CB 2A            [ 8] 4783 	sra	d
      001BC2 CB 18            [ 8] 4784 	rr	b
      001BC4 DD 7E F4         [19] 4785 	ld	a, -12 (ix)
      001BC7 90               [ 4] 4786 	sub	a, b
      001BC8 5F               [ 4] 4787 	ld	e, a
      001BC9 DD 7E F5         [19] 4788 	ld	a, -11 (ix)
      001BCC 9A               [ 4] 4789 	sbc	a, d
      001BCD 57               [ 4] 4790 	ld	d, a
      001BCE DD 6E FF         [19] 4791 	ld	l, -1 (ix)
                                   4792 ;	spillPairReg hl
                                   4793 ;	spillPairReg hl
      001BD1 26 00            [ 7] 4794 	ld	h, #0x00
                                   4795 ;	spillPairReg hl
                                   4796 ;	spillPairReg hl
      001BD3 29               [11] 4797 	add	hl, hl
      001BD4 29               [11] 4798 	add	hl, hl
      001BD5 29               [11] 4799 	add	hl, hl
      001BD6 19               [11] 4800 	add	hl, de
                                   4801 ;pocket_platformer.c:987: if (sx < -8 || sx > SCREEN_PX_W) continue;
      001BD7 7D               [ 4] 4802 	ld	a, l
      001BD8 D6 F8            [ 7] 4803 	sub	a, #0xf8
      001BDA 7C               [ 4] 4804 	ld	a, h
      001BDB 17               [ 4] 4805 	rla
      001BDC 3F               [ 4] 4806 	ccf
      001BDD 1F               [ 4] 4807 	rra
      001BDE DE 7F            [ 7] 4808 	sbc	a, #0x7f
      001BE0 38 28            [12] 4809 	jr	C, 00109$
      001BE2 AF               [ 4] 4810 	xor	a, a
      001BE3 BD               [ 4] 4811 	cp	a, l
      001BE4 3E 01            [ 7] 4812 	ld	a, #0x01
      001BE6 9C               [ 4] 4813 	sbc	a, h
      001BE7 E2rECr1B         [10] 4814 	jp	PO, 00179$
      001BEA EE 80            [ 7] 4815 	xor	a, #0x80
      001BEC                       4816 00179$:
      001BEC FAr0Ar1C         [10] 4817 	jp	M, 00109$
                                   4818 ;pocket_platformer.c:988: if (ty < 0  || ty > SCREEN_PX_H)  continue;
      001BEF DD 7E FB         [19] 4819 	ld	a, -5 (ix)
      001BF2 B7               [ 4] 4820 	or	a, a
      001BF3 20 15            [12] 4821 	jr	NZ, 00109$
      001BF5 DD 7E FA         [19] 4822 	ld	a, -6 (ix)
      001BF8 B7               [ 4] 4823 	or	a, a
      001BF9 20 0F            [12] 4824 	jr	NZ, 00109$
                                   4825 ;pocket_platformer.c:989: SMS_addSprite((unsigned char)sx, (unsigned char)ty,
                                   4826 ;	spillPairReg hl
                                   4827 ;	spillPairReg hl
      001BFB 55               [ 4] 4828 	ld	d, l
      001BFC AF               [ 4] 4829 	xor	a, a
      001BFD F6 0F            [ 7] 4830 	or	a, #0x0f
      001BFF 5F               [ 4] 4831 	ld	e, a
      001C00 DD 6E F6         [19] 4832 	ld	l, -10 (ix)
                                   4833 ;	spillPairReg hl
                                   4834 ;	spillPairReg hl
      001C03 26 00            [ 7] 4835 	ld	h, #0x00
                                   4836 ;	spillPairReg hl
                                   4837 ;	spillPairReg hl
      001C05 C5               [11] 4838 	push	bc
      001C06 CDr00r00         [17] 4839 	call	_SMS_addSprite_f
      001C09 C1               [10] 4840 	pop	bc
      001C0A                       4841 00109$:
                                   4842 ;pocket_platformer.c:985: for (seg = 0; seg < segs; seg++) {
      001C0A DD 34 FF         [23] 4843 	inc	-1 (ix)
      001C0D 18 8B            [12] 4844 	jr	00114$
      001C0F                       4845 00111$:
                                   4846 ;pocket_platformer.c:976: for (i = 0; i < tp_count; i++) {
      001C0F DD 34 FE         [23] 4847 	inc	-2 (ix)
      001C12 C3rB3r1A         [10] 4848 	jp	00116$
      001C15                       4849 00117$:
                                   4850 ;pocket_platformer.c:993: }
      001C15 DD F9            [10] 4851 	ld	sp, ix
      001C17 DD E1            [14] 4852 	pop	ix
      001C19 C9               [10] 4853 	ret
                                   4854 ;pocket_platformer.c:998: static void barrel_enter(level_object *obj) {
                                   4855 ;	---------------------------------
                                   4856 ; Function barrel_enter
                                   4857 ; ---------------------------------
      001C1A                       4858 _barrel_enter:
      001C1A DD E5            [15] 4859 	push	ix
      001C1C DD 21 00 00      [14] 4860 	ld	ix,#0
      001C20 DD 39            [15] 4861 	add	ix,sp
      001C22 3B               [ 6] 4862 	dec	sp
      001C23 EB               [ 4] 4863 	ex	de, hl
                                   4864 ;pocket_platformer.c:999: unsigned char raw_y = obj->y & 0x3F;
      001C24 4B               [ 4] 4865 	ld	c, e
      001C25 42               [ 4] 4866 	ld	b, d
      001C26 03               [ 6] 4867 	inc	bc
      001C27 0A               [ 7] 4868 	ld	a, (bc)
      001C28 F5               [11] 4869 	push	af
      001C29 E6 3F            [ 7] 4870 	and	a, #0x3f
      001C2B DD 77 FF         [19] 4871 	ld	-1 (ix), a
      001C2E F1               [10] 4872 	pop	af
                                   4873 ;pocket_platformer.c:1000: barrel_dir  = obj->y >> 6;
      001C2F 07               [ 4] 4874 	rlca
      001C30 07               [ 4] 4875 	rlca
      001C31 E6 03            [ 7] 4876 	and	a, #0x03
      001C33 32r6Br06         [13] 4877 	ld	(_barrel_dir+0), a
                                   4878 ;pocket_platformer.c:1001: barrel_cx   = (long)obj->x * TILE_SIZE * FP_ONE + FP(TILE_SIZE / 2) - FP(PLAYER_W / 2);
      001C36 1A               [ 7] 4879 	ld	a, (de)
      001C37 4F               [ 4] 4880 	ld	c, a
      001C38 06 00            [ 7] 4881 	ld	b, #0x00
      001C3A 11 00 00         [10] 4882 	ld	de, #0x0000
      001C3D 53               [ 4] 4883 	ld	d, e
      001C3E 58               [ 4] 4884 	ld	e, b
      001C3F 41               [ 4] 4885 	ld	b, c
      001C40 0E 00            [ 7] 4886 	ld	c, #0x00
      001C42 3E 03            [ 7] 4887 	ld	a, #0x03
      001C44                       4888 00103$:
      001C44 CB 20            [ 8] 4889 	sla	b
      001C46 CB 13            [ 8] 4890 	rl	e
      001C48 CB 12            [ 8] 4891 	rl	d
      001C4A 3D               [ 4] 4892 	dec	a
      001C4B 20 F7            [12] 4893 	jr	NZ,00103$
      001C4D 79               [ 4] 4894 	ld	a, c
      001C4E 21r6Cr06         [10] 4895 	ld	hl, #_barrel_cx
      001C51 77               [ 7] 4896 	ld	(hl), a
      001C52 23               [ 6] 4897 	inc	hl
      001C53 78               [ 4] 4898 	ld	a, b
      001C54 C6 01            [ 7] 4899 	add	a, #0x01
      001C56 77               [ 7] 4900 	ld	(hl), a
      001C57 23               [ 6] 4901 	inc	hl
      001C58 7B               [ 4] 4902 	ld	a, e
      001C59 CE 00            [ 7] 4903 	adc	a, #0x00
      001C5B 77               [ 7] 4904 	ld	(hl), a
      001C5C 23               [ 6] 4905 	inc	hl
      001C5D 7A               [ 4] 4906 	ld	a, d
      001C5E CE 00            [ 7] 4907 	adc	a, #0x00
      001C60 77               [ 7] 4908 	ld	(hl), a
                                   4909 ;pocket_platformer.c:1002: barrel_cy   = (long)raw_y  * TILE_SIZE * FP_ONE + FP(TILE_SIZE / 2) - FP(PLAYER_H / 2);
      001C61 DD 5E FF         [19] 4910 	ld	e, -1 (ix)
      001C64 16 00            [ 7] 4911 	ld	d, #0x00
      001C66 21 00 00         [10] 4912 	ld	hl, #0x0000
      001C69 65               [ 4] 4913 	ld	h, l
                                   4914 ;	spillPairReg hl
                                   4915 ;	spillPairReg hl
      001C6A 6A               [ 4] 4916 	ld	l, d
                                   4917 ;	spillPairReg hl
                                   4918 ;	spillPairReg hl
      001C6B 53               [ 4] 4919 	ld	d, e
      001C6C 1E 00            [ 7] 4920 	ld	e, #0x00
      001C6E 06 03            [ 7] 4921 	ld	b, #0x03
      001C70                       4922 00105$:
      001C70 CB 22            [ 8] 4923 	sla	d
      001C72 ED 6A            [15] 4924 	adc	hl, hl
      001C74 10 FA            [13] 4925 	djnz	00105$
      001C76 ED 53r70r06      [20] 4926 	ld	(_barrel_cy), de
      001C7A 22r72r06         [16] 4927 	ld	(_barrel_cy + 2), hl
                                   4928 ;pocket_platformer.c:1003: barrel_active        = 1;
      001C7D 21r6Ar06         [10] 4929 	ld	hl, #_barrel_active
      001C80 36 01            [10] 4930 	ld	(hl), #0x01
                                   4931 ;pocket_platformer.c:1004: barrel_btn_released  = 0;
      001C82 21r74r06         [10] 4932 	ld	hl, #_barrel_btn_released
      001C85 36 00            [10] 4933 	ld	(hl), #0x00
                                   4934 ;pocket_platformer.c:1005: player.vx = player.vy = 0;
      001C87 21 00 00         [10] 4935 	ld	hl, #0x0000
      001C8A 22r18r00         [16] 4936 	ld	((_player + 12)), hl
      001C8D 22r1Ar00         [16] 4937 	ld	((_player + 12)+2), hl
      001C90 22r14r00         [16] 4938 	ld	((_player + 8)), hl
      001C93 22r16r00         [16] 4939 	ld	((_player + 8)+2), hl
                                   4940 ;pocket_platformer.c:1006: player.jumping = player.falling = player.on_ground = 0;
      001C96 21r1Cr00         [10] 4941 	ld	hl, #(_player + 16)
      001C99 36 00            [10] 4942 	ld	(hl), #0x00
      001C9B 21r1Dr00         [10] 4943 	ld	hl, #(_player + 17)
      001C9E 36 00            [10] 4944 	ld	(hl), #0x00
      001CA0 21r1Er00         [10] 4945 	ld	hl, #(_player + 18)
      001CA3 36 00            [10] 4946 	ld	(hl), #0x00
                                   4947 ;pocket_platformer.c:1007: player.wall_jumping = 0;
      001CA5 21r1Fr00         [10] 4948 	ld	hl, #(_player + 19)
      001CA8 36 00            [10] 4949 	ld	(hl), #0x00
                                   4950 ;pocket_platformer.c:1008: }
      001CAA 33               [ 6] 4951 	inc	sp
      001CAB DD E1            [14] 4952 	pop	ix
      001CAD C9               [10] 4953 	ret
                                   4954 ;pocket_platformer.c:1010: static void barrel_update(unsigned char joy) {
                                   4955 ;	---------------------------------
                                   4956 ; Function barrel_update
                                   4957 ; ---------------------------------
      001CAE                       4958 _barrel_update:
      001CAE DD E5            [15] 4959 	push	ix
      001CB0 DD 21 00 00      [14] 4960 	ld	ix,#0
      001CB4 DD 39            [15] 4961 	add	ix,sp
      001CB6 F5               [11] 4962 	push	af
      001CB7 F5               [11] 4963 	push	af
      001CB8 4F               [ 4] 4964 	ld	c, a
                                   4965 ;pocket_platformer.c:1012: player.x  = barrel_cx;
      001CB9 21r0Cr00         [10] 4966 	ld	hl, #_player
      001CBC 3Ar6Cr06         [13] 4967 	ld	a, (_barrel_cx+0)
      001CBF 77               [ 7] 4968 	ld	(hl), a
      001CC0 23               [ 6] 4969 	inc	hl
      001CC1 3Ar6Dr06         [13] 4970 	ld	a, (_barrel_cx+1)
      001CC4 77               [ 7] 4971 	ld	(hl), a
      001CC5 23               [ 6] 4972 	inc	hl
      001CC6 3Ar6Er06         [13] 4973 	ld	a, (_barrel_cx+2)
      001CC9 77               [ 7] 4974 	ld	(hl), a
      001CCA 23               [ 6] 4975 	inc	hl
      001CCB 3Ar6Fr06         [13] 4976 	ld	a, (_barrel_cx+3)
      001CCE 77               [ 7] 4977 	ld	(hl), a
                                   4978 ;pocket_platformer.c:1013: player.y  = barrel_cy;
      001CCF 21r10r00         [10] 4979 	ld	hl, #(_player + 4)
      001CD2 3Ar70r06         [13] 4980 	ld	a, (_barrel_cy+0)
      001CD5 77               [ 7] 4981 	ld	(hl), a
      001CD6 23               [ 6] 4982 	inc	hl
      001CD7 3Ar71r06         [13] 4983 	ld	a, (_barrel_cy+1)
      001CDA 77               [ 7] 4984 	ld	(hl), a
      001CDB 23               [ 6] 4985 	inc	hl
      001CDC 3Ar72r06         [13] 4986 	ld	a, (_barrel_cy+2)
      001CDF 77               [ 7] 4987 	ld	(hl), a
      001CE0 23               [ 6] 4988 	inc	hl
      001CE1 3Ar73r06         [13] 4989 	ld	a, (_barrel_cy+3)
      001CE4 77               [ 7] 4990 	ld	(hl), a
                                   4991 ;pocket_platformer.c:1014: player.vx = player.vy = 0;
      001CE5 21 00 00         [10] 4992 	ld	hl, #0x0000
      001CE8 22r18r00         [16] 4993 	ld	((_player + 12)), hl
      001CEB 22r1Ar00         [16] 4994 	ld	((_player + 12)+2), hl
      001CEE 22r14r00         [16] 4995 	ld	((_player + 8)), hl
      001CF1 22r16r00         [16] 4996 	ld	((_player + 8)+2), hl
                                   4997 ;pocket_platformer.c:1015: player.jumping = player.falling = 0;
      001CF4 21r1Dr00         [10] 4998 	ld	hl, #(_player + 17)
      001CF7 36 00            [10] 4999 	ld	(hl), #0x00
      001CF9 21r1Er00         [10] 5000 	ld	hl, #(_player + 18)
      001CFC 36 00            [10] 5001 	ld	(hl), #0x00
                                   5002 ;pocket_platformer.c:1017: if (!(joy & PORT_A_KEY_1))
      001CFE 79               [ 4] 5003 	ld	a, c
      001CFF E6 10            [ 7] 5004 	and	a, #0x10
      001D01 4F               [ 4] 5005 	ld	c, a
      001D02 06 00            [ 7] 5006 	ld	b, #0x00
      001D04 78               [ 4] 5007 	ld	a, b
      001D05 B1               [ 4] 5008 	or	a, c
      001D06 20 05            [12] 5009 	jr	NZ, 00102$
                                   5010 ;pocket_platformer.c:1018: barrel_btn_released = 1;
      001D08 3E 01            [ 7] 5011 	ld	a, #0x01
      001D0A 32r74r06         [13] 5012 	ld	(#_barrel_btn_released), a
      001D0D                       5013 00102$:
                                   5014 ;pocket_platformer.c:1020: if (barrel_btn_released && (joy & PORT_A_KEY_1)) {
      001D0D 3Ar74r06         [13] 5015 	ld	a, (_barrel_btn_released+0)
      001D10 B7               [ 4] 5016 	or	a, a
      001D11 CAr44r1E         [10] 5017 	jp	Z, 00111$
      001D14 78               [ 4] 5018 	ld	a, b
      001D15 B1               [ 4] 5019 	or	a, c
      001D16 CAr44r1E         [10] 5020 	jp	Z, 00111$
                                   5021 ;pocket_platformer.c:1022: barrel_active = 0;
      001D19 AF               [ 4] 5022 	xor	a, a
      001D1A 32r6Ar06         [13] 5023 	ld	(#_barrel_active), a
                                   5024 ;pocket_platformer.c:1023: switch (barrel_dir) {
      001D1D 3Ar6Br06         [13] 5025 	ld	a, (_barrel_dir+0)
      001D20 B7               [ 4] 5026 	or	a, a
      001D21 28 16            [12] 5027 	jr	Z, 00103$
      001D23 3Ar6Br06         [13] 5028 	ld	a, (_barrel_dir+0)
      001D26 3D               [ 4] 5029 	dec	a
      001D27 CArCDr1D         [10] 5030 	jp	Z,00105$
      001D2A 3Ar6Br06         [13] 5031 	ld	a,(_barrel_dir+0)
      001D2D FE 02            [ 7] 5032 	cp	a,#0x02
      001D2F 28 4F            [12] 5033 	jr	Z, 00104$
      001D31 D6 03            [ 7] 5034 	sub	a, #0x03
      001D33 CAr0Cr1E         [10] 5035 	jp	Z,00106$
      001D36 C3r3Fr1E         [10] 5036 	jp	00107$
                                   5037 ;pocket_platformer.c:1024: case BARREL_DIR_RIGHT:
      001D39                       5038 00103$:
                                   5039 ;pocket_platformer.c:1025: player.x  = barrel_cx + FP(TILE_SIZE);
      001D39 3Ar6Cr06         [13] 5040 	ld	a, (_barrel_cx+0)
      001D3C DD 77 FC         [19] 5041 	ld	-4 (ix), a
      001D3F 3Ar6Dr06         [13] 5042 	ld	a, (_barrel_cx+1)
      001D42 C6 08            [ 7] 5043 	add	a, #0x08
      001D44 DD 77 FD         [19] 5044 	ld	-3 (ix), a
      001D47 3Ar6Er06         [13] 5045 	ld	a, (_barrel_cx+2)
      001D4A CE 00            [ 7] 5046 	adc	a, #0x00
      001D4C DD 77 FE         [19] 5047 	ld	-2 (ix), a
      001D4F 3Ar6Fr06         [13] 5048 	ld	a, (_barrel_cx+3)
      001D52 CE 00            [ 7] 5049 	adc	a, #0x00
      001D54 DD 77 FF         [19] 5050 	ld	-1 (ix), a
      001D57 11r0Cr00         [10] 5051 	ld	de, #_player
      001D5A 21 00 00         [10] 5052 	ld	hl, #0
      001D5D 39               [11] 5053 	add	hl, sp
      001D5E 01 04 00         [10] 5054 	ld	bc, #0x0004
      001D61 ED B0            [21] 5055 	ldir
                                   5056 ;pocket_platformer.c:1026: player.vx = BARREL_LAUNCH_SPEED_H;
      001D63 21 00 02         [10] 5057 	ld	hl, #0x0200
      001D66 22r14r00         [16] 5058 	ld	((_player + 8)), hl
      001D69 65               [ 4] 5059 	ld	h, l
      001D6A 22r16r00         [16] 5060 	ld	((_player + 8)+2), hl
                                   5061 ;pocket_platformer.c:1027: player.vy = 0;
      001D6D 22r18r00         [16] 5062 	ld	((_player + 12)), hl
      001D70 22r1Ar00         [16] 5063 	ld	((_player + 12)+2), hl
                                   5064 ;pocket_platformer.c:1028: player.falling = 1;
      001D73 21r1Dr00         [10] 5065 	ld	hl, #(_player + 17)
      001D76 36 01            [10] 5066 	ld	(hl), #0x01
                                   5067 ;pocket_platformer.c:1029: barrel_launched_h = 1;
      001D78 21r76r06         [10] 5068 	ld	hl, #_barrel_launched_h
      001D7B 36 01            [10] 5069 	ld	(hl), #0x01
                                   5070 ;pocket_platformer.c:1030: break;
      001D7D C3r3Fr1E         [10] 5071 	jp	00107$
                                   5072 ;pocket_platformer.c:1031: case BARREL_DIR_LEFT:
      001D80                       5073 00104$:
                                   5074 ;pocket_platformer.c:1032: player.x  = barrel_cx - FP(TILE_SIZE);
      001D80 3Ar6Cr06         [13] 5075 	ld	a, (_barrel_cx+0)
      001D83 C6 00            [ 7] 5076 	add	a, #0x00
      001D85 DD 77 FC         [19] 5077 	ld	-4 (ix), a
      001D88 3Ar6Dr06         [13] 5078 	ld	a, (_barrel_cx+1)
      001D8B CE F8            [ 7] 5079 	adc	a, #0xf8
      001D8D DD 77 FD         [19] 5080 	ld	-3 (ix), a
      001D90 3Ar6Er06         [13] 5081 	ld	a, (_barrel_cx+2)
      001D93 CE FF            [ 7] 5082 	adc	a, #0xff
      001D95 DD 77 FE         [19] 5083 	ld	-2 (ix), a
      001D98 3Ar6Fr06         [13] 5084 	ld	a, (_barrel_cx+3)
      001D9B CE FF            [ 7] 5085 	adc	a, #0xff
      001D9D DD 77 FF         [19] 5086 	ld	-1 (ix), a
      001DA0 11r0Cr00         [10] 5087 	ld	de, #_player
      001DA3 21 00 00         [10] 5088 	ld	hl, #0
      001DA6 39               [11] 5089 	add	hl, sp
      001DA7 01 04 00         [10] 5090 	ld	bc, #0x0004
      001DAA ED B0            [21] 5091 	ldir
                                   5092 ;pocket_platformer.c:1033: player.vx = -BARREL_LAUNCH_SPEED_H;
      001DAC 21 00 FE         [10] 5093 	ld	hl, #0xfe00
      001DAF 22r14r00         [16] 5094 	ld	((_player + 8)), hl
      001DB2 21 FF FF         [10] 5095 	ld	hl, #0xffff
      001DB5 22r16r00         [16] 5096 	ld	((_player + 8)+2), hl
                                   5097 ;pocket_platformer.c:1034: player.vy = 0;
      001DB8 21 00 00         [10] 5098 	ld	hl, #0x0000
      001DBB 22r18r00         [16] 5099 	ld	((_player + 12)), hl
      001DBE 22r1Ar00         [16] 5100 	ld	((_player + 12)+2), hl
                                   5101 ;pocket_platformer.c:1035: player.falling = 1;
      001DC1 21r1Dr00         [10] 5102 	ld	hl, #(_player + 17)
      001DC4 36 01            [10] 5103 	ld	(hl), #0x01
                                   5104 ;pocket_platformer.c:1036: barrel_launched_h = 1;
      001DC6 21r76r06         [10] 5105 	ld	hl, #_barrel_launched_h
      001DC9 36 01            [10] 5106 	ld	(hl), #0x01
                                   5107 ;pocket_platformer.c:1037: break;
      001DCB 18 72            [12] 5108 	jr	00107$
                                   5109 ;pocket_platformer.c:1038: case BARREL_DIR_TOP:
      001DCD                       5110 00105$:
                                   5111 ;pocket_platformer.c:1039: player.y    = barrel_cy - FP(TILE_SIZE);
      001DCD 3Ar70r06         [13] 5112 	ld	a, (_barrel_cy+0)
      001DD0 4F               [ 4] 5113 	ld	c,a
      001DD1 3Ar71r06         [13] 5114 	ld	a,(_barrel_cy+1)
      001DD4 C6 F8            [ 7] 5115 	add	a,#0xf8
      001DD6 47               [ 4] 5116 	ld	b, a
      001DD7 3Ar72r06         [13] 5117 	ld	a, (_barrel_cy+2)
      001DDA CE FF            [ 7] 5118 	adc	a, #0xff
      001DDC 5F               [ 4] 5119 	ld	e, a
      001DDD 3Ar73r06         [13] 5120 	ld	a, (_barrel_cy+3)
      001DE0 CE FF            [ 7] 5121 	adc	a, #0xff
      001DE2 57               [ 4] 5122 	ld	d, a
      001DE3 ED 43r10r00      [20] 5123 	ld	((_player + 4)), bc
      001DE7 ED 53r12r00      [20] 5124 	ld	((_player + 4)+2), de
                                   5125 ;pocket_platformer.c:1040: player.vy   = -BARREL_LAUNCH_SPEED_V;
      001DEB 21 00 FA         [10] 5126 	ld	hl, #0xfa00
      001DEE 22r18r00         [16] 5127 	ld	((_player + 12)), hl
      001DF1 21 FF FF         [10] 5128 	ld	hl, #0xffff
      001DF4 22r1Ar00         [16] 5129 	ld	((_player + 12)+2), hl
                                   5130 ;pocket_platformer.c:1041: player.vx   = 0;
      001DF7 21 00 00         [10] 5131 	ld	hl, #0x0000
      001DFA 22r14r00         [16] 5132 	ld	((_player + 8)), hl
      001DFD 22r16r00         [16] 5133 	ld	((_player + 8)+2), hl
                                   5134 ;pocket_platformer.c:1042: player.jumping = 0;
      001E00 21r1Er00         [10] 5135 	ld	hl, #(_player + 18)
      001E03 36 00            [10] 5136 	ld	(hl), #0x00
                                   5137 ;pocket_platformer.c:1043: player.falling = 1;
      001E05 21r1Dr00         [10] 5138 	ld	hl, #(_player + 17)
      001E08 36 01            [10] 5139 	ld	(hl), #0x01
                                   5140 ;pocket_platformer.c:1044: break;
      001E0A 18 33            [12] 5141 	jr	00107$
                                   5142 ;pocket_platformer.c:1045: case BARREL_DIR_BOTTOM:
      001E0C                       5143 00106$:
                                   5144 ;pocket_platformer.c:1046: player.y    = barrel_cy + FP(TILE_SIZE);
      001E0C 3Ar70r06         [13] 5145 	ld	a, (#_barrel_cy + 0)
      001E0F 4F               [ 4] 5146 	ld	c, a
      001E10 3Ar71r06         [13] 5147 	ld	a, (_barrel_cy+1)
      001E13 C6 08            [ 7] 5148 	add	a, #0x08
      001E15 47               [ 4] 5149 	ld	b, a
      001E16 3Ar72r06         [13] 5150 	ld	a, (_barrel_cy+2)
      001E19 CE 00            [ 7] 5151 	adc	a, #0x00
      001E1B 5F               [ 4] 5152 	ld	e, a
      001E1C 3Ar73r06         [13] 5153 	ld	a, (_barrel_cy+3)
      001E1F CE 00            [ 7] 5154 	adc	a, #0x00
      001E21 57               [ 4] 5155 	ld	d, a
      001E22 ED 43r10r00      [20] 5156 	ld	((_player + 4)), bc
      001E26 ED 53r12r00      [20] 5157 	ld	((_player + 4)+2), de
                                   5158 ;pocket_platformer.c:1047: player.vy   = BARREL_LAUNCH_SPEED_V;
      001E2A 21 00 06         [10] 5159 	ld	hl, #0x0600
      001E2D 22r18r00         [16] 5160 	ld	((_player + 12)), hl
      001E30 65               [ 4] 5161 	ld	h, l
      001E31 22r1Ar00         [16] 5162 	ld	((_player + 12)+2), hl
                                   5163 ;pocket_platformer.c:1048: player.vx   = 0;
      001E34 22r14r00         [16] 5164 	ld	((_player + 8)), hl
      001E37 22r16r00         [16] 5165 	ld	((_player + 8)+2), hl
                                   5166 ;pocket_platformer.c:1049: player.falling = 1;
      001E3A 21r1Dr00         [10] 5167 	ld	hl, #(_player + 17)
      001E3D 36 01            [10] 5168 	ld	(hl), #0x01
                                   5169 ;pocket_platformer.c:1051: }
      001E3F                       5170 00107$:
                                   5171 ;pocket_platformer.c:1052: barrel_launched = 1;
      001E3F 21r75r06         [10] 5172 	ld	hl, #_barrel_launched
      001E42 36 01            [10] 5173 	ld	(hl), #0x01
      001E44                       5174 00111$:
                                   5175 ;pocket_platformer.c:1054: }
      001E44 DD F9            [10] 5176 	ld	sp, ix
      001E46 DD E1            [14] 5177 	pop	ix
      001E48 C9               [10] 5178 	ret
                                   5179 ;pocket_platformer.c:1061: static void apply_gravity(void) {
                                   5180 ;	---------------------------------
                                   5181 ; Function apply_gravity
                                   5182 ; ---------------------------------
      001E49                       5183 _apply_gravity:
                                   5184 ;pocket_platformer.c:1063: if (player.falling && !barrel_launched_h) {
      001E49 3Ar1Dr00         [13] 5185 	ld	a, (#_player + 17)
      001E4C B7               [ 4] 5186 	or	a, a
      001E4D C8               [11] 5187 	ret	Z
      001E4E 3Ar76r06         [13] 5188 	ld	a, (_barrel_launched_h+0)
      001E51 B7               [ 4] 5189 	or	a, a
      001E52 C0               [11] 5190 	ret	NZ
                                   5191 ;pocket_platformer.c:1064: player.vy += GRAVITY;
      001E53 2Ar18r00         [16] 5192 	ld	hl, (#(_player + 12) + 0)
      001E56 ED 5Br1Ar00      [20] 5193 	ld	de, (#(_player + 12) + 2)
      001E5A 7D               [ 4] 5194 	ld	a, l
      001E5B C6 2A            [ 7] 5195 	add	a, #0x2a
      001E5D 4F               [ 4] 5196 	ld	c, a
      001E5E 7C               [ 4] 5197 	ld	a, h
      001E5F CE 00            [ 7] 5198 	adc	a, #0x00
      001E61 47               [ 4] 5199 	ld	b, a
      001E62 30 01            [12] 5200 	jr	NC, 00123$
      001E64 13               [ 6] 5201 	inc	de
      001E65                       5202 00123$:
      001E65 ED 43r18r00      [20] 5203 	ld	((_player + 12)), bc
      001E69 ED 53r1Ar00      [20] 5204 	ld	((_player + 12)+2), de
                                   5205 ;pocket_platformer.c:1065: if (player.vy > MAX_VY)
      001E6D AF               [ 4] 5206 	xor	a, a
      001E6E B9               [ 4] 5207 	cp	a, c
      001E6F 3E 07            [ 7] 5208 	ld	a, #0x07
      001E71 98               [ 4] 5209 	sbc	a, b
      001E72 3E 00            [ 7] 5210 	ld	a, #0x00
      001E74 9B               [ 4] 5211 	sbc	a, e
      001E75 3E 00            [ 7] 5212 	ld	a, #0x00
      001E77 9A               [ 4] 5213 	sbc	a, d
      001E78 E2r7Dr1E         [10] 5214 	jp	PO, 00124$
      001E7B EE 80            [ 7] 5215 	xor	a, #0x80
      001E7D                       5216 00124$:
      001E7D F0               [11] 5217 	ret	P
                                   5218 ;pocket_platformer.c:1066: player.vy = MAX_VY;
      001E7E 21 00 07         [10] 5219 	ld	hl, #0x0700
      001E81 22r18r00         [16] 5220 	ld	((_player + 12)), hl
      001E84 65               [ 4] 5221 	ld	h, l
      001E85 22r1Ar00         [16] 5222 	ld	((_player + 12)+2), hl
                                   5223 ;pocket_platformer.c:1068: }
      001E88 C9               [10] 5224 	ret
                                   5225 ;pocket_platformer.c:1070: static void handle_input(unsigned int joy, unsigned int joy_pressed) {
                                   5226 ;	---------------------------------
                                   5227 ; Function handle_input
                                   5228 ; ---------------------------------
      001E89                       5229 _handle_input:
      001E89 DD E5            [15] 5230 	push	ix
      001E8B DD 21 00 00      [14] 5231 	ld	ix,#0
      001E8F DD 39            [15] 5232 	add	ix,sp
      001E91 FD 21 ED FF      [14] 5233 	ld	iy, #-19
      001E95 FD 39            [15] 5234 	add	iy, sp
      001E97 FD F9            [10] 5235 	ld	sp, iy
      001E99 DD 75 FE         [19] 5236 	ld	-2 (ix), l
      001E9C DD 74 FF         [19] 5237 	ld	-1 (ix), h
      001E9F DD 73 FC         [19] 5238 	ld	-4 (ix), e
      001EA2 DD 72 FD         [19] 5239 	ld	-3 (ix), d
                                   5240 ;pocket_platformer.c:1071: long max_spd = (long)res_physics->max_speed;
      001EA5 2Ar02r00         [16] 5241 	ld	hl, (_res_physics)
      001EA8 DD 75 F5         [19] 5242 	ld	-11 (ix), l
      001EAB DD 74 F6         [19] 5243 	ld	-10 (ix), h
      001EAE 4E               [ 7] 5244 	ld	c, (hl)
      001EAF 23               [ 6] 5245 	inc	hl
      001EB0 7E               [ 7] 5246 	ld	a, (hl)
      001EB1 47               [ 4] 5247 	ld	b, a
      001EB2 07               [ 4] 5248 	rlca
      001EB3 9F               [ 4] 5249 	sbc	a, a
      001EB4 5F               [ 4] 5250 	ld	e, a
      001EB5 57               [ 4] 5251 	ld	d, a
                                   5252 ;pocket_platformer.c:1072: long accel = player.on_ground ? (long)res_physics->ground_accel : (long)res_physics->air_accel;
      001EB6 3Ar1Cr00         [13] 5253 	ld	a, (#(_player + 16) + 0)
      001EB9 DD 77 F7         [19] 5254 	ld	-9 (ix), a
      001EBC B7               [ 4] 5255 	or	a, a
      001EBD 28 1C            [12] 5256 	jr	Z, 00171$
      001EBF DD 6E F5         [19] 5257 	ld	l, -11 (ix)
                                   5258 ;	spillPairReg hl
                                   5259 ;	spillPairReg hl
      001EC2 DD 66 F6         [19] 5260 	ld	h, -10 (ix)
                                   5261 ;	spillPairReg hl
                                   5262 ;	spillPairReg hl
      001EC5 23               [ 6] 5263 	inc	hl
      001EC6 23               [ 6] 5264 	inc	hl
      001EC7 23               [ 6] 5265 	inc	hl
      001EC8 7E               [ 7] 5266 	ld	a, (hl)
      001EC9 2B               [ 6] 5267 	dec	hl
      001ECA 6E               [ 7] 5268 	ld	l, (hl)
                                   5269 ;	spillPairReg hl
      001ECB DD 75 F8         [19] 5270 	ld	-8 (ix), l
      001ECE DD 77 F9         [19] 5271 	ld	-7 (ix), a
      001ED1 07               [ 4] 5272 	rlca
      001ED2 9F               [ 4] 5273 	sbc	a, a
      001ED3 DD 77 FA         [19] 5274 	ld	-6 (ix), a
      001ED6 DD 77 FB         [19] 5275 	ld	-5 (ix), a
      001ED9 18 1D            [12] 5276 	jr	00172$
      001EDB                       5277 00171$:
      001EDB DD 6E F5         [19] 5278 	ld	l, -11 (ix)
                                   5279 ;	spillPairReg hl
                                   5280 ;	spillPairReg hl
      001EDE DD 66 F6         [19] 5281 	ld	h, -10 (ix)
                                   5282 ;	spillPairReg hl
                                   5283 ;	spillPairReg hl
      001EE1 C5               [11] 5284 	push	bc
      001EE2 01 07 00         [10] 5285 	ld	bc, #0x0007
      001EE5 09               [11] 5286 	add	hl, bc
      001EE6 C1               [10] 5287 	pop	bc
      001EE7 7E               [ 7] 5288 	ld	a, (hl)
      001EE8 2B               [ 6] 5289 	dec	hl
      001EE9 6E               [ 7] 5290 	ld	l, (hl)
                                   5291 ;	spillPairReg hl
      001EEA DD 75 F8         [19] 5292 	ld	-8 (ix), l
      001EED DD 77 F9         [19] 5293 	ld	-7 (ix), a
      001EF0 07               [ 4] 5294 	rlca
      001EF1 9F               [ 4] 5295 	sbc	a, a
      001EF2 DD 77 FA         [19] 5296 	ld	-6 (ix), a
      001EF5 DD 77 FB         [19] 5297 	ld	-5 (ix), a
      001EF8                       5298 00172$:
                                   5299 ;pocket_platformer.c:1073: long fric  = player.on_ground ? (long)res_physics->ground_friction : (long)res_physics->air_friction;
      001EF8 DD 7E F7         [19] 5300 	ld	a, -9 (ix)
      001EFB B7               [ 4] 5301 	or	a, a
      001EFC 28 1E            [12] 5302 	jr	Z, 00173$
      001EFE DD 6E F5         [19] 5303 	ld	l, -11 (ix)
                                   5304 ;	spillPairReg hl
                                   5305 ;	spillPairReg hl
      001F01 DD 66 F6         [19] 5306 	ld	h, -10 (ix)
                                   5307 ;	spillPairReg hl
                                   5308 ;	spillPairReg hl
      001F04 23               [ 6] 5309 	inc	hl
      001F05 23               [ 6] 5310 	inc	hl
      001F06 23               [ 6] 5311 	inc	hl
      001F07 23               [ 6] 5312 	inc	hl
      001F08 23               [ 6] 5313 	inc	hl
      001F09 7E               [ 7] 5314 	ld	a, (hl)
      001F0A 2B               [ 6] 5315 	dec	hl
      001F0B 6E               [ 7] 5316 	ld	l, (hl)
                                   5317 ;	spillPairReg hl
      001F0C DD 75 F4         [19] 5318 	ld	-12 (ix), l
      001F0F DD 77 F5         [19] 5319 	ld	-11 (ix), a
      001F12 07               [ 4] 5320 	rlca
      001F13 9F               [ 4] 5321 	sbc	a, a
      001F14 DD 77 F6         [19] 5322 	ld	-10 (ix), a
      001F17 DD 77 F7         [19] 5323 	ld	-9 (ix), a
      001F1A 18 1D            [12] 5324 	jr	00174$
      001F1C                       5325 00173$:
      001F1C DD 6E F5         [19] 5326 	ld	l, -11 (ix)
                                   5327 ;	spillPairReg hl
                                   5328 ;	spillPairReg hl
      001F1F DD 66 F6         [19] 5329 	ld	h, -10 (ix)
                                   5330 ;	spillPairReg hl
                                   5331 ;	spillPairReg hl
      001F22 C5               [11] 5332 	push	bc
      001F23 01 09 00         [10] 5333 	ld	bc, #0x0009
      001F26 09               [11] 5334 	add	hl, bc
      001F27 C1               [10] 5335 	pop	bc
      001F28 7E               [ 7] 5336 	ld	a, (hl)
      001F29 2B               [ 6] 5337 	dec	hl
      001F2A 6E               [ 7] 5338 	ld	l, (hl)
                                   5339 ;	spillPairReg hl
      001F2B DD 75 F4         [19] 5340 	ld	-12 (ix), l
      001F2E DD 77 F5         [19] 5341 	ld	-11 (ix), a
      001F31 07               [ 4] 5342 	rlca
      001F32 9F               [ 4] 5343 	sbc	a, a
      001F33 DD 77 F6         [19] 5344 	ld	-10 (ix), a
      001F36 DD 77 F7         [19] 5345 	ld	-9 (ix), a
      001F39                       5346 00174$:
                                   5347 ;pocket_platformer.c:1077: player.vx -= accel;
                                   5348 ;pocket_platformer.c:1079: player.facing_left = 1;
                                   5349 ;pocket_platformer.c:1076: if (joy & PORT_A_KEY_LEFT) {
      001F39 DD CB FE 56      [20] 5350 	bit	2, -2 (ix)
      001F3D CArBFr1F         [10] 5351 	jp	Z,00114$
                                   5352 ;pocket_platformer.c:1077: player.vx -= accel;
      001F40 D5               [11] 5353 	push	de
      001F41 C5               [11] 5354 	push	bc
      001F42 11r14r00         [10] 5355 	ld	de, #(_player + 8)
      001F45 21 07 00         [10] 5356 	ld	hl, #7
      001F48 39               [11] 5357 	add	hl, sp
      001F49 EB               [ 4] 5358 	ex	de, hl
      001F4A 01 04 00         [10] 5359 	ld	bc, #0x0004
      001F4D ED B0            [21] 5360 	ldir
      001F4F C1               [10] 5361 	pop	bc
      001F50 D1               [10] 5362 	pop	de
      001F51 DD 7E F0         [19] 5363 	ld	a, -16 (ix)
      001F54 DD 96 F8         [19] 5364 	sub	a, -8 (ix)
      001F57 DD 77 F4         [19] 5365 	ld	-12 (ix), a
      001F5A DD 7E F1         [19] 5366 	ld	a, -15 (ix)
      001F5D DD 9E F9         [19] 5367 	sbc	a, -7 (ix)
      001F60 DD 77 F5         [19] 5368 	ld	-11 (ix), a
      001F63 DD 7E F2         [19] 5369 	ld	a, -14 (ix)
      001F66 DD 9E FA         [19] 5370 	sbc	a, -6 (ix)
      001F69 DD 77 F6         [19] 5371 	ld	-10 (ix), a
      001F6C DD 7E F3         [19] 5372 	ld	a, -13 (ix)
      001F6F DD 9E FB         [19] 5373 	sbc	a, -5 (ix)
      001F72 DD 77 F7         [19] 5374 	ld	-9 (ix), a
      001F75 D5               [11] 5375 	push	de
      001F76 C5               [11] 5376 	push	bc
      001F77 11r14r00         [10] 5377 	ld	de, #(_player + 8)
      001F7A 21 0B 00         [10] 5378 	ld	hl, #11
      001F7D 39               [11] 5379 	add	hl, sp
      001F7E 01 04 00         [10] 5380 	ld	bc, #0x0004
      001F81 ED B0            [21] 5381 	ldir
      001F83 C1               [10] 5382 	pop	bc
      001F84 D1               [10] 5383 	pop	de
                                   5384 ;pocket_platformer.c:1078: if (player.vx < -max_spd) player.vx = -max_spd;
      001F85 AF               [ 4] 5385 	xor	a, a
      001F86 91               [ 4] 5386 	sub	a, c
      001F87 4F               [ 4] 5387 	ld	c, a
      001F88 3E 00            [ 7] 5388 	ld	a, #0x00
      001F8A 98               [ 4] 5389 	sbc	a, b
      001F8B 47               [ 4] 5390 	ld	b, a
      001F8C 21 00 00         [10] 5391 	ld	hl, #0x0000
      001F8F ED 52            [15] 5392 	sbc	hl, de
      001F91 EB               [ 4] 5393 	ex	de, hl
      001F92 DD 7E F4         [19] 5394 	ld	a, -12 (ix)
      001F95 91               [ 4] 5395 	sub	a, c
      001F96 DD 7E F5         [19] 5396 	ld	a, -11 (ix)
      001F99 98               [ 4] 5397 	sbc	a, b
      001F9A DD 7E F6         [19] 5398 	ld	a, -10 (ix)
      001F9D 9B               [ 4] 5399 	sbc	a, e
      001F9E DD 7E F7         [19] 5400 	ld	a, -9 (ix)
      001FA1 9A               [ 4] 5401 	sbc	a, d
      001FA2 E2rA7r1F         [10] 5402 	jp	PO, 00520$
      001FA5 EE 80            [ 7] 5403 	xor	a, #0x80
      001FA7                       5404 00520$:
      001FA7 F2rB2r1F         [10] 5405 	jp	P, 00102$
      001FAA ED 43r14r00      [20] 5406 	ld	((_player + 8)), bc
      001FAE ED 53r16r00      [20] 5407 	ld	((_player + 8)+2), de
      001FB2                       5408 00102$:
                                   5409 ;pocket_platformer.c:1079: player.facing_left = 1;
      001FB2 21r23r00         [10] 5410 	ld	hl, #(_player + 23)
      001FB5 36 01            [10] 5411 	ld	(hl), #0x01
                                   5412 ;pocket_platformer.c:1080: barrel_launched_h = 0; /* player took control: restore gravity */
      001FB7 21r76r06         [10] 5413 	ld	hl, #_barrel_launched_h
      001FBA 36 00            [10] 5414 	ld	(hl), #0x00
      001FBC C3rB5r20         [10] 5415 	jp	00115$
      001FBF                       5416 00114$:
                                   5417 ;pocket_platformer.c:1081: } else if (joy & PORT_A_KEY_RIGHT) {
      001FBF DD CB FE 5E      [20] 5418 	bit	3, -2 (ix)
      001FC3 28 72            [12] 5419 	jr	Z, 00111$
                                   5420 ;pocket_platformer.c:1082: player.vx += accel;
      001FC5 D5               [11] 5421 	push	de
      001FC6 C5               [11] 5422 	push	bc
      001FC7 11r14r00         [10] 5423 	ld	de, #(_player + 8)
      001FCA 21 07 00         [10] 5424 	ld	hl, #7
      001FCD 39               [11] 5425 	add	hl, sp
      001FCE EB               [ 4] 5426 	ex	de, hl
      001FCF 01 04 00         [10] 5427 	ld	bc, #0x0004
      001FD2 ED B0            [21] 5428 	ldir
      001FD4 C1               [10] 5429 	pop	bc
      001FD5 D1               [10] 5430 	pop	de
      001FD6 DD 7E F0         [19] 5431 	ld	a, -16 (ix)
      001FD9 DD 86 F8         [19] 5432 	add	a, -8 (ix)
      001FDC DD 77 F4         [19] 5433 	ld	-12 (ix), a
      001FDF DD 7E F1         [19] 5434 	ld	a, -15 (ix)
      001FE2 DD 8E F9         [19] 5435 	adc	a, -7 (ix)
      001FE5 DD 77 F5         [19] 5436 	ld	-11 (ix), a
      001FE8 DD 7E F2         [19] 5437 	ld	a, -14 (ix)
      001FEB DD 8E FA         [19] 5438 	adc	a, -6 (ix)
      001FEE DD 77 F6         [19] 5439 	ld	-10 (ix), a
      001FF1 DD 7E F3         [19] 5440 	ld	a, -13 (ix)
      001FF4 DD 8E FB         [19] 5441 	adc	a, -5 (ix)
      001FF7 DD 77 F7         [19] 5442 	ld	-9 (ix), a
      001FFA D5               [11] 5443 	push	de
      001FFB C5               [11] 5444 	push	bc
      001FFC 11r14r00         [10] 5445 	ld	de, #(_player + 8)
      001FFF 21 0B 00         [10] 5446 	ld	hl, #11
      002002 39               [11] 5447 	add	hl, sp
      002003 01 04 00         [10] 5448 	ld	bc, #0x0004
      002006 ED B0            [21] 5449 	ldir
      002008 C1               [10] 5450 	pop	bc
      002009 D1               [10] 5451 	pop	de
                                   5452 ;pocket_platformer.c:1083: if (player.vx > max_spd) player.vx = max_spd;
      00200A 79               [ 4] 5453 	ld	a, c
      00200B DD 96 F4         [19] 5454 	sub	a, -12 (ix)
      00200E 78               [ 4] 5455 	ld	a, b
      00200F DD 9E F5         [19] 5456 	sbc	a, -11 (ix)
      002012 7B               [ 4] 5457 	ld	a, e
      002013 DD 9E F6         [19] 5458 	sbc	a, -10 (ix)
      002016 7A               [ 4] 5459 	ld	a, d
      002017 DD 9E F7         [19] 5460 	sbc	a, -9 (ix)
      00201A E2r1Fr20         [10] 5461 	jp	PO, 00522$
      00201D EE 80            [ 7] 5462 	xor	a, #0x80
      00201F                       5463 00522$:
      00201F F2r2Ar20         [10] 5464 	jp	P, 00104$
      002022 ED 43r14r00      [20] 5465 	ld	((_player + 8)), bc
      002026 ED 53r16r00      [20] 5466 	ld	((_player + 8)+2), de
      00202A                       5467 00104$:
                                   5468 ;pocket_platformer.c:1084: player.facing_left = 0;
      00202A 21r23r00         [10] 5469 	ld	hl, #(_player + 23)
      00202D 36 00            [10] 5470 	ld	(hl), #0x00
                                   5471 ;pocket_platformer.c:1085: barrel_launched_h = 0; /* player took control: restore gravity */
      00202F 21r76r06         [10] 5472 	ld	hl, #_barrel_launched_h
      002032 36 00            [10] 5473 	ld	(hl), #0x00
      002034 C3rB5r20         [10] 5474 	jp	00115$
      002037                       5475 00111$:
                                   5476 ;pocket_platformer.c:1086: } else if (!barrel_launched) {
      002037 3Ar75r06         [13] 5477 	ld	a, (_barrel_launched+0)
      00203A B7               [ 4] 5478 	or	a, a
      00203B 20 78            [12] 5479 	jr	NZ, 00115$
                                   5480 ;pocket_platformer.c:1087: player.vx = FP_MUL(player.vx, fric);
      00203D ED 5Br14r00      [20] 5481 	ld	de, (#(_player + 8) + 0)
      002041 2Ar16r00         [16] 5482 	ld	hl, (#(_player + 8) + 2)
      002044 DD 4E F6         [19] 5483 	ld	c, -10 (ix)
      002047 DD 46 F7         [19] 5484 	ld	b, -9 (ix)
      00204A C5               [11] 5485 	push	bc
      00204B DD 4E F4         [19] 5486 	ld	c, -12 (ix)
      00204E DD 46 F5         [19] 5487 	ld	b, -11 (ix)
      002051 C5               [11] 5488 	push	bc
      002052 CDr00r00         [17] 5489 	call	__mullong
      002055 F1               [10] 5490 	pop	af
      002056 F1               [10] 5491 	pop	af
      002057 4D               [ 4] 5492 	ld	c, l
      002058 44               [ 4] 5493 	ld	b, h
      002059 3E 08            [ 7] 5494 	ld	a, #0x08
      00205B                       5495 00523$:
      00205B CB 28            [ 8] 5496 	sra	b
      00205D CB 19            [ 8] 5497 	rr	c
      00205F CB 1A            [ 8] 5498 	rr	d
      002061 CB 1B            [ 8] 5499 	rr	e
      002063 3D               [ 4] 5500 	dec	a
      002064 20 F5            [12] 5501 	jr	NZ, 00523$
      002066 ED 53r14r00      [20] 5502 	ld	((_player + 8)), de
      00206A ED 43r16r00      [20] 5503 	ld	((_player + 8)+2), bc
                                   5504 ;pocket_platformer.c:1088: if (player.vx > -FP(0.5) && player.vx < FP(0.5)) player.vx = 0;
      00206E D5               [11] 5505 	push	de
      00206F C5               [11] 5506 	push	bc
      002070 11r14r00         [10] 5507 	ld	de, #(_player + 8)
      002073 21 0F 00         [10] 5508 	ld	hl, #15
      002076 39               [11] 5509 	add	hl, sp
      002077 EB               [ 4] 5510 	ex	de, hl
      002078 01 04 00         [10] 5511 	ld	bc, #0x0004
      00207B ED B0            [21] 5512 	ldir
      00207D C1               [10] 5513 	pop	bc
      00207E D1               [10] 5514 	pop	de
      00207F 3E 80            [ 7] 5515 	ld	a, #0x80
      002081 BB               [ 4] 5516 	cp	a, e
      002082 3E FF            [ 7] 5517 	ld	a, #0xff
      002084 9A               [ 4] 5518 	sbc	a, d
      002085 3E FF            [ 7] 5519 	ld	a, #0xff
      002087 99               [ 4] 5520 	sbc	a, c
      002088 3E FF            [ 7] 5521 	ld	a, #0xff
      00208A 98               [ 4] 5522 	sbc	a, b
      00208B E2r90r20         [10] 5523 	jp	PO, 00525$
      00208E EE 80            [ 7] 5524 	xor	a, #0x80
      002090                       5525 00525$:
      002090 F2rB5r20         [10] 5526 	jp	P, 00115$
      002093 DD 7E F8         [19] 5527 	ld	a, -8 (ix)
      002096 D6 80            [ 7] 5528 	sub	a, #0x80
      002098 DD 7E F9         [19] 5529 	ld	a, -7 (ix)
      00209B DE 00            [ 7] 5530 	sbc	a, #0x00
      00209D DD 7E FA         [19] 5531 	ld	a, -6 (ix)
      0020A0 DE 00            [ 7] 5532 	sbc	a, #0x00
      0020A2 DD 7E FB         [19] 5533 	ld	a, -5 (ix)
      0020A5 17               [ 4] 5534 	rla
      0020A6 3F               [ 4] 5535 	ccf
      0020A7 1F               [ 4] 5536 	rra
      0020A8 DE 80            [ 7] 5537 	sbc	a, #0x80
      0020AA 30 09            [12] 5538 	jr	NC, 00115$
      0020AC 21 00 00         [10] 5539 	ld	hl, #0x0000
      0020AF 22r14r00         [16] 5540 	ld	((_player + 8)), hl
      0020B2 22r16r00         [16] 5541 	ld	((_player + 8)+2), hl
      0020B5                       5542 00115$:
                                   5543 ;pocket_platformer.c:1095: long px_l = (player.x >> 8) - 1;           /* 1px left of player */
      0020B5 ED 5Br0Cr00      [20] 5544 	ld	de, (#_player + 0)
      0020B9 2Ar0Er00         [16] 5545 	ld	hl, (#_player + 2)
      0020BC 06 08            [ 7] 5546 	ld	b, #0x08
      0020BE                       5547 00526$:
      0020BE CB 2C            [ 8] 5548 	sra	h
      0020C0 CB 1D            [ 8] 5549 	rr	l
      0020C2 CB 1A            [ 8] 5550 	rr	d
      0020C4 CB 1B            [ 8] 5551 	rr	e
      0020C6 10 F6            [13] 5552 	djnz	00526$
      0020C8 7B               [ 4] 5553 	ld	a, e
      0020C9 C6 FF            [ 7] 5554 	add	a, #0xff
      0020CB DD 77 ED         [19] 5555 	ld	-19 (ix), a
      0020CE 7A               [ 4] 5556 	ld	a, d
      0020CF CE FF            [ 7] 5557 	adc	a, #0xff
      0020D1 DD 77 EE         [19] 5558 	ld	-18 (ix), a
      0020D4 7D               [ 4] 5559 	ld	a, l
      0020D5 CE FF            [ 7] 5560 	adc	a, #0xff
      0020D7 DD 77 EF         [19] 5561 	ld	-17 (ix), a
      0020DA 7C               [ 4] 5562 	ld	a, h
      0020DB CE FF            [ 7] 5563 	adc	a, #0xff
      0020DD DD 77 F0         [19] 5564 	ld	-16 (ix), a
                                   5565 ;pocket_platformer.c:1096: long px_r = (player.x >> 8) + PLAYER_W + 1; /* 1px beyond right edge */
      0020E0 7B               [ 4] 5566 	ld	a, e
      0020E1 C6 07            [ 7] 5567 	add	a, #0x07
      0020E3 DD 77 F8         [19] 5568 	ld	-8 (ix), a
      0020E6 7A               [ 4] 5569 	ld	a, d
      0020E7 CE 00            [ 7] 5570 	adc	a, #0x00
      0020E9 DD 77 F9         [19] 5571 	ld	-7 (ix), a
      0020EC 7D               [ 4] 5572 	ld	a, l
      0020ED CE 00            [ 7] 5573 	adc	a, #0x00
      0020EF DD 77 FA         [19] 5574 	ld	-6 (ix), a
      0020F2 7C               [ 4] 5575 	ld	a, h
      0020F3 CE 00            [ 7] 5576 	adc	a, #0x00
      0020F5 DD 77 FB         [19] 5577 	ld	-5 (ix), a
                                   5578 ;pocket_platformer.c:1097: unsigned char px8_l = (unsigned char)(px_l >= 0 ? px_l / TILE_SIZE : 255);
      0020F8 DD 7E F0         [19] 5579 	ld	a, -16 (ix)
      0020FB 07               [ 4] 5580 	rlca
      0020FC E6 01            [ 7] 5581 	and	a,#0x01
      0020FE DD 77 F1         [19] 5582 	ld	-15 (ix), a
      002101 DD CB F1 46      [20] 5583 	bit	0, -15 (ix)
      002105 20 4E            [12] 5584 	jr	NZ, 00175$
      002107 21 07 00         [10] 5585 	ld	hl, #7
      00210A 39               [11] 5586 	add	hl, sp
      00210B EB               [ 4] 5587 	ex	de, hl
      00210C 21 00 00         [10] 5588 	ld	hl, #0
      00210F 39               [11] 5589 	add	hl, sp
      002110 01 04 00         [10] 5590 	ld	bc, #4
      002113 ED B0            [21] 5591 	ldir
      002115 DD 7E F1         [19] 5592 	ld	a, -15 (ix)
      002118 B7               [ 4] 5593 	or	a, a
      002119 28 20            [12] 5594 	jr	Z, 00177$
      00211B DD 7E ED         [19] 5595 	ld	a, -19 (ix)
      00211E C6 07            [ 7] 5596 	add	a, #0x07
      002120 DD 77 F4         [19] 5597 	ld	-12 (ix), a
      002123 DD 7E EE         [19] 5598 	ld	a, -18 (ix)
      002126 CE 00            [ 7] 5599 	adc	a, #0x00
      002128 DD 77 F5         [19] 5600 	ld	-11 (ix), a
      00212B DD 7E EF         [19] 5601 	ld	a, -17 (ix)
      00212E CE 00            [ 7] 5602 	adc	a, #0x00
      002130 DD 77 F6         [19] 5603 	ld	-10 (ix), a
      002133 DD 7E F0         [19] 5604 	ld	a, -16 (ix)
      002136 CE 00            [ 7] 5605 	adc	a, #0x00
      002138 DD 77 F7         [19] 5606 	ld	-9 (ix), a
      00213B                       5607 00177$:
      00213B DD 6E F4         [19] 5608 	ld	l, -12 (ix)
                                   5609 ;	spillPairReg hl
                                   5610 ;	spillPairReg hl
      00213E DD 66 F5         [19] 5611 	ld	h, -11 (ix)
                                   5612 ;	spillPairReg hl
                                   5613 ;	spillPairReg hl
      002141 DD 5E F6         [19] 5614 	ld	e, -10 (ix)
      002144 DD 56 F7         [19] 5615 	ld	d, -9 (ix)
      002147 06 03            [ 7] 5616 	ld	b, #0x03
      002149                       5617 00528$:
      002149 CB 2A            [ 8] 5618 	sra	d
      00214B CB 1B            [ 8] 5619 	rr	e
      00214D CB 1C            [ 8] 5620 	rr	h
      00214F CB 1D            [ 8] 5621 	rr	l
      002151 10 F6            [13] 5622 	djnz	00528$
      002153 18 03            [12] 5623 	jr	00176$
      002155                       5624 00175$:
      002155 21 FF 00         [10] 5625 	ld	hl, #0x00ff
      002158                       5626 00176$:
      002158 DD 75 F2         [19] 5627 	ld	-14 (ix), l
                                   5628 ;pocket_platformer.c:1098: unsigned char px8_r = (unsigned char)(px_r / TILE_SIZE);
      00215B DD 4E F8         [19] 5629 	ld	c, -8 (ix)
      00215E DD 46 F9         [19] 5630 	ld	b, -7 (ix)
      002161 DD CB FB 7E      [20] 5631 	bit	7, -5 (ix)
      002165 28 0C            [12] 5632 	jr	Z, 00178$
      002167 DD 7E F8         [19] 5633 	ld	a, -8 (ix)
      00216A C6 07            [ 7] 5634 	add	a, #0x07
      00216C 4F               [ 4] 5635 	ld	c, a
      00216D DD 7E F9         [19] 5636 	ld	a, -7 (ix)
      002170 CE 00            [ 7] 5637 	adc	a, #0x00
      002172 47               [ 4] 5638 	ld	b, a
      002173                       5639 00178$:
      002173 CB 38            [ 8] 5640 	srl	b
      002175 CB 19            [ 8] 5641 	rr	c
      002177 CB 38            [ 8] 5642 	srl	b
      002179 CB 19            [ 8] 5643 	rr	c
      00217B CB 38            [ 8] 5644 	srl	b
      00217D CB 19            [ 8] 5645 	rr	c
      00217F DD 71 F3         [19] 5646 	ld	-13 (ix), c
                                   5647 ;pocket_platformer.c:1099: unsigned char py8   = (unsigned char)((player.y >> 8) / TILE_SIZE);
      002182 ED 5Br10r00      [20] 5648 	ld	de, (#_player + 4)
      002186 2Ar12r00         [16] 5649 	ld	hl, (#_player + 6)
      002189 06 08            [ 7] 5650 	ld	b, #0x08
      00218B                       5651 00530$:
      00218B CB 2C            [ 8] 5652 	sra	h
      00218D CB 1D            [ 8] 5653 	rr	l
      00218F CB 1A            [ 8] 5654 	rr	d
      002191 CB 1B            [ 8] 5655 	rr	e
      002193 10 F6            [13] 5656 	djnz	00530$
      002195 E5               [11] 5657 	push	hl
      002196 FD E1            [14] 5658 	pop	iy
      002198 4B               [ 4] 5659 	ld	c, e
      002199 42               [ 4] 5660 	ld	b, d
      00219A 7B               [ 4] 5661 	ld	a, e
      00219B C6 07            [ 7] 5662 	add	a, #0x07
      00219D DD 77 F4         [19] 5663 	ld	-12 (ix), a
      0021A0 7A               [ 4] 5664 	ld	a, d
      0021A1 CE 00            [ 7] 5665 	adc	a, #0x00
      0021A3 DD 77 F5         [19] 5666 	ld	-11 (ix), a
      0021A6 7D               [ 4] 5667 	ld	a, l
      0021A7 CE 00            [ 7] 5668 	adc	a, #0x00
      0021A9 DD 77 F6         [19] 5669 	ld	-10 (ix), a
      0021AC 7C               [ 4] 5670 	ld	a, h
      0021AD CE 00            [ 7] 5671 	adc	a, #0x00
      0021AF DD 77 F7         [19] 5672 	ld	-9 (ix), a
      0021B2 CB 7C            [ 8] 5673 	bit	7, h
      0021B4 28 14            [12] 5674 	jr	Z, 00179$
      0021B6 DD 4E F4         [19] 5675 	ld	c, -12 (ix)
      0021B9 DD 46 F5         [19] 5676 	ld	b, -11 (ix)
      0021BC FD E5            [15] 5677 	push	iy
      0021BE E3               [19] 5678 	ex	(sp), hl
      0021BF DD 6E F6         [19] 5679 	ld	l, -10 (ix)
                                   5680 ;	spillPairReg hl
                                   5681 ;	spillPairReg hl
      0021C2 E3               [19] 5682 	ex	(sp), hl
      0021C3 E3               [19] 5683 	ex	(sp), hl
      0021C4 DD 66 F7         [19] 5684 	ld	h, -9 (ix)
                                   5685 ;	spillPairReg hl
                                   5686 ;	spillPairReg hl
      0021C7 E3               [19] 5687 	ex	(sp), hl
      0021C8 FD E1            [14] 5688 	pop	iy
      0021CA                       5689 00179$:
      0021CA CB 38            [ 8] 5690 	srl	b
      0021CC CB 19            [ 8] 5691 	rr	c
      0021CE CB 38            [ 8] 5692 	srl	b
      0021D0 CB 19            [ 8] 5693 	rr	c
      0021D2 CB 38            [ 8] 5694 	srl	b
      0021D4 CB 19            [ 8] 5695 	rr	c
                                   5696 ;pocket_platformer.c:1100: unsigned char pb8   = (unsigned char)(((player.y >> 8) + PLAYER_H - 1) / TILE_SIZE);
      0021D6 DD 7E F4         [19] 5697 	ld	a, -12 (ix)
      0021D9 DD 77 F8         [19] 5698 	ld	-8 (ix), a
      0021DC DD 7E F5         [19] 5699 	ld	a, -11 (ix)
      0021DF DD 77 F9         [19] 5700 	ld	-7 (ix), a
      0021E2 DD 7E F6         [19] 5701 	ld	a, -10 (ix)
      0021E5 DD 77 FA         [19] 5702 	ld	-6 (ix), a
      0021E8 DD 7E F7         [19] 5703 	ld	a, -9 (ix)
      0021EB DD 77 FB         [19] 5704 	ld	-5 (ix), a
      0021EE DD CB F7 7E      [20] 5705 	bit	7, -9 (ix)
      0021F2 28 18            [12] 5706 	jr	Z, 00180$
      0021F4 7B               [ 4] 5707 	ld	a, e
      0021F5 C6 0E            [ 7] 5708 	add	a, #0x0e
      0021F7 DD 77 F8         [19] 5709 	ld	-8 (ix), a
      0021FA 7A               [ 4] 5710 	ld	a, d
      0021FB CE 00            [ 7] 5711 	adc	a, #0x00
      0021FD DD 77 F9         [19] 5712 	ld	-7 (ix), a
      002200 7D               [ 4] 5713 	ld	a, l
      002201 CE 00            [ 7] 5714 	adc	a, #0x00
      002203 DD 77 FA         [19] 5715 	ld	-6 (ix), a
      002206 7C               [ 4] 5716 	ld	a, h
      002207 CE 00            [ 7] 5717 	adc	a, #0x00
      002209 DD 77 FB         [19] 5718 	ld	-5 (ix), a
      00220C                       5719 00180$:
      00220C DD 46 F8         [19] 5720 	ld	b, -8 (ix)
      00220F DD 56 F9         [19] 5721 	ld	d, -7 (ix)
      002212 CB 3A            [ 8] 5722 	srl	d
      002214 CB 18            [ 8] 5723 	rr	b
      002216 CB 3A            [ 8] 5724 	srl	d
      002218 CB 18            [ 8] 5725 	rr	b
      00221A CB 3A            [ 8] 5726 	srl	d
      00221C CB 18            [ 8] 5727 	rr	b
                                   5728 ;pocket_platformer.c:1103: unsigned char wall_left  = (px_l >= 0) &&
      00221E DD CB F1 46      [20] 5729 	bit	0, -15 (ix)
      002222 C2rA9r22         [10] 5730 	jp	NZ, 00181$
      002225 C5               [11] 5731 	push	bc
      002226 69               [ 4] 5732 	ld	l, c
                                   5733 ;	spillPairReg hl
                                   5734 ;	spillPairReg hl
      002227 DD 7E F2         [19] 5735 	ld	a, -14 (ix)
      00222A CDr2Er01         [17] 5736 	call	_get_tile
      00222D C1               [10] 5737 	pop	bc
      00222E B7               [ 4] 5738 	or	a, a
      00222F 28 36            [12] 5739 	jr	Z, 00189$
      002231 FD 2Ar00r00      [20] 5740 	ld	iy, (_res_header)
      002235 FD 7E 06         [19] 5741 	ld	a, 6 (iy)
      002238 B7               [ 4] 5742 	or	a, a
      002239 28 14            [12] 5743 	jr	Z, 00194$
      00223B C5               [11] 5744 	push	bc
      00223C 69               [ 4] 5745 	ld	l, c
                                   5746 ;	spillPairReg hl
                                   5747 ;	spillPairReg hl
      00223D DD 7E F2         [19] 5748 	ld	a, -14 (ix)
      002240 CDr2Er01         [17] 5749 	call	_get_tile
      002243 C1               [10] 5750 	pop	bc
      002244 2Ar00r00         [16] 5751 	ld	hl, (_res_header)
      002247 11 06 00         [10] 5752 	ld	de, #0x0006
      00224A 19               [11] 5753 	add	hl, de
      00224B 5E               [ 7] 5754 	ld	e, (hl)
      00224C 93               [ 4] 5755 	sub	a, e
      00224D 28 18            [12] 5756 	jr	Z, 00189$
      00224F                       5757 00194$:
      00224F C5               [11] 5758 	push	bc
      002250 69               [ 4] 5759 	ld	l, c
                                   5760 ;	spillPairReg hl
                                   5761 ;	spillPairReg hl
      002251 DD 7E F2         [19] 5762 	ld	a, -14 (ix)
      002254 CDr34r3A         [17] 5763 	call	_rb_is_passable
      002257 C1               [10] 5764 	pop	bc
      002258 B7               [ 4] 5765 	or	a, a
      002259 20 0C            [12] 5766 	jr	NZ, 00189$
      00225B C5               [11] 5767 	push	bc
      00225C 69               [ 4] 5768 	ld	l, c
                                   5769 ;	spillPairReg hl
                                   5770 ;	spillPairReg hl
      00225D DD 7E F2         [19] 5771 	ld	a, -14 (ix)
      002260 CDr97r37         [17] 5772 	call	_vp_is_passable
      002263 C1               [10] 5773 	pop	bc
      002264 B7               [ 4] 5774 	or	a, a
      002265 28 45            [12] 5775 	jr	Z, 00182$
      002267                       5776 00189$:
      002267 C5               [11] 5777 	push	bc
      002268 68               [ 4] 5778 	ld	l, b
                                   5779 ;	spillPairReg hl
                                   5780 ;	spillPairReg hl
      002269 DD 7E F2         [19] 5781 	ld	a, -14 (ix)
      00226C CDr2Er01         [17] 5782 	call	_get_tile
      00226F C1               [10] 5783 	pop	bc
      002270 B7               [ 4] 5784 	or	a, a
      002271 28 36            [12] 5785 	jr	Z, 00181$
      002273 FD 2Ar00r00      [20] 5786 	ld	iy, (_res_header)
      002277 FD 7E 06         [19] 5787 	ld	a, 6 (iy)
      00227A B7               [ 4] 5788 	or	a, a
      00227B 28 14            [12] 5789 	jr	Z, 00206$
      00227D C5               [11] 5790 	push	bc
      00227E 68               [ 4] 5791 	ld	l, b
                                   5792 ;	spillPairReg hl
                                   5793 ;	spillPairReg hl
      00227F DD 7E F2         [19] 5794 	ld	a, -14 (ix)
      002282 CDr2Er01         [17] 5795 	call	_get_tile
      002285 C1               [10] 5796 	pop	bc
      002286 2Ar00r00         [16] 5797 	ld	hl, (_res_header)
      002289 11 06 00         [10] 5798 	ld	de, #0x0006
      00228C 19               [11] 5799 	add	hl, de
      00228D 5E               [ 7] 5800 	ld	e, (hl)
      00228E 93               [ 4] 5801 	sub	a, e
      00228F 28 18            [12] 5802 	jr	Z, 00181$
      002291                       5803 00206$:
      002291 C5               [11] 5804 	push	bc
      002292 68               [ 4] 5805 	ld	l, b
                                   5806 ;	spillPairReg hl
                                   5807 ;	spillPairReg hl
      002293 DD 7E F2         [19] 5808 	ld	a, -14 (ix)
      002296 CDr34r3A         [17] 5809 	call	_rb_is_passable
      002299 C1               [10] 5810 	pop	bc
      00229A B7               [ 4] 5811 	or	a, a
      00229B 20 0C            [12] 5812 	jr	NZ, 00181$
      00229D C5               [11] 5813 	push	bc
      00229E 68               [ 4] 5814 	ld	l, b
                                   5815 ;	spillPairReg hl
                                   5816 ;	spillPairReg hl
      00229F DD 7E F2         [19] 5817 	ld	a, -14 (ix)
      0022A2 CDr97r37         [17] 5818 	call	_vp_is_passable
      0022A5 C1               [10] 5819 	pop	bc
      0022A6 B7               [ 4] 5820 	or	a, a
      0022A7 28 03            [12] 5821 	jr	Z, 00182$
      0022A9                       5822 00181$:
      0022A9 AF               [ 4] 5823 	xor	a, a
      0022AA 18 02            [12] 5824 	jr	00183$
      0022AC                       5825 00182$:
      0022AC 3E 01            [ 7] 5826 	ld	a, #0x01
      0022AE                       5827 00183$:
      0022AE DD 77 FB         [19] 5828 	ld	-5 (ix), a
                                   5829 ;pocket_platformer.c:1105: unsigned char wall_right =
      0022B1 C5               [11] 5830 	push	bc
      0022B2 69               [ 4] 5831 	ld	l, c
                                   5832 ;	spillPairReg hl
                                   5833 ;	spillPairReg hl
      0022B3 DD 7E F3         [19] 5834 	ld	a, -13 (ix)
      0022B6 CDr2Er01         [17] 5835 	call	_get_tile
      0022B9 C1               [10] 5836 	pop	bc
      0022BA B7               [ 4] 5837 	or	a, a
      0022BB 28 37            [12] 5838 	jr	Z, 00216$
      0022BD 2Ar00r00         [16] 5839 	ld	hl, (_res_header)
      0022C0 11 06 00         [10] 5840 	ld	de, #0x0006
      0022C3 19               [11] 5841 	add	hl, de
      0022C4 7E               [ 7] 5842 	ld	a, (hl)
      0022C5 B7               [ 4] 5843 	or	a, a
      0022C6 28 14            [12] 5844 	jr	Z, 00221$
      0022C8 C5               [11] 5845 	push	bc
      0022C9 69               [ 4] 5846 	ld	l, c
                                   5847 ;	spillPairReg hl
                                   5848 ;	spillPairReg hl
      0022CA DD 7E F3         [19] 5849 	ld	a, -13 (ix)
      0022CD CDr2Er01         [17] 5850 	call	_get_tile
      0022D0 C1               [10] 5851 	pop	bc
      0022D1 2Ar00r00         [16] 5852 	ld	hl, (_res_header)
      0022D4 11 06 00         [10] 5853 	ld	de, #0x0006
      0022D7 19               [11] 5854 	add	hl, de
      0022D8 5E               [ 7] 5855 	ld	e, (hl)
      0022D9 93               [ 4] 5856 	sub	a, e
      0022DA 28 18            [12] 5857 	jr	Z, 00216$
      0022DC                       5858 00221$:
      0022DC C5               [11] 5859 	push	bc
      0022DD 69               [ 4] 5860 	ld	l, c
                                   5861 ;	spillPairReg hl
                                   5862 ;	spillPairReg hl
      0022DE DD 7E F3         [19] 5863 	ld	a, -13 (ix)
      0022E1 CDr34r3A         [17] 5864 	call	_rb_is_passable
      0022E4 C1               [10] 5865 	pop	bc
      0022E5 B7               [ 4] 5866 	or	a, a
      0022E6 20 0C            [12] 5867 	jr	NZ, 00216$
      0022E8 C5               [11] 5868 	push	bc
      0022E9 69               [ 4] 5869 	ld	l, c
                                   5870 ;	spillPairReg hl
                                   5871 ;	spillPairReg hl
      0022EA DD 7E F3         [19] 5872 	ld	a, -13 (ix)
      0022ED CDr97r37         [17] 5873 	call	_vp_is_passable
      0022F0 C1               [10] 5874 	pop	bc
      0022F1 B7               [ 4] 5875 	or	a, a
      0022F2 28 43            [12] 5876 	jr	Z, 00212$
      0022F4                       5877 00216$:
      0022F4 C5               [11] 5878 	push	bc
      0022F5 68               [ 4] 5879 	ld	l, b
                                   5880 ;	spillPairReg hl
                                   5881 ;	spillPairReg hl
      0022F6 DD 7E F3         [19] 5882 	ld	a, -13 (ix)
      0022F9 CDr2Er01         [17] 5883 	call	_get_tile
      0022FC C1               [10] 5884 	pop	bc
      0022FD B7               [ 4] 5885 	or	a, a
      0022FE 28 34            [12] 5886 	jr	Z, 00211$
      002300 FD 2Ar00r00      [20] 5887 	ld	iy, (_res_header)
      002304 FD 7E 06         [19] 5888 	ld	a, 6 (iy)
      002307 B7               [ 4] 5889 	or	a, a
      002308 28 14            [12] 5890 	jr	Z, 00233$
      00230A C5               [11] 5891 	push	bc
      00230B 68               [ 4] 5892 	ld	l, b
                                   5893 ;	spillPairReg hl
                                   5894 ;	spillPairReg hl
      00230C DD 7E F3         [19] 5895 	ld	a, -13 (ix)
      00230F CDr2Er01         [17] 5896 	call	_get_tile
      002312 C1               [10] 5897 	pop	bc
      002313 2Ar00r00         [16] 5898 	ld	hl, (_res_header)
      002316 11 06 00         [10] 5899 	ld	de, #0x0006
      002319 19               [11] 5900 	add	hl, de
      00231A 4E               [ 7] 5901 	ld	c, (hl)
      00231B 91               [ 4] 5902 	sub	a, c
      00231C 28 16            [12] 5903 	jr	Z, 00211$
      00231E                       5904 00233$:
      00231E C5               [11] 5905 	push	bc
      00231F 68               [ 4] 5906 	ld	l, b
                                   5907 ;	spillPairReg hl
                                   5908 ;	spillPairReg hl
      002320 DD 7E F3         [19] 5909 	ld	a, -13 (ix)
      002323 CDr34r3A         [17] 5910 	call	_rb_is_passable
      002326 C1               [10] 5911 	pop	bc
      002327 B7               [ 4] 5912 	or	a, a
      002328 20 0A            [12] 5913 	jr	NZ, 00211$
      00232A 68               [ 4] 5914 	ld	l, b
                                   5915 ;	spillPairReg hl
                                   5916 ;	spillPairReg hl
      00232B DD 7E F3         [19] 5917 	ld	a, -13 (ix)
      00232E CDr97r37         [17] 5918 	call	_vp_is_passable
      002331 B7               [ 4] 5919 	or	a, a
      002332 28 03            [12] 5920 	jr	Z, 00212$
      002334                       5921 00211$:
      002334 AF               [ 4] 5922 	xor	a, a
      002335 18 02            [12] 5923 	jr	00213$
      002337                       5924 00212$:
      002337 3E 01            [ 7] 5925 	ld	a, #0x01
      002339                       5926 00213$:
      002339 DD 77 FA         [19] 5927 	ld	-6 (ix), a
                                   5928 ;pocket_platformer.c:1112: player.jumping = 1;
                                   5929 ;pocket_platformer.c:1113: player.wall_jumping = 0;
                                   5930 ;pocket_platformer.c:1114: player.jump_frames = 0;
                                   5931 ;pocket_platformer.c:1115: player.falling = 0;
                                   5932 ;pocket_platformer.c:1128: player.wall_jump_dir = wall_left ? 1 : 255;
                                   5933 ;pocket_platformer.c:1129: player.wall_push_frames = 0;
                                   5934 ;pocket_platformer.c:1110: if (joy_pressed & PORT_A_KEY_1) {
      00233C DD CB FC 66      [20] 5935 	bit	4, -4 (ix)
      002340 CArF4r23         [10] 5936 	jp	Z,00135$
                                   5937 ;pocket_platformer.c:1111: if (player.on_ground) {
      002343 21r1Cr00         [10] 5938 	ld	hl, #(_player + 16)
      002346 5E               [ 7] 5939 	ld	e, (hl)
      002347 7B               [ 4] 5940 	ld	a, e
      002348 B7               [ 4] 5941 	or	a, a
      002349 28 26            [12] 5942 	jr	Z, 00132$
                                   5943 ;pocket_platformer.c:1112: player.jumping = 1;
      00234B 21r1Er00         [10] 5944 	ld	hl, #(_player + 18)
      00234E 36 01            [10] 5945 	ld	(hl), #0x01
                                   5946 ;pocket_platformer.c:1113: player.wall_jumping = 0;
      002350 21r1Fr00         [10] 5947 	ld	hl, #(_player + 19)
      002353 36 00            [10] 5948 	ld	(hl), #0x00
                                   5949 ;pocket_platformer.c:1114: player.jump_frames = 0;
      002355 21r22r00         [10] 5950 	ld	hl, #(_player + 22)
      002358 36 00            [10] 5951 	ld	(hl), #0x00
                                   5952 ;pocket_platformer.c:1115: player.falling = 0;
      00235A 21r1Dr00         [10] 5953 	ld	hl, #(_player + 17)
      00235D 36 00            [10] 5954 	ld	(hl), #0x00
                                   5955 ;pocket_platformer.c:1116: player.on_ground = 0;
      00235F 21r1Cr00         [10] 5956 	ld	hl, #(_player + 16)
      002362 36 00            [10] 5957 	ld	(hl), #0x00
                                   5958 ;pocket_platformer.c:1117: if (vp_block_count) vp_toggle();
      002364 3Ar07r07         [13] 5959 	ld	a, (_vp_block_count+0)
      002367 B7               [ 4] 5960 	or	a, a
      002368 CArF4r23         [10] 5961 	jp	Z, 00135$
      00236B CDrE9r37         [17] 5962 	call	_vp_toggle
      00236E C3rF4r23         [10] 5963 	jp	00135$
      002371                       5964 00132$:
                                   5965 ;pocket_platformer.c:1071: long max_spd = (long)res_physics->max_speed;
      002371 ED 4Br02r00      [20] 5966 	ld	bc, (_res_physics)
                                   5967 ;pocket_platformer.c:1118: } else if (res_physics->has_wall_jump && !player.on_ground &&
      002375 C5               [11] 5968 	push	bc
      002376 FD E1            [14] 5969 	pop	iy
                                   5970 ;	spillPairReg hl
                                   5971 ;pocket_platformer.c:1125: player.double_jump_used = 0;
                                   5972 ;pocket_platformer.c:1118: } else if (res_physics->has_wall_jump && !player.on_ground &&
      002378 FD 7E 10         [19] 5973 	ld	a, 16 (iy)
      00237B B7               [ 4] 5974 	or	a, a
      00237C 28 4B            [12] 5975 	jr	Z, 00126$
      00237E 7B               [ 4] 5976 	ld	a, e
      00237F B7               [ 4] 5977 	or	a, a
      002380 20 47            [12] 5978 	jr	NZ, 00126$
                                   5979 ;pocket_platformer.c:1119: (wall_left || wall_right)) {
      002382 DD 7E FB         [19] 5980 	ld	a, -5 (ix)
      002385 B7               [ 4] 5981 	or	a, a
      002386 20 06            [12] 5982 	jr	NZ, 00125$
      002388 DD 7E FA         [19] 5983 	ld	a, -6 (ix)
      00238B B7               [ 4] 5984 	or	a, a
      00238C 28 3B            [12] 5985 	jr	Z, 00126$
      00238E                       5986 00125$:
                                   5987 ;pocket_platformer.c:1121: player.jumping = 0;
      00238E 21r1Er00         [10] 5988 	ld	hl, #(_player + 18)
      002391 36 00            [10] 5989 	ld	(hl), #0x00
                                   5990 ;pocket_platformer.c:1122: player.wall_jumping = 1;
      002393 21r1Fr00         [10] 5991 	ld	hl, #(_player + 19)
      002396 36 01            [10] 5992 	ld	(hl), #0x01
                                   5993 ;pocket_platformer.c:1123: player.jump_frames = 0;
      002398 21r22r00         [10] 5994 	ld	hl, #(_player + 22)
      00239B 36 00            [10] 5995 	ld	(hl), #0x00
                                   5996 ;pocket_platformer.c:1124: player.falling = 0;
      00239D 21r1Dr00         [10] 5997 	ld	hl, #(_player + 17)
      0023A0 36 00            [10] 5998 	ld	(hl), #0x00
                                   5999 ;pocket_platformer.c:1125: player.double_jump_used = 0;
      0023A2 21r24r00         [10] 6000 	ld	hl, #(_player + 24)
      0023A5 36 00            [10] 6001 	ld	(hl), #0x00
                                   6002 ;pocket_platformer.c:1128: player.wall_jump_dir = wall_left ? 1 : 255;
      0023A7 DD 7E FB         [19] 6003 	ld	a, -5 (ix)
      0023AA B7               [ 4] 6004 	or	a, a
      0023AB 28 05            [12] 6005 	jr	Z, 00238$
      0023AD 01 01 00         [10] 6006 	ld	bc, #0x0001
      0023B0 18 03            [12] 6007 	jr	00239$
      0023B2                       6008 00238$:
      0023B2 01 FF 00         [10] 6009 	ld	bc, #0x00ff
      0023B5                       6010 00239$:
      0023B5 21r20r00         [10] 6011 	ld	hl, #(_player + 20)
      0023B8 71               [ 7] 6012 	ld	(hl), c
                                   6013 ;pocket_platformer.c:1129: player.wall_push_frames = 0;
      0023B9 21r21r00         [10] 6014 	ld	hl, #(_player + 21)
      0023BC 36 00            [10] 6015 	ld	(hl), #0x00
                                   6016 ;pocket_platformer.c:1130: if (vp_block_count) vp_toggle();
      0023BE 3Ar07r07         [13] 6017 	ld	a, (_vp_block_count+0)
      0023C1 B7               [ 4] 6018 	or	a, a
      0023C2 28 30            [12] 6019 	jr	Z, 00135$
      0023C4 CDrE9r37         [17] 6020 	call	_vp_toggle
      0023C7 18 2B            [12] 6021 	jr	00135$
      0023C9                       6022 00126$:
                                   6023 ;pocket_platformer.c:1131: } else if (res_physics->has_double_jump && !player.double_jump_used) {
      0023C9 21 0F 00         [10] 6024 	ld	hl, #15
      0023CC 09               [11] 6025 	add	hl, bc
      0023CD 7E               [ 7] 6026 	ld	a, (hl)
      0023CE B7               [ 4] 6027 	or	a, a
      0023CF 28 23            [12] 6028 	jr	Z, 00135$
      0023D1 3Ar24r00         [13] 6029 	ld	a, (#(_player + 24) + 0)
      0023D4 B7               [ 4] 6030 	or	a, a
      0023D5 20 1D            [12] 6031 	jr	NZ, 00135$
                                   6032 ;pocket_platformer.c:1132: player.jumping = 1;
      0023D7 21r1Er00         [10] 6033 	ld	hl, #(_player + 18)
      0023DA 36 01            [10] 6034 	ld	(hl), #0x01
                                   6035 ;pocket_platformer.c:1133: player.wall_jumping = 0;
      0023DC 21r1Fr00         [10] 6036 	ld	hl, #(_player + 19)
      0023DF 36 00            [10] 6037 	ld	(hl), #0x00
                                   6038 ;pocket_platformer.c:1134: player.jump_frames = 0;
      0023E1 21r22r00         [10] 6039 	ld	hl, #(_player + 22)
      0023E4 36 00            [10] 6040 	ld	(hl), #0x00
                                   6041 ;pocket_platformer.c:1135: player.double_jump_used = 1;
      0023E6 21r24r00         [10] 6042 	ld	hl, #(_player + 24)
      0023E9 36 01            [10] 6043 	ld	(hl), #0x01
                                   6044 ;pocket_platformer.c:1136: if (vp_block_count) vp_toggle();
      0023EB 3Ar07r07         [13] 6045 	ld	a, (_vp_block_count+0)
      0023EE B7               [ 4] 6046 	or	a, a
      0023EF 28 03            [12] 6047 	jr	Z, 00135$
      0023F1 CDrE9r37         [17] 6048 	call	_vp_toggle
      0023F4                       6049 00135$:
                                   6050 ;pocket_platformer.c:1143: if (player.jumping) {
      0023F4 3Ar1Er00         [13] 6051 	ld	a, (#(_player + 18) + 0)
      0023F7 DD 77 FB         [19] 6052 	ld	-5 (ix), a
                                   6053 ;pocket_platformer.c:1144: if (joy & PORT_A_KEY_1 || player.forced_jump_speed > 0) {
      0023FA DD 7E FE         [19] 6054 	ld	a, -2 (ix)
      0023FD E6 10            [ 7] 6055 	and	a, #0x10
      0023FF DD 77 F5         [19] 6056 	ld	-11 (ix), a
      002402 DD 36 F6 00      [19] 6057 	ld	-10 (ix), #0x00
                                   6058 ;pocket_platformer.c:1148: player.vy = -(remaining * js);
                                   6059 ;pocket_platformer.c:1143: if (player.jumping) {
      002406 DD 7E FB         [19] 6060 	ld	a, -5 (ix)
      002409 B7               [ 4] 6061 	or	a, a
      00240A CAr13r25         [10] 6062 	jp	Z, 00145$
                                   6063 ;pocket_platformer.c:1144: if (joy & PORT_A_KEY_1 || player.forced_jump_speed > 0) {
      00240D 11r27r00         [10] 6064 	ld	de, #(_player + 27)
      002410 21 0B 00         [10] 6065 	ld	hl, #11
      002413 39               [11] 6066 	add	hl, sp
      002414 EB               [ 4] 6067 	ex	de, hl
      002415 01 04 00         [10] 6068 	ld	bc, #0x0004
      002418 ED B0            [21] 6069 	ldir
      00241A AF               [ 4] 6070 	xor	a, a
      00241B DD BE F8         [19] 6071 	cp	a, -8 (ix)
      00241E DD 9E F9         [19] 6072 	sbc	a, -7 (ix)
      002421 3E 00            [ 7] 6073 	ld	a, #0x00
      002423 DD 9E FA         [19] 6074 	sbc	a, -6 (ix)
      002426 3E 00            [ 7] 6075 	ld	a, #0x00
      002428 DD 9E FB         [19] 6076 	sbc	a, -5 (ix)
      00242B E2r30r24         [10] 6077 	jp	PO, 00537$
      00242E EE 80            [ 7] 6078 	xor	a, #0x80
      002430                       6079 00537$:
      002430 07               [ 4] 6080 	rlca
      002431 E6 01            [ 7] 6081 	and	a,#0x01
      002433 DD 77 F7         [19] 6082 	ld	-9 (ix), a
      002436 DD 7E F6         [19] 6083 	ld	a, -10 (ix)
      002439 DD B6 F5         [19] 6084 	or	a, -11 (ix)
      00243C 20 07            [12] 6085 	jr	NZ, 00140$
      00243E DD 7E F7         [19] 6086 	ld	a, -9 (ix)
      002441 B7               [ 4] 6087 	or	a, a
      002442 CArF1r24         [10] 6088 	jp	Z, 00141$
      002445                       6089 00140$:
                                   6090 ;pocket_platformer.c:1145: long js = player.forced_jump_speed > 0 ? player.forced_jump_speed : (long)res_physics->jump_speed;
      002445 DD 7E F7         [19] 6091 	ld	a, -9 (ix)
      002448 B7               [ 4] 6092 	or	a, a
      002449 28 10            [12] 6093 	jr	Z, 00240$
      00244B 21 04 00         [10] 6094 	ld	hl, #4
      00244E 39               [11] 6095 	add	hl, sp
      00244F EB               [ 4] 6096 	ex	de, hl
      002450 21 0B 00         [10] 6097 	ld	hl, #11
      002453 39               [11] 6098 	add	hl, sp
      002454 01 04 00         [10] 6099 	ld	bc, #4
      002457 ED B0            [21] 6100 	ldir
      002459 18 18            [12] 6101 	jr	00241$
      00245B                       6102 00240$:
      00245B 2Ar02r00         [16] 6103 	ld	hl, (_res_physics)
      00245E 11 0A 00         [10] 6104 	ld	de, #0x000a
      002461 19               [11] 6105 	add	hl, de
      002462 4E               [ 7] 6106 	ld	c, (hl)
      002463 23               [ 6] 6107 	inc	hl
      002464 7E               [ 7] 6108 	ld	a, (hl)
      002465 DD 71 F1         [19] 6109 	ld	-15 (ix), c
      002468 DD 77 F2         [19] 6110 	ld	-14 (ix), a
      00246B 07               [ 4] 6111 	rlca
      00246C 9F               [ 4] 6112 	sbc	a, a
      00246D DD 77 F3         [19] 6113 	ld	-13 (ix), a
      002470 DD 77 F4         [19] 6114 	ld	-12 (ix), a
      002473                       6115 00241$:
      002473 21 0A 00         [10] 6116 	ld	hl, #10
      002476 39               [11] 6117 	add	hl, sp
      002477 EB               [ 4] 6118 	ex	de, hl
      002478 21 04 00         [10] 6119 	ld	hl, #4
      00247B 39               [11] 6120 	add	hl, sp
      00247C 01 04 00         [10] 6121 	ld	bc, #4
      00247F ED B0            [21] 6122 	ldir
                                   6123 ;pocket_platformer.c:1146: player.jump_frames++;
      002481 3Ar22r00         [13] 6124 	ld	a, (#(_player + 22) + 0)
      002484 3C               [ 4] 6125 	inc	a
      002485 DD 77 FB         [19] 6126 	ld	-5 (ix), a
      002488 21r22r00         [10] 6127 	ld	hl, #(_player + 22)
      00248B DD 7E FB         [19] 6128 	ld	a, -5 (ix)
      00248E 77               [ 7] 6129 	ld	(hl), a
                                   6130 ;pocket_platformer.c:1147: long remaining = (long)(res_physics->max_jump_frames - player.jump_frames);
      00248F 2Ar02r00         [16] 6131 	ld	hl, (_res_physics)
      002492 11 0C 00         [10] 6132 	ld	de, #0x000c
      002495 19               [11] 6133 	add	hl, de
      002496 6E               [ 7] 6134 	ld	l, (hl)
                                   6135 ;	spillPairReg hl
      002497 26 00            [ 7] 6136 	ld	h, #0x00
                                   6137 ;	spillPairReg hl
                                   6138 ;	spillPairReg hl
      002499 DD 4E FB         [19] 6139 	ld	c, -5 (ix)
      00249C 06 00            [ 7] 6140 	ld	b, #0x00
      00249E BF               [ 4] 6141 	cp	a, a
      00249F ED 42            [15] 6142 	sbc	hl, bc
      0024A1 EB               [ 4] 6143 	ex	de, hl
      0024A2 7A               [ 4] 6144 	ld	a, d
      0024A3 07               [ 4] 6145 	rlca
      0024A4 ED 62            [15] 6146 	sbc	hl, hl
                                   6147 ;pocket_platformer.c:1148: player.vy = -(remaining * js);
      0024A6 DD 4E F9         [19] 6148 	ld	c, -7 (ix)
      0024A9 DD 46 FA         [19] 6149 	ld	b, -6 (ix)
      0024AC C5               [11] 6150 	push	bc
      0024AD DD 4E F7         [19] 6151 	ld	c, -9 (ix)
      0024B0 DD 46 F8         [19] 6152 	ld	b, -8 (ix)
      0024B3 C5               [11] 6153 	push	bc
      0024B4 CDr00r00         [17] 6154 	call	__mullong
      0024B7 F1               [10] 6155 	pop	af
      0024B8 F1               [10] 6156 	pop	af
      0024B9 AF               [ 4] 6157 	xor	a, a
      0024BA 93               [ 4] 6158 	sub	a, e
      0024BB 4F               [ 4] 6159 	ld	c, a
      0024BC 3E 00            [ 7] 6160 	ld	a, #0x00
      0024BE 9A               [ 4] 6161 	sbc	a, d
      0024BF 47               [ 4] 6162 	ld	b, a
      0024C0 3E 00            [ 7] 6163 	ld	a, #0x00
      0024C2 9D               [ 4] 6164 	sbc	a, l
      0024C3 5F               [ 4] 6165 	ld	e, a
      0024C4 9F               [ 4] 6166 	sbc	a, a
      0024C5 94               [ 4] 6167 	sub	a, h
      0024C6 57               [ 4] 6168 	ld	d, a
      0024C7 ED 43r18r00      [20] 6169 	ld	((_player + 12)), bc
      0024CB ED 53r1Ar00      [20] 6170 	ld	((_player + 12)+2), de
                                   6171 ;pocket_platformer.c:1149: if (player.jump_frames >= res_physics->max_jump_frames) {
      0024CF FD 2Ar02r00      [20] 6172 	ld	iy, (_res_physics)
      0024D3 FD 4E 0C         [19] 6173 	ld	c, 12 (iy)
      0024D6 DD 7E FB         [19] 6174 	ld	a, -5 (ix)
      0024D9 91               [ 4] 6175 	sub	a, c
      0024DA 38 37            [12] 6176 	jr	C, 00145$
                                   6177 ;pocket_platformer.c:1150: player.jumping = 0;
      0024DC 21r1Er00         [10] 6178 	ld	hl, #(_player + 18)
      0024DF 36 00            [10] 6179 	ld	(hl), #0x00
                                   6180 ;pocket_platformer.c:1151: player.falling = 1;
      0024E1 21r1Dr00         [10] 6181 	ld	hl, #(_player + 17)
      0024E4 36 01            [10] 6182 	ld	(hl), #0x01
                                   6183 ;pocket_platformer.c:1152: player.forced_jump_speed = 0;
      0024E6 21 00 00         [10] 6184 	ld	hl, #0x0000
      0024E9 22r27r00         [16] 6185 	ld	((_player + 27)), hl
      0024EC 22r29r00         [16] 6186 	ld	((_player + 27)+2), hl
      0024EF 18 22            [12] 6187 	jr	00145$
      0024F1                       6188 00141$:
                                   6189 ;pocket_platformer.c:1154: } else if (player.forced_jump_speed == 0) {
      0024F1 DD 7E FB         [19] 6190 	ld	a, -5 (ix)
      0024F4 DD B6 FA         [19] 6191 	or	a, -6 (ix)
      0024F7 DD B6 F9         [19] 6192 	or	a, -7 (ix)
      0024FA DD B6 F8         [19] 6193 	or	a, -8 (ix)
      0024FD 20 14            [12] 6194 	jr	NZ, 00145$
                                   6195 ;pocket_platformer.c:1156: player.jumping = 0;
      0024FF 21r1Er00         [10] 6196 	ld	hl, #(_player + 18)
      002502 36 00            [10] 6197 	ld	(hl), #0x00
                                   6198 ;pocket_platformer.c:1157: player.jump_frames = res_physics->max_jump_frames;
      002504 FD 2Ar02r00      [20] 6199 	ld	iy, (_res_physics)
      002508 FD 7E 0C         [19] 6200 	ld	a, 12 (iy)
      00250B 32r22r00         [13] 6201 	ld	(#(_player + 22)),a
                                   6202 ;pocket_platformer.c:1158: player.falling = 1;
      00250E 21r1Dr00         [10] 6203 	ld	hl, #(_player + 17)
      002511 36 01            [10] 6204 	ld	(hl), #0x01
      002513                       6205 00145$:
                                   6206 ;pocket_platformer.c:1164: if (player.wall_jumping) {
      002513 3Ar1Fr00         [13] 6207 	ld	a, (#(_player + 19) + 0)
      002516 DD 77 FB         [19] 6208 	ld	-5 (ix), a
      002519 B7               [ 4] 6209 	or	a, a
      00251A CArE1r27         [10] 6210 	jp	Z, 00161$
                                   6211 ;pocket_platformer.c:1165: if (joy & PORT_A_KEY_1) {
      00251D DD 7E F6         [19] 6212 	ld	a, -10 (ix)
      002520 DD B6 F5         [19] 6213 	or	a, -11 (ix)
      002523 CArCCr27         [10] 6214 	jp	Z, 00158$
                                   6215 ;pocket_platformer.c:1166: player.jump_frames++;
      002526 3Ar22r00         [13] 6216 	ld	a, (#(_player + 22) + 0)
      002529 3C               [ 4] 6217 	inc	a
      00252A DD 77 FB         [19] 6218 	ld	-5 (ix), a
      00252D 21r22r00         [10] 6219 	ld	hl, #(_player + 22)
      002530 DD 7E FB         [19] 6220 	ld	a, -5 (ix)
      002533 77               [ 7] 6221 	ld	(hl), a
                                   6222 ;pocket_platformer.c:1071: long max_spd = (long)res_physics->max_speed;
      002534 2Ar02r00         [16] 6223 	ld	hl, (_res_physics)
      002537 DD 75 F8         [19] 6224 	ld	-8 (ix), l
      00253A DD 74 F9         [19] 6225 	ld	-7 (ix), h
                                   6226 ;pocket_platformer.c:1167: long remaining = (long)(res_physics->max_jump_frames - player.jump_frames);
      00253D DD 7E F8         [19] 6227 	ld	a, -8 (ix)
      002540 DD 77 F6         [19] 6228 	ld	-10 (ix), a
      002543 DD 7E F9         [19] 6229 	ld	a, -7 (ix)
      002546 DD 77 F7         [19] 6230 	ld	-9 (ix), a
      002549 DD 6E F6         [19] 6231 	ld	l, -10 (ix)
      00254C DD 66 F7         [19] 6232 	ld	h, -9 (ix)
      00254F 11 0C 00         [10] 6233 	ld	de, #0x000c
      002552 19               [11] 6234 	add	hl, de
      002553 7E               [ 7] 6235 	ld	a, (hl)
      002554 DD 77 FA         [19] 6236 	ld	-6 (ix), a
      002557 DD 77 F4         [19] 6237 	ld	-12 (ix), a
      00255A DD 36 F5 00      [19] 6238 	ld	-11 (ix), #0x00
      00255E DD 7E FB         [19] 6239 	ld	a, -5 (ix)
      002561 DD 77 F6         [19] 6240 	ld	-10 (ix), a
      002564 DD 36 F7 00      [19] 6241 	ld	-9 (ix), #0x00
      002568 DD 7E F4         [19] 6242 	ld	a, -12 (ix)
      00256B DD 96 F6         [19] 6243 	sub	a, -10 (ix)
      00256E DD 77 FA         [19] 6244 	ld	-6 (ix), a
      002571 DD 7E F5         [19] 6245 	ld	a, -11 (ix)
      002574 DD 9E F7         [19] 6246 	sbc	a, -9 (ix)
      002577 DD 77 FB         [19] 6247 	ld	-5 (ix), a
      00257A DD 7E FA         [19] 6248 	ld	a, -6 (ix)
      00257D DD 77 F1         [19] 6249 	ld	-15 (ix), a
      002580 DD 7E FB         [19] 6250 	ld	a, -5 (ix)
      002583 DD 77 F2         [19] 6251 	ld	-14 (ix), a
      002586 07               [ 4] 6252 	rlca
      002587 9F               [ 4] 6253 	sbc	a, a
      002588 DD 77 F3         [19] 6254 	ld	-13 (ix), a
      00258B DD 77 F4         [19] 6255 	ld	-12 (ix), a
                                   6256 ;pocket_platformer.c:1168: player.vy = -(remaining * (long)res_physics->jump_speed);
      00258E DD 7E F8         [19] 6257 	ld	a, -8 (ix)
      002591 DD 77 FA         [19] 6258 	ld	-6 (ix), a
      002594 DD 7E F9         [19] 6259 	ld	a, -7 (ix)
      002597 DD 77 FB         [19] 6260 	ld	-5 (ix), a
      00259A DD 6E FA         [19] 6261 	ld	l, -6 (ix)
      00259D DD 66 FB         [19] 6262 	ld	h, -5 (ix)
      0025A0 11 0A 00         [10] 6263 	ld	de, #0x000a
      0025A3 19               [11] 6264 	add	hl, de
      0025A4 7E               [ 7] 6265 	ld	a, (hl)
      0025A5 DD 77 FA         [19] 6266 	ld	-6 (ix), a
      0025A8 23               [ 6] 6267 	inc	hl
      0025A9 7E               [ 7] 6268 	ld	a, (hl)
      0025AA DD 77 FB         [19] 6269 	ld	-5 (ix), a
      0025AD DD 7E FA         [19] 6270 	ld	a, -6 (ix)
      0025B0 DD 77 F8         [19] 6271 	ld	-8 (ix), a
      0025B3 DD 7E FB         [19] 6272 	ld	a, -5 (ix)
      0025B6 DD 77 F9         [19] 6273 	ld	-7 (ix), a
      0025B9 07               [ 4] 6274 	rlca
      0025BA 9F               [ 4] 6275 	sbc	a, a
                                   6276 ;	spillPairReg hl
                                   6277 ;	spillPairReg hl
      0025BB DD 77 FA         [19] 6278 	ld	-6 (ix), a
      0025BE DD 77 FB         [19] 6279 	ld	-5 (ix), a
      0025C1 6F               [ 4] 6280 	ld	l, a
      0025C2 67               [ 4] 6281 	ld	h, a
                                   6282 ;	spillPairReg hl
                                   6283 ;	spillPairReg hl
      0025C3 E5               [11] 6284 	push	hl
      0025C4 DD 6E F8         [19] 6285 	ld	l, -8 (ix)
                                   6286 ;	spillPairReg hl
                                   6287 ;	spillPairReg hl
      0025C7 DD 66 F9         [19] 6288 	ld	h, -7 (ix)
                                   6289 ;	spillPairReg hl
                                   6290 ;	spillPairReg hl
      0025CA E5               [11] 6291 	push	hl
      0025CB DD 5E F1         [19] 6292 	ld	e, -15 (ix)
      0025CE DD 56 F2         [19] 6293 	ld	d, -14 (ix)
      0025D1 DD 6E F3         [19] 6294 	ld	l, -13 (ix)
                                   6295 ;	spillPairReg hl
                                   6296 ;	spillPairReg hl
      0025D4 DD 66 F4         [19] 6297 	ld	h, -12 (ix)
                                   6298 ;	spillPairReg hl
                                   6299 ;	spillPairReg hl
      0025D7 CDr00r00         [17] 6300 	call	__mullong
      0025DA F1               [10] 6301 	pop	af
      0025DB F1               [10] 6302 	pop	af
      0025DC 33               [ 6] 6303 	inc	sp
      0025DD 33               [ 6] 6304 	inc	sp
      0025DE D5               [11] 6305 	push	de
      0025DF DD 75 EF         [19] 6306 	ld	-17 (ix), l
      0025E2 DD 74 F0         [19] 6307 	ld	-16 (ix), h
      0025E5 AF               [ 4] 6308 	xor	a, a
      0025E6 DD 96 ED         [19] 6309 	sub	a, -19 (ix)
      0025E9 DD 77 F8         [19] 6310 	ld	-8 (ix), a
      0025EC 3E 00            [ 7] 6311 	ld	a, #0x00
      0025EE DD 9E EE         [19] 6312 	sbc	a, -18 (ix)
      0025F1 DD 77 F9         [19] 6313 	ld	-7 (ix), a
      0025F4 3E 00            [ 7] 6314 	ld	a, #0x00
      0025F6 DD 9E EF         [19] 6315 	sbc	a, -17 (ix)
      0025F9 DD 77 FA         [19] 6316 	ld	-6 (ix), a
      0025FC 9F               [ 4] 6317 	sbc	a, a
      0025FD DD 96 F0         [19] 6318 	sub	a, -16 (ix)
      002600 DD 77 FB         [19] 6319 	ld	-5 (ix), a
      002603 11r18r00         [10] 6320 	ld	de, #(_player + 12)
      002606 21 0B 00         [10] 6321 	ld	hl, #11
      002609 39               [11] 6322 	add	hl, sp
      00260A 01 04 00         [10] 6323 	ld	bc, #0x0004
      00260D ED B0            [21] 6324 	ldir
                                   6325 ;pocket_platformer.c:1170: if (player.wall_push_frames < (res_physics->max_jump_frames / 2 - 4)) {
      00260F 3Ar21r00         [13] 6326 	ld	a, (#(_player + 21) + 0)
      002612 DD 77 F5         [19] 6327 	ld	-11 (ix), a
                                   6328 ;pocket_platformer.c:1071: long max_spd = (long)res_physics->max_speed;
      002615 2Ar02r00         [16] 6329 	ld	hl, (_res_physics)
      002618 DD 75 F6         [19] 6330 	ld	-10 (ix), l
      00261B DD 74 F7         [19] 6331 	ld	-9 (ix), h
                                   6332 ;pocket_platformer.c:1170: if (player.wall_push_frames < (res_physics->max_jump_frames / 2 - 4)) {
      00261E DD 7E F6         [19] 6333 	ld	a, -10 (ix)
      002621 DD 77 FA         [19] 6334 	ld	-6 (ix), a
      002624 DD 7E F7         [19] 6335 	ld	a, -9 (ix)
      002627 DD 77 FB         [19] 6336 	ld	-5 (ix), a
      00262A DD 6E FA         [19] 6337 	ld	l, -6 (ix)
      00262D DD 66 FB         [19] 6338 	ld	h, -5 (ix)
      002630 11 0C 00         [10] 6339 	ld	de, #0x000c
      002633 19               [11] 6340 	add	hl, de
      002634 7E               [ 7] 6341 	ld	a, (hl)
      002635 DD 77 FB         [19] 6342 	ld	-5 (ix), a
      002638 DD 77 F8         [19] 6343 	ld	-8 (ix), a
      00263B DD 36 F9 00      [19] 6344 	ld	-7 (ix), #0x00
      00263F DD 7E F8         [19] 6345 	ld	a, -8 (ix)
      002642 DD 77 FA         [19] 6346 	ld	-6 (ix), a
      002645 DD 7E F9         [19] 6347 	ld	a, -7 (ix)
      002648 DD 77 FB         [19] 6348 	ld	-5 (ix), a
      00264B DD CB F9 7E      [20] 6349 	bit	7, -7 (ix)
      00264F 28 10            [12] 6350 	jr	Z, 00242$
      002651 DD 7E F8         [19] 6351 	ld	a, -8 (ix)
      002654 C6 01            [ 7] 6352 	add	a, #0x01
      002656 DD 77 FA         [19] 6353 	ld	-6 (ix), a
      002659 DD 7E F9         [19] 6354 	ld	a, -7 (ix)
      00265C CE 00            [ 7] 6355 	adc	a, #0x00
      00265E DD 77 FB         [19] 6356 	ld	-5 (ix), a
      002661                       6357 00242$:
      002661 DD 4E FA         [19] 6358 	ld	c, -6 (ix)
      002664 DD 46 FB         [19] 6359 	ld	b, -5 (ix)
      002667 CB 28            [ 8] 6360 	sra	b
      002669 CB 19            [ 8] 6361 	rr	c
      00266B 79               [ 4] 6362 	ld	a, c
      00266C C6 FC            [ 7] 6363 	add	a, #0xfc
      00266E 4F               [ 4] 6364 	ld	c, a
      00266F 78               [ 4] 6365 	ld	a, b
      002670 CE FF            [ 7] 6366 	adc	a, #0xff
      002672 47               [ 4] 6367 	ld	b, a
      002673 DD 7E F5         [19] 6368 	ld	a, -11 (ix)
      002676 16 00            [ 7] 6369 	ld	d, #0x00
      002678 91               [ 4] 6370 	sub	a, c
      002679 7A               [ 4] 6371 	ld	a, d
      00267A 98               [ 4] 6372 	sbc	a, b
      00267B E2r80r26         [10] 6373 	jp	PO, 00538$
      00267E EE 80            [ 7] 6374 	xor	a, #0x80
      002680                       6375 00538$:
      002680 F2rB2r27         [10] 6376 	jp	P, 00154$
                                   6377 ;pocket_platformer.c:1172: long push = remaining * (long)res_physics->jump_speed;
      002683 DD 4E F6         [19] 6378 	ld	c, -10 (ix)
      002686 DD 46 F7         [19] 6379 	ld	b, -9 (ix)
      002689 21 0A 00         [10] 6380 	ld	hl, #10
      00268C 09               [11] 6381 	add	hl, bc
      00268D 4E               [ 7] 6382 	ld	c, (hl)
      00268E 23               [ 6] 6383 	inc	hl
      00268F 46               [ 7] 6384 	ld	b, (hl)
      002690 78               [ 4] 6385 	ld	a, b
      002691 07               [ 4] 6386 	rlca
      002692 ED 62            [15] 6387 	sbc	hl, hl
      002694 E5               [11] 6388 	push	hl
      002695 C5               [11] 6389 	push	bc
      002696 DD 5E F1         [19] 6390 	ld	e, -15 (ix)
      002699 DD 56 F2         [19] 6391 	ld	d, -14 (ix)
      00269C DD 6E F3         [19] 6392 	ld	l, -13 (ix)
                                   6393 ;	spillPairReg hl
                                   6394 ;	spillPairReg hl
      00269F DD 66 F4         [19] 6395 	ld	h, -12 (ix)
                                   6396 ;	spillPairReg hl
                                   6397 ;	spillPairReg hl
      0026A2 CDr00r00         [17] 6398 	call	__mullong
      0026A5 F1               [10] 6399 	pop	af
      0026A6 F1               [10] 6400 	pop	af
      0026A7 4D               [ 4] 6401 	ld	c, l
      0026A8 44               [ 4] 6402 	ld	b, h
                                   6403 ;pocket_platformer.c:1173: if (player.wall_jump_dir == 1) {   /* off left wall → push right */
      0026A9 3Ar20r00         [13] 6404 	ld	a, (#(_player + 20) + 0)
      0026AC DD 77 FB         [19] 6405 	ld	-5 (ix), a
                                   6406 ;pocket_platformer.c:1087: player.vx = FP_MUL(player.vx, fric);
      0026AF D5               [11] 6407 	push	de
      0026B0 C5               [11] 6408 	push	bc
      0026B1 11r14r00         [10] 6409 	ld	de, #(_player + 8)
      0026B4 21 07 00         [10] 6410 	ld	hl, #7
      0026B7 39               [11] 6411 	add	hl, sp
      0026B8 EB               [ 4] 6412 	ex	de, hl
      0026B9 01 04 00         [10] 6413 	ld	bc, #0x0004
      0026BC ED B0            [21] 6414 	ldir
      0026BE C1               [10] 6415 	pop	bc
      0026BF D1               [10] 6416 	pop	de
                                   6417 ;pocket_platformer.c:1174: player.vx += push >> 4;         /* scale down push */
      0026C0 DD 73 F4         [19] 6418 	ld	-12 (ix), e
      0026C3 DD 72 F5         [19] 6419 	ld	-11 (ix), d
      0026C6 DD 71 F6         [19] 6420 	ld	-10 (ix), c
      0026C9 DD 70 F7         [19] 6421 	ld	-9 (ix), b
      0026CC 06 04            [ 7] 6422 	ld	b, #0x04
      0026CE                       6423 00539$:
      0026CE DD CB F7 2E      [23] 6424 	sra	-9 (ix)
      0026D2 DD CB F6 1E      [23] 6425 	rr	-10 (ix)
      0026D6 DD CB F5 1E      [23] 6426 	rr	-11 (ix)
      0026DA DD CB F4 1E      [23] 6427 	rr	-12 (ix)
      0026DE 10 EE            [13] 6428 	djnz	00539$
                                   6429 ;pocket_platformer.c:1173: if (player.wall_jump_dir == 1) {   /* off left wall → push right */
      0026E0 DD 7E FB         [19] 6430 	ld	a, -5 (ix)
      0026E3 3D               [ 4] 6431 	dec	a
      0026E4 20 5D            [12] 6432 	jr	NZ, 00151$
                                   6433 ;pocket_platformer.c:1174: player.vx += push >> 4;         /* scale down push */
      0026E6 DD 7E F0         [19] 6434 	ld	a, -16 (ix)
      0026E9 DD 86 F4         [19] 6435 	add	a, -12 (ix)
      0026EC DD 77 F8         [19] 6436 	ld	-8 (ix), a
      0026EF DD 7E F1         [19] 6437 	ld	a, -15 (ix)
      0026F2 DD 8E F5         [19] 6438 	adc	a, -11 (ix)
      0026F5 DD 77 F9         [19] 6439 	ld	-7 (ix), a
      0026F8 DD 7E F2         [19] 6440 	ld	a, -14 (ix)
      0026FB DD 8E F6         [19] 6441 	adc	a, -10 (ix)
      0026FE DD 77 FA         [19] 6442 	ld	-6 (ix), a
      002701 DD 7E F3         [19] 6443 	ld	a, -13 (ix)
      002704 DD 8E F7         [19] 6444 	adc	a, -9 (ix)
      002707 DD 77 FB         [19] 6445 	ld	-5 (ix), a
      00270A 11r14r00         [10] 6446 	ld	de, #(_player + 8)
      00270D 21 0B 00         [10] 6447 	ld	hl, #11
      002710 39               [11] 6448 	add	hl, sp
      002711 01 04 00         [10] 6449 	ld	bc, #0x0004
      002714 ED B0            [21] 6450 	ldir
                                   6451 ;pocket_platformer.c:1071: long max_spd = (long)res_physics->max_speed;
      002716 2Ar02r00         [16] 6452 	ld	hl, (_res_physics)
      002719 4E               [ 7] 6453 	ld	c, (hl)
      00271A 23               [ 6] 6454 	inc	hl
      00271B 46               [ 7] 6455 	ld	b, (hl)
                                   6456 ;pocket_platformer.c:1175: if (player.vx > (long)res_physics->max_speed)
      00271C 78               [ 4] 6457 	ld	a, b
      00271D 07               [ 4] 6458 	rlca
      00271E 9F               [ 4] 6459 	sbc	a, a
      00271F 5F               [ 4] 6460 	ld	e, a
      002720 57               [ 4] 6461 	ld	d, a
      002721 79               [ 4] 6462 	ld	a, c
      002722 DD 96 F8         [19] 6463 	sub	a, -8 (ix)
      002725 78               [ 4] 6464 	ld	a, b
      002726 DD 9E F9         [19] 6465 	sbc	a, -7 (ix)
      002729 7B               [ 4] 6466 	ld	a, e
      00272A DD 9E FA         [19] 6467 	sbc	a, -6 (ix)
      00272D 7A               [ 4] 6468 	ld	a, d
      00272E DD 9E FB         [19] 6469 	sbc	a, -5 (ix)
      002731 E2r36r27         [10] 6470 	jp	PO, 00543$
      002734 EE 80            [ 7] 6471 	xor	a, #0x80
      002736                       6472 00543$:
      002736 F2rABr27         [10] 6473 	jp	P, 00152$
                                   6474 ;pocket_platformer.c:1176: player.vx = (long)res_physics->max_speed;
      002739 ED 43r14r00      [20] 6475 	ld	((_player + 8)), bc
      00273D ED 53r16r00      [20] 6476 	ld	((_player + 8)+2), de
      002741 18 68            [12] 6477 	jr	00152$
      002743                       6478 00151$:
                                   6479 ;pocket_platformer.c:1178: player.vx -= push >> 4;
      002743 DD 7E F0         [19] 6480 	ld	a, -16 (ix)
      002746 DD 96 F4         [19] 6481 	sub	a, -12 (ix)
      002749 DD 77 F8         [19] 6482 	ld	-8 (ix), a
      00274C DD 7E F1         [19] 6483 	ld	a, -15 (ix)
      00274F DD 9E F5         [19] 6484 	sbc	a, -11 (ix)
      002752 DD 77 F9         [19] 6485 	ld	-7 (ix), a
      002755 DD 7E F2         [19] 6486 	ld	a, -14 (ix)
      002758 DD 9E F6         [19] 6487 	sbc	a, -10 (ix)
      00275B DD 77 FA         [19] 6488 	ld	-6 (ix), a
      00275E DD 7E F3         [19] 6489 	ld	a, -13 (ix)
      002761 DD 9E F7         [19] 6490 	sbc	a, -9 (ix)
      002764 DD 77 FB         [19] 6491 	ld	-5 (ix), a
      002767 11r14r00         [10] 6492 	ld	de, #(_player + 8)
      00276A 21 0B 00         [10] 6493 	ld	hl, #11
      00276D 39               [11] 6494 	add	hl, sp
      00276E 01 04 00         [10] 6495 	ld	bc, #0x0004
      002771 ED B0            [21] 6496 	ldir
                                   6497 ;pocket_platformer.c:1071: long max_spd = (long)res_physics->max_speed;
      002773 2Ar02r00         [16] 6498 	ld	hl, (_res_physics)
      002776 4E               [ 7] 6499 	ld	c, (hl)
      002777 23               [ 6] 6500 	inc	hl
      002778 7E               [ 7] 6501 	ld	a, (hl)
                                   6502 ;pocket_platformer.c:1175: if (player.vx > (long)res_physics->max_speed)
      002779 47               [ 4] 6503 	ld	b, a
      00277A 07               [ 4] 6504 	rlca
      00277B 9F               [ 4] 6505 	sbc	a, a
      00277C 5F               [ 4] 6506 	ld	e, a
      00277D 57               [ 4] 6507 	ld	d, a
                                   6508 ;pocket_platformer.c:1179: if (player.vx < -(long)res_physics->max_speed)
      00277E AF               [ 4] 6509 	xor	a, a
      00277F 91               [ 4] 6510 	sub	a, c
      002780 4F               [ 4] 6511 	ld	c, a
      002781 3E 00            [ 7] 6512 	ld	a, #0x00
      002783 98               [ 4] 6513 	sbc	a, b
      002784 47               [ 4] 6514 	ld	b, a
      002785 21 00 00         [10] 6515 	ld	hl, #0x0000
      002788 ED 52            [15] 6516 	sbc	hl, de
      00278A EB               [ 4] 6517 	ex	de, hl
      00278B DD 7E F8         [19] 6518 	ld	a, -8 (ix)
      00278E 91               [ 4] 6519 	sub	a, c
      00278F DD 7E F9         [19] 6520 	ld	a, -7 (ix)
      002792 98               [ 4] 6521 	sbc	a, b
      002793 DD 7E FA         [19] 6522 	ld	a, -6 (ix)
      002796 9B               [ 4] 6523 	sbc	a, e
      002797 DD 7E FB         [19] 6524 	ld	a, -5 (ix)
      00279A 9A               [ 4] 6525 	sbc	a, d
      00279B E2rA0r27         [10] 6526 	jp	PO, 00544$
      00279E EE 80            [ 7] 6527 	xor	a, #0x80
      0027A0                       6528 00544$:
      0027A0 F2rABr27         [10] 6529 	jp	P, 00152$
                                   6530 ;pocket_platformer.c:1180: player.vx = -(long)res_physics->max_speed;
      0027A3 ED 43r14r00      [20] 6531 	ld	((_player + 8)), bc
      0027A7 ED 53r16r00      [20] 6532 	ld	((_player + 8)+2), de
      0027AB                       6533 00152$:
                                   6534 ;pocket_platformer.c:1182: player.wall_push_frames++;
      0027AB 3Ar21r00         [13] 6535 	ld	a, (#(_player + 21) + 0)
      0027AE 3C               [ 4] 6536 	inc	a
      0027AF 32r21r00         [13] 6537 	ld	(#(_player + 21)),a
      0027B2                       6538 00154$:
                                   6539 ;pocket_platformer.c:1184: if (player.jump_frames >= res_physics->max_jump_frames) {
      0027B2 3Ar22r00         [13] 6540 	ld	a, (#(_player + 22) + 0)
      0027B5 2Ar02r00         [16] 6541 	ld	hl, (_res_physics)
      0027B8 11 0C 00         [10] 6542 	ld	de, #0x000c
      0027BB 19               [11] 6543 	add	hl, de
      0027BC 4E               [ 7] 6544 	ld	c, (hl)
      0027BD 91               [ 4] 6545 	sub	a, c
      0027BE 38 21            [12] 6546 	jr	C, 00161$
                                   6547 ;pocket_platformer.c:1185: player.wall_jumping = 0;
      0027C0 21r1Fr00         [10] 6548 	ld	hl, #(_player + 19)
      0027C3 36 00            [10] 6549 	ld	(hl), #0x00
                                   6550 ;pocket_platformer.c:1186: player.falling = 1;
      0027C5 21r1Dr00         [10] 6551 	ld	hl, #(_player + 17)
      0027C8 36 01            [10] 6552 	ld	(hl), #0x01
      0027CA 18 15            [12] 6553 	jr	00161$
      0027CC                       6554 00158$:
                                   6555 ;pocket_platformer.c:1189: player.wall_jumping = 0;
      0027CC 21r1Fr00         [10] 6556 	ld	hl, #(_player + 19)
      0027CF 36 00            [10] 6557 	ld	(hl), #0x00
                                   6558 ;pocket_platformer.c:1190: player.jump_frames = res_physics->max_jump_frames;
      0027D1 2Ar02r00         [16] 6559 	ld	hl, (_res_physics)
      0027D4 11 0C 00         [10] 6560 	ld	de, #0x000c
      0027D7 19               [11] 6561 	add	hl, de
      0027D8 7E               [ 7] 6562 	ld	a, (hl)
      0027D9 32r22r00         [13] 6563 	ld	(#(_player + 22)),a
                                   6564 ;pocket_platformer.c:1191: player.falling = 1;
      0027DC 21r1Dr00         [10] 6565 	ld	hl, #(_player + 17)
      0027DF 36 01            [10] 6566 	ld	(hl), #0x01
      0027E1                       6567 00161$:
                                   6568 ;pocket_platformer.c:1197: if (!player.jumping && !player.wall_jumping && player.vy < 0 && !barrel_launched) {
      0027E1 3Ar1Er00         [13] 6569 	ld	a, (#(_player + 18) + 0)
      0027E4 B7               [ 4] 6570 	or	a, a
      0027E5 20 59            [12] 6571 	jr	NZ, 00169$
      0027E7 3Ar1Fr00         [13] 6572 	ld	a, (#(_player + 19) + 0)
      0027EA B7               [ 4] 6573 	or	a, a
      0027EB 20 53            [12] 6574 	jr	NZ, 00169$
      0027ED ED 4Br18r00      [20] 6575 	ld	bc, (#(_player + 12) + 0)
      0027F1 ED 5Br1Ar00      [20] 6576 	ld	de, (#(_player + 12) + 2)
      0027F5 CB 7A            [ 8] 6577 	bit	7, d
      0027F7 28 47            [12] 6578 	jr	Z, 00169$
      0027F9 3Ar75r06         [13] 6579 	ld	a, (_barrel_launched+0)
      0027FC B7               [ 4] 6580 	or	a, a
      0027FD 20 41            [12] 6581 	jr	NZ, 00169$
                                   6582 ;pocket_platformer.c:1198: player.vy = FP_MUL(player.vy, FP(0.75));
      0027FF D5               [11] 6583 	push	de
      002800 C5               [11] 6584 	push	bc
      002801 11 C0 00         [10] 6585 	ld	de, #0x00c0
      002804 21 00 00         [10] 6586 	ld	hl, #0x0000
      002807 CDr00r00         [17] 6587 	call	__mullong
      00280A F1               [10] 6588 	pop	af
      00280B F1               [10] 6589 	pop	af
      00280C 4D               [ 4] 6590 	ld	c, l
      00280D 44               [ 4] 6591 	ld	b, h
      00280E 3E 08            [ 7] 6592 	ld	a, #0x08
      002810                       6593 00545$:
      002810 CB 28            [ 8] 6594 	sra	b
      002812 CB 19            [ 8] 6595 	rr	c
      002814 CB 1A            [ 8] 6596 	rr	d
      002816 CB 1B            [ 8] 6597 	rr	e
      002818 3D               [ 4] 6598 	dec	a
      002819 20 F5            [12] 6599 	jr	NZ, 00545$
      00281B ED 53r18r00      [20] 6600 	ld	((_player + 12)), de
      00281F ED 43r1Ar00      [20] 6601 	ld	((_player + 12)+2), bc
                                   6602 ;pocket_platformer.c:1199: if (player.vy > -FP(0.5)) player.vy = 0;
      002823 3E 80            [ 7] 6603 	ld	a, #0x80
      002825 BB               [ 4] 6604 	cp	a, e
      002826 3E FF            [ 7] 6605 	ld	a, #0xff
      002828 9A               [ 4] 6606 	sbc	a, d
      002829 3E FF            [ 7] 6607 	ld	a, #0xff
      00282B 99               [ 4] 6608 	sbc	a, c
      00282C 3E FF            [ 7] 6609 	ld	a, #0xff
      00282E 98               [ 4] 6610 	sbc	a, b
      00282F E2r34r28         [10] 6611 	jp	PO, 00547$
      002832 EE 80            [ 7] 6612 	xor	a, #0x80
      002834                       6613 00547$:
      002834 F2r40r28         [10] 6614 	jp	P, 00169$
      002837 21 00 00         [10] 6615 	ld	hl, #0x0000
      00283A 22r18r00         [16] 6616 	ld	((_player + 12)), hl
      00283D 22r1Ar00         [16] 6617 	ld	((_player + 12)+2), hl
      002840                       6618 00169$:
                                   6619 ;pocket_platformer.c:1201: }
      002840 DD F9            [10] 6620 	ld	sp, ix
      002842 DD E1            [14] 6621 	pop	ix
      002844 C9               [10] 6622 	ret
                                   6623 ;pocket_platformer.c:1203: static void move_player_x(void) {
                                   6624 ;	---------------------------------
                                   6625 ; Function move_player_x
                                   6626 ; ---------------------------------
      002845                       6627 _move_player_x:
      002845 DD E5            [15] 6628 	push	ix
      002847 DD 21 00 00      [14] 6629 	ld	ix,#0
      00284B DD 39            [15] 6630 	add	ix,sp
      00284D 21 F4 FF         [10] 6631 	ld	hl, #-12
      002850 39               [11] 6632 	add	hl, sp
      002851 F9               [ 6] 6633 	ld	sp, hl
                                   6634 ;pocket_platformer.c:1204: long total_vx = player.vx + tp_carry_vx;
      002852 ED 4Br14r00      [20] 6635 	ld	bc, (#(_player + 8) + 0)
      002856 ED 5Br16r00      [20] 6636 	ld	de, (#(_player + 8) + 2)
      00285A 79               [ 4] 6637 	ld	a, c
      00285B 21r00r00         [10] 6638 	ld	hl, #_tp_carry_vx
      00285E 86               [ 7] 6639 	add	a, (hl)
      00285F 23               [ 6] 6640 	inc	hl
      002860 4F               [ 4] 6641 	ld	c, a
      002861 78               [ 4] 6642 	ld	a, b
      002862 8E               [ 7] 6643 	adc	a, (hl)
      002863 23               [ 6] 6644 	inc	hl
      002864 47               [ 4] 6645 	ld	b, a
      002865 7B               [ 4] 6646 	ld	a, e
      002866 8E               [ 7] 6647 	adc	a, (hl)
      002867 23               [ 6] 6648 	inc	hl
      002868 5F               [ 4] 6649 	ld	e, a
      002869 7A               [ 4] 6650 	ld	a, d
      00286A 8E               [ 7] 6651 	adc	a, (hl)
      00286B 57               [ 4] 6652 	ld	d, a
      00286C DD 71 FC         [19] 6653 	ld	-4 (ix), c
      00286F DD 70 FD         [19] 6654 	ld	-3 (ix), b
      002872 DD 73 FE         [19] 6655 	ld	-2 (ix), e
      002875 DD 72 FF         [19] 6656 	ld	-1 (ix), d
                                   6657 ;pocket_platformer.c:1205: long new_x = player.x + total_vx;
      002878 11r0Cr00         [10] 6658 	ld	de, #_player
      00287B 21 00 00         [10] 6659 	ld	hl, #0
      00287E 39               [11] 6660 	add	hl, sp
      00287F EB               [ 4] 6661 	ex	de, hl
      002880 01 04 00         [10] 6662 	ld	bc, #0x0004
      002883 ED B0            [21] 6663 	ldir
      002885 DD 7E F4         [19] 6664 	ld	a, -12 (ix)
      002888 DD 86 FC         [19] 6665 	add	a, -4 (ix)
      00288B DD 77 F8         [19] 6666 	ld	-8 (ix), a
      00288E DD 7E F5         [19] 6667 	ld	a, -11 (ix)
      002891 DD 8E FD         [19] 6668 	adc	a, -3 (ix)
      002894 DD 77 F9         [19] 6669 	ld	-7 (ix), a
      002897 DD 7E F6         [19] 6670 	ld	a, -10 (ix)
      00289A DD 8E FE         [19] 6671 	adc	a, -2 (ix)
      00289D DD 77 FA         [19] 6672 	ld	-6 (ix), a
      0028A0 DD 7E F7         [19] 6673 	ld	a, -9 (ix)
      0028A3 DD 8E FF         [19] 6674 	adc	a, -1 (ix)
      0028A6 DD 77 FB         [19] 6675 	ld	-5 (ix), a
      0028A9 21 00 00         [10] 6676 	ld	hl, #0
      0028AC 39               [11] 6677 	add	hl, sp
      0028AD EB               [ 4] 6678 	ex	de, hl
      0028AE 21 04 00         [10] 6679 	ld	hl, #4
      0028B1 39               [11] 6680 	add	hl, sp
      0028B2 01 04 00         [10] 6681 	ld	bc, #4
      0028B5 ED B0            [21] 6682 	ldir
                                   6683 ;pocket_platformer.c:1206: long px    = new_x >> 8;
      0028B7 DD 7E F4         [19] 6684 	ld	a, -12 (ix)
      0028BA DD 77 F8         [19] 6685 	ld	-8 (ix), a
      0028BD DD 7E F5         [19] 6686 	ld	a, -11 (ix)
      0028C0 DD 77 F9         [19] 6687 	ld	-7 (ix), a
      0028C3 DD 7E F6         [19] 6688 	ld	a, -10 (ix)
      0028C6 DD 77 FA         [19] 6689 	ld	-6 (ix), a
      0028C9 DD 7E F7         [19] 6690 	ld	a, -9 (ix)
      0028CC DD 77 FB         [19] 6691 	ld	-5 (ix), a
      0028CF 06 08            [ 7] 6692 	ld	b, #0x08
      0028D1                       6693 00146$:
      0028D1 DD CB FB 2E      [23] 6694 	sra	-5 (ix)
      0028D5 DD CB FA 1E      [23] 6695 	rr	-6 (ix)
      0028D9 DD CB F9 1E      [23] 6696 	rr	-7 (ix)
      0028DD DD CB F8 1E      [23] 6697 	rr	-8 (ix)
      0028E1 10 EE            [13] 6698 	djnz	00146$
                                   6699 ;pocket_platformer.c:1209: if (is_solid_px(r, player.y + FP(1)) ||
                                   6700 ;pocket_platformer.c:1207: if (total_vx > 0) {
      0028E3 AF               [ 4] 6701 	xor	a, a
      0028E4 DD BE FC         [19] 6702 	cp	a, -4 (ix)
      0028E7 DD 9E FD         [19] 6703 	sbc	a, -3 (ix)
      0028EA 3E 00            [ 7] 6704 	ld	a, #0x00
      0028EC DD 9E FE         [19] 6705 	sbc	a, -2 (ix)
      0028EF 3E 00            [ 7] 6706 	ld	a, #0x00
      0028F1 DD 9E FF         [19] 6707 	sbc	a, -1 (ix)
      0028F4 E2rF9r28         [10] 6708 	jp	PO, 00148$
      0028F7 EE 80            [ 7] 6709 	xor	a, #0x80
      0028F9                       6710 00148$:
      0028F9 F2r04r2A         [10] 6711 	jp	P, 00110$
                                   6712 ;pocket_platformer.c:1208: long r = new_x + FP(PLAYER_W);
      0028FC DD 7E F4         [19] 6713 	ld	a, -12 (ix)
      0028FF DD 77 FC         [19] 6714 	ld	-4 (ix), a
      002902 DD 7E F5         [19] 6715 	ld	a, -11 (ix)
      002905 C6 06            [ 7] 6716 	add	a, #0x06
      002907 DD 77 FD         [19] 6717 	ld	-3 (ix), a
      00290A DD 7E F6         [19] 6718 	ld	a, -10 (ix)
      00290D CE 00            [ 7] 6719 	adc	a, #0x00
      00290F DD 77 FE         [19] 6720 	ld	-2 (ix), a
      002912 DD 7E F7         [19] 6721 	ld	a, -9 (ix)
      002915 CE 00            [ 7] 6722 	adc	a, #0x00
      002917 DD 77 FF         [19] 6723 	ld	-1 (ix), a
                                   6724 ;pocket_platformer.c:1209: if (is_solid_px(r, player.y + FP(1)) ||
      00291A ED 4Br10r00      [20] 6725 	ld	bc, (#(_player + 4) + 0)
      00291E 2Ar12r00         [16] 6726 	ld	hl, (#(_player + 4) + 2)
      002921 78               [ 4] 6727 	ld	a, b
      002922 C6 01            [ 7] 6728 	add	a, #0x01
      002924 47               [ 4] 6729 	ld	b, a
      002925 30 01            [12] 6730 	jr	NC, 00149$
      002927 23               [ 6] 6731 	inc	hl
      002928                       6732 00149$:
      002928 E5               [11] 6733 	push	hl
      002929 C5               [11] 6734 	push	bc
      00292A DD 5E FC         [19] 6735 	ld	e, -4 (ix)
      00292D DD 56 FD         [19] 6736 	ld	d, -3 (ix)
      002930 DD 6E FE         [19] 6737 	ld	l, -2 (ix)
                                   6738 ;	spillPairReg hl
                                   6739 ;	spillPairReg hl
      002933 DD 66 FF         [19] 6740 	ld	h, -1 (ix)
                                   6741 ;	spillPairReg hl
                                   6742 ;	spillPairReg hl
      002936 CDrB6r03         [17] 6743 	call	_is_solid_px
      002939 B7               [ 4] 6744 	or	a, a
      00293A 20 23            [12] 6745 	jr	NZ, 00101$
                                   6746 ;pocket_platformer.c:1210: is_solid_px(r, player.y + FP(PLAYER_H - 2))) {
      00293C ED 4Br10r00      [20] 6747 	ld	bc, (#(_player + 4) + 0)
      002940 2Ar12r00         [16] 6748 	ld	hl, (#(_player + 4) + 2)
      002943 78               [ 4] 6749 	ld	a, b
      002944 C6 06            [ 7] 6750 	add	a, #0x06
      002946 47               [ 4] 6751 	ld	b, a
      002947 30 01            [12] 6752 	jr	NC, 00150$
      002949 23               [ 6] 6753 	inc	hl
      00294A                       6754 00150$:
      00294A E5               [11] 6755 	push	hl
      00294B C5               [11] 6756 	push	bc
      00294C DD 5E FC         [19] 6757 	ld	e, -4 (ix)
      00294F DD 56 FD         [19] 6758 	ld	d, -3 (ix)
      002952 DD 6E FE         [19] 6759 	ld	l, -2 (ix)
                                   6760 ;	spillPairReg hl
                                   6761 ;	spillPairReg hl
      002955 DD 66 FF         [19] 6762 	ld	h, -1 (ix)
                                   6763 ;	spillPairReg hl
                                   6764 ;	spillPairReg hl
      002958 CDrB6r03         [17] 6765 	call	_is_solid_px
      00295B B7               [ 4] 6766 	or	a, a
      00295C CArB7r2A         [10] 6767 	jp	Z, 00111$
      00295F                       6768 00101$:
                                   6769 ;pocket_platformer.c:1211: long tile_r = (px + PLAYER_W) / TILE_SIZE;
      00295F DD 7E F8         [19] 6770 	ld	a, -8 (ix)
      002962 C6 06            [ 7] 6771 	add	a, #0x06
      002964 DD 77 FC         [19] 6772 	ld	-4 (ix), a
      002967 DD 7E F9         [19] 6773 	ld	a, -7 (ix)
      00296A CE 00            [ 7] 6774 	adc	a, #0x00
      00296C DD 77 FD         [19] 6775 	ld	-3 (ix), a
      00296F DD 7E FA         [19] 6776 	ld	a, -6 (ix)
      002972 CE 00            [ 7] 6777 	adc	a, #0x00
      002974 DD 77 FE         [19] 6778 	ld	-2 (ix), a
      002977 DD 7E FB         [19] 6779 	ld	a, -5 (ix)
      00297A CE 00            [ 7] 6780 	adc	a, #0x00
      00297C DD 77 FF         [19] 6781 	ld	-1 (ix), a
      00297F 21 04 00         [10] 6782 	ld	hl, #4
      002982 39               [11] 6783 	add	hl, sp
      002983 EB               [ 4] 6784 	ex	de, hl
      002984 21 08 00         [10] 6785 	ld	hl, #8
      002987 39               [11] 6786 	add	hl, sp
      002988 01 04 00         [10] 6787 	ld	bc, #4
      00298B ED B0            [21] 6788 	ldir
      00298D DD CB FF 7E      [20] 6789 	bit	7, -1 (ix)
      002991 28 20            [12] 6790 	jr	Z, 00114$
      002993 DD 7E FC         [19] 6791 	ld	a, -4 (ix)
      002996 C6 07            [ 7] 6792 	add	a, #0x07
      002998 DD 77 F8         [19] 6793 	ld	-8 (ix), a
      00299B DD 7E FD         [19] 6794 	ld	a, -3 (ix)
      00299E CE 00            [ 7] 6795 	adc	a, #0x00
      0029A0 DD 77 F9         [19] 6796 	ld	-7 (ix), a
      0029A3 DD 7E FE         [19] 6797 	ld	a, -2 (ix)
      0029A6 CE 00            [ 7] 6798 	adc	a, #0x00
      0029A8 DD 77 FA         [19] 6799 	ld	-6 (ix), a
      0029AB DD 7E FF         [19] 6800 	ld	a, -1 (ix)
      0029AE CE 00            [ 7] 6801 	adc	a, #0x00
      0029B0 DD 77 FB         [19] 6802 	ld	-5 (ix), a
      0029B3                       6803 00114$:
      0029B3 DD 6E F8         [19] 6804 	ld	l, -8 (ix)
                                   6805 ;	spillPairReg hl
                                   6806 ;	spillPairReg hl
      0029B6 DD 66 F9         [19] 6807 	ld	h, -7 (ix)
                                   6808 ;	spillPairReg hl
                                   6809 ;	spillPairReg hl
      0029B9 DD 5E FA         [19] 6810 	ld	e, -6 (ix)
      0029BC DD 56 FB         [19] 6811 	ld	d, -5 (ix)
      0029BF 06 03            [ 7] 6812 	ld	b, #0x03
      0029C1                       6813 00151$:
      0029C1 CB 2A            [ 8] 6814 	sra	d
      0029C3 CB 1B            [ 8] 6815 	rr	e
      0029C5 CB 1C            [ 8] 6816 	rr	h
      0029C7 CB 1D            [ 8] 6817 	rr	l
      0029C9 10 F6            [13] 6818 	djnz	00151$
                                   6819 ;pocket_platformer.c:1212: new_x = (tile_r * TILE_SIZE - PLAYER_W - 1) * FP_ONE;
      0029CB 06 03            [ 7] 6820 	ld	b, #0x03
      0029CD                       6821 00153$:
      0029CD 29               [11] 6822 	add	hl, hl
      0029CE CB 13            [ 8] 6823 	rl	e
      0029D0 CB 12            [ 8] 6824 	rl	d
      0029D2 10 F9            [13] 6825 	djnz	00153$
      0029D4 01 F9 FF         [10] 6826 	ld	bc, #0xfff9
      0029D7 09               [11] 6827 	add	hl,bc
      0029D8 4D               [ 4] 6828 	ld	c, l
      0029D9 44               [ 4] 6829 	ld	b, h
      0029DA 7B               [ 4] 6830 	ld	a, e
      0029DB CE FF            [ 7] 6831 	adc	a, #0xff
      0029DD 5F               [ 4] 6832 	ld	e, a
      0029DE 7A               [ 4] 6833 	ld	a, d
      0029DF CE FF            [ 7] 6834 	adc	a, #0xff
      0029E1 DD 71 F5         [19] 6835 	ld	-11 (ix), c
      0029E4 DD 70 F6         [19] 6836 	ld	-10 (ix), b
      0029E7 DD 73 F7         [19] 6837 	ld	-9 (ix), e
      0029EA DD 36 F4 00      [19] 6838 	ld	-12 (ix), #0x00
                                   6839 ;pocket_platformer.c:1213: player.vx = 0;
      0029EE 21 00 00         [10] 6840 	ld	hl, #0x0000
      0029F1 22r14r00         [16] 6841 	ld	((_player + 8)), hl
      0029F4 22r16r00         [16] 6842 	ld	((_player + 8)+2), hl
                                   6843 ;pocket_platformer.c:1214: barrel_launched = 0;
      0029F7 21r75r06         [10] 6844 	ld	hl, #_barrel_launched
      0029FA 36 00            [10] 6845 	ld	(hl), #0x00
                                   6846 ;pocket_platformer.c:1215: barrel_launched_h = 0;
      0029FC 21r76r06         [10] 6847 	ld	hl, #_barrel_launched_h
      0029FF 36 00            [10] 6848 	ld	(hl), #0x00
      002A01 C3rB7r2A         [10] 6849 	jp	00111$
      002A04                       6850 00110$:
                                   6851 ;pocket_platformer.c:1217: } else if (total_vx < 0) {
      002A04 DD CB FF 7E      [20] 6852 	bit	7, -1 (ix)
      002A08 CArB7r2A         [10] 6853 	jp	Z, 00111$
                                   6854 ;pocket_platformer.c:1218: if (is_solid_px(new_x, player.y + FP(1)) ||
      002A0B ED 4Br10r00      [20] 6855 	ld	bc, (#(_player + 4) + 0)
      002A0F 2Ar12r00         [16] 6856 	ld	hl, (#(_player + 4) + 2)
      002A12 78               [ 4] 6857 	ld	a, b
      002A13 C6 01            [ 7] 6858 	add	a, #0x01
      002A15 47               [ 4] 6859 	ld	b, a
      002A16 30 01            [12] 6860 	jr	NC, 00157$
      002A18 23               [ 6] 6861 	inc	hl
      002A19                       6862 00157$:
      002A19 E5               [11] 6863 	push	hl
      002A1A C5               [11] 6864 	push	bc
      002A1B DD 5E F4         [19] 6865 	ld	e, -12 (ix)
      002A1E DD 56 F5         [19] 6866 	ld	d, -11 (ix)
      002A21 DD 6E F6         [19] 6867 	ld	l, -10 (ix)
                                   6868 ;	spillPairReg hl
                                   6869 ;	spillPairReg hl
      002A24 DD 66 F7         [19] 6870 	ld	h, -9 (ix)
                                   6871 ;	spillPairReg hl
                                   6872 ;	spillPairReg hl
      002A27 CDrB6r03         [17] 6873 	call	_is_solid_px
      002A2A B7               [ 4] 6874 	or	a, a
      002A2B 20 22            [12] 6875 	jr	NZ, 00104$
                                   6876 ;pocket_platformer.c:1219: is_solid_px(new_x, player.y + FP(PLAYER_H - 2))) {
      002A2D ED 4Br10r00      [20] 6877 	ld	bc, (#(_player + 4) + 0)
      002A31 2Ar12r00         [16] 6878 	ld	hl, (#(_player + 4) + 2)
      002A34 78               [ 4] 6879 	ld	a, b
      002A35 C6 06            [ 7] 6880 	add	a, #0x06
      002A37 47               [ 4] 6881 	ld	b, a
      002A38 30 01            [12] 6882 	jr	NC, 00158$
      002A3A 23               [ 6] 6883 	inc	hl
      002A3B                       6884 00158$:
      002A3B E5               [11] 6885 	push	hl
      002A3C C5               [11] 6886 	push	bc
      002A3D DD 5E F4         [19] 6887 	ld	e, -12 (ix)
      002A40 DD 56 F5         [19] 6888 	ld	d, -11 (ix)
      002A43 DD 6E F6         [19] 6889 	ld	l, -10 (ix)
                                   6890 ;	spillPairReg hl
                                   6891 ;	spillPairReg hl
      002A46 DD 66 F7         [19] 6892 	ld	h, -9 (ix)
                                   6893 ;	spillPairReg hl
                                   6894 ;	spillPairReg hl
      002A49 CDrB6r03         [17] 6895 	call	_is_solid_px
      002A4C B7               [ 4] 6896 	or	a, a
      002A4D 28 68            [12] 6897 	jr	Z, 00111$
      002A4F                       6898 00104$:
                                   6899 ;pocket_platformer.c:1220: long tile_l = px / TILE_SIZE + 1;
      002A4F DD 4E F8         [19] 6900 	ld	c, -8 (ix)
      002A52 DD 46 F9         [19] 6901 	ld	b, -7 (ix)
      002A55 DD 6E FA         [19] 6902 	ld	l, -6 (ix)
                                   6903 ;	spillPairReg hl
                                   6904 ;	spillPairReg hl
      002A58 DD 66 FB         [19] 6905 	ld	h, -5 (ix)
                                   6906 ;	spillPairReg hl
                                   6907 ;	spillPairReg hl
      002A5B DD CB FB 7E      [20] 6908 	bit	7, -5 (ix)
      002A5F 28 18            [12] 6909 	jr	Z, 00115$
      002A61 DD 7E F8         [19] 6910 	ld	a, -8 (ix)
      002A64 C6 07            [ 7] 6911 	add	a, #0x07
      002A66 4F               [ 4] 6912 	ld	c, a
      002A67 DD 7E F9         [19] 6913 	ld	a, -7 (ix)
      002A6A CE 00            [ 7] 6914 	adc	a, #0x00
      002A6C 47               [ 4] 6915 	ld	b, a
      002A6D DD 7E FA         [19] 6916 	ld	a, -6 (ix)
      002A70 CE 00            [ 7] 6917 	adc	a, #0x00
      002A72 6F               [ 4] 6918 	ld	l, a
                                   6919 ;	spillPairReg hl
                                   6920 ;	spillPairReg hl
      002A73 DD 7E FB         [19] 6921 	ld	a, -5 (ix)
      002A76 CE 00            [ 7] 6922 	adc	a, #0x00
      002A78 67               [ 4] 6923 	ld	h, a
                                   6924 ;	spillPairReg hl
                                   6925 ;	spillPairReg hl
      002A79                       6926 00115$:
      002A79 59               [ 4] 6927 	ld	e, c
      002A7A 50               [ 4] 6928 	ld	d, b
      002A7B 06 03            [ 7] 6929 	ld	b, #0x03
      002A7D                       6930 00159$:
      002A7D CB 2C            [ 8] 6931 	sra	h
      002A7F CB 1D            [ 8] 6932 	rr	l
      002A81 CB 1A            [ 8] 6933 	rr	d
      002A83 CB 1B            [ 8] 6934 	rr	e
      002A85 10 F6            [13] 6935 	djnz	00159$
      002A87 1C               [ 4] 6936 	inc	e
      002A88 20 04            [12] 6937 	jr	NZ, 00161$
      002A8A 14               [ 4] 6938 	inc	d
      002A8B 20 01            [12] 6939 	jr	NZ, 00161$
      002A8D 23               [ 6] 6940 	inc	hl
      002A8E                       6941 00161$:
                                   6942 ;pocket_platformer.c:1221: new_x = tile_l * TILE_SIZE * FP_ONE;
      002A8E 65               [ 4] 6943 	ld	h, l
                                   6944 ;	spillPairReg hl
                                   6945 ;	spillPairReg hl
      002A8F 6A               [ 4] 6946 	ld	l, d
                                   6947 ;	spillPairReg hl
                                   6948 ;	spillPairReg hl
      002A90 53               [ 4] 6949 	ld	d, e
      002A91 1E 00            [ 7] 6950 	ld	e, #0x00
      002A93 06 03            [ 7] 6951 	ld	b, #0x03
      002A95                       6952 00162$:
      002A95 CB 22            [ 8] 6953 	sla	d
      002A97 ED 6A            [15] 6954 	adc	hl, hl
      002A99 10 FA            [13] 6955 	djnz	00162$
      002A9B 33               [ 6] 6956 	inc	sp
      002A9C 33               [ 6] 6957 	inc	sp
      002A9D D5               [11] 6958 	push	de
      002A9E DD 75 F6         [19] 6959 	ld	-10 (ix), l
      002AA1 DD 74 F7         [19] 6960 	ld	-9 (ix), h
                                   6961 ;pocket_platformer.c:1222: player.vx = 0;
      002AA4 21 00 00         [10] 6962 	ld	hl, #0x0000
      002AA7 22r14r00         [16] 6963 	ld	((_player + 8)), hl
      002AAA 22r16r00         [16] 6964 	ld	((_player + 8)+2), hl
                                   6965 ;pocket_platformer.c:1223: barrel_launched = 0;
      002AAD 21r75r06         [10] 6966 	ld	hl, #_barrel_launched
      002AB0 36 00            [10] 6967 	ld	(hl), #0x00
                                   6968 ;pocket_platformer.c:1224: barrel_launched_h = 0;
      002AB2 21r76r06         [10] 6969 	ld	hl, #_barrel_launched_h
      002AB5 36 00            [10] 6970 	ld	(hl), #0x00
      002AB7                       6971 00111$:
                                   6972 ;pocket_platformer.c:1227: player.x = new_x;
      002AB7 11r0Cr00         [10] 6973 	ld	de, #_player
      002ABA 21 00 00         [10] 6974 	ld	hl, #0
      002ABD 39               [11] 6975 	add	hl, sp
      002ABE 01 04 00         [10] 6976 	ld	bc, #0x0004
      002AC1 ED B0            [21] 6977 	ldir
                                   6978 ;pocket_platformer.c:1228: }
      002AC3 DD F9            [10] 6979 	ld	sp, ix
      002AC5 DD E1            [14] 6980 	pop	ix
      002AC7 C9               [10] 6981 	ret
                                   6982 ;pocket_platformer.c:1230: static void move_player_y(void) {
                                   6983 ;	---------------------------------
                                   6984 ; Function move_player_y
                                   6985 ; ---------------------------------
      002AC8                       6986 _move_player_y:
      002AC8 DD E5            [15] 6987 	push	ix
      002ACA DD 21 00 00      [14] 6988 	ld	ix,#0
      002ACE DD 39            [15] 6989 	add	ix,sp
      002AD0 21 E3 FF         [10] 6990 	ld	hl, #-29
      002AD3 39               [11] 6991 	add	hl, sp
      002AD4 F9               [ 6] 6992 	ld	sp, hl
                                   6993 ;pocket_platformer.c:1231: long total_vy = player.vy + tp_carry_vy;
      002AD5 ED 4Br18r00      [20] 6994 	ld	bc, (#(_player + 12) + 0)
      002AD9 ED 5Br1Ar00      [20] 6995 	ld	de, (#(_player + 12) + 2)
      002ADD 79               [ 4] 6996 	ld	a, c
      002ADE 21r04r00         [10] 6997 	ld	hl, #_tp_carry_vy
      002AE1 86               [ 7] 6998 	add	a, (hl)
      002AE2 23               [ 6] 6999 	inc	hl
      002AE3 4F               [ 4] 7000 	ld	c, a
      002AE4 78               [ 4] 7001 	ld	a, b
      002AE5 8E               [ 7] 7002 	adc	a, (hl)
      002AE6 23               [ 6] 7003 	inc	hl
      002AE7 47               [ 4] 7004 	ld	b, a
      002AE8 7B               [ 4] 7005 	ld	a, e
      002AE9 8E               [ 7] 7006 	adc	a, (hl)
      002AEA 23               [ 6] 7007 	inc	hl
      002AEB 5F               [ 4] 7008 	ld	e, a
      002AEC 7A               [ 4] 7009 	ld	a, d
      002AED 8E               [ 7] 7010 	adc	a, (hl)
      002AEE 57               [ 4] 7011 	ld	d, a
      002AEF DD 71 EC         [19] 7012 	ld	-20 (ix), c
      002AF2 DD 70 ED         [19] 7013 	ld	-19 (ix), b
      002AF5 DD 73 EE         [19] 7014 	ld	-18 (ix), e
      002AF8 DD 72 EF         [19] 7015 	ld	-17 (ix), d
                                   7016 ;pocket_platformer.c:1232: long new_y = player.y + total_vy;
      002AFB ED 4Br10r00      [20] 7017 	ld	bc, (#(_player + 4) + 0)
      002AFF 2Ar12r00         [16] 7018 	ld	hl, (#(_player + 4) + 2)
      002B02 DD 7E EC         [19] 7019 	ld	a, -20 (ix)
      002B05 81               [ 4] 7020 	add	a, c
      002B06 4F               [ 4] 7021 	ld	c, a
      002B07 DD 7E ED         [19] 7022 	ld	a, -19 (ix)
      002B0A 88               [ 4] 7023 	adc	a, b
      002B0B 47               [ 4] 7024 	ld	b, a
      002B0C DD 7E EE         [19] 7025 	ld	a, -18 (ix)
      002B0F 8D               [ 4] 7026 	adc	a, l
      002B10 5F               [ 4] 7027 	ld	e, a
      002B11 DD 7E EF         [19] 7028 	ld	a, -17 (ix)
      002B14 8C               [ 4] 7029 	adc	a, h
      002B15 DD 71 FC         [19] 7030 	ld	-4 (ix), c
      002B18 DD 70 FD         [19] 7031 	ld	-3 (ix), b
      002B1B DD 73 FE         [19] 7032 	ld	-2 (ix), e
      002B1E DD 77 FF         [19] 7033 	ld	-1 (ix), a
                                   7034 ;pocket_platformer.c:1233: long py    = new_y >> 8;
      002B21 DD 7E FC         [19] 7035 	ld	a, -4 (ix)
      002B24 DD 77 F8         [19] 7036 	ld	-8 (ix), a
      002B27 DD 7E FD         [19] 7037 	ld	a, -3 (ix)
      002B2A DD 77 F9         [19] 7038 	ld	-7 (ix), a
      002B2D DD 7E FE         [19] 7039 	ld	a, -2 (ix)
      002B30 DD 77 FA         [19] 7040 	ld	-6 (ix), a
      002B33 DD 7E FF         [19] 7041 	ld	a, -1 (ix)
      002B36 DD 77 FB         [19] 7042 	ld	-5 (ix), a
      002B39 06 08            [ 7] 7043 	ld	b, #0x08
      002B3B                       7044 00346$:
      002B3B DD CB FB 2E      [23] 7045 	sra	-5 (ix)
      002B3F DD CB FA 1E      [23] 7046 	rr	-6 (ix)
      002B43 DD CB F9 1E      [23] 7047 	rr	-7 (ix)
      002B47 DD CB F8 1E      [23] 7048 	rr	-8 (ix)
      002B4B 10 EE            [13] 7049 	djnz	00346$
      002B4D 21 0D 00         [10] 7050 	ld	hl, #13
      002B50 39               [11] 7051 	add	hl, sp
      002B51 EB               [ 4] 7052 	ex	de, hl
      002B52 21 15 00         [10] 7053 	ld	hl, #21
      002B55 39               [11] 7054 	add	hl, sp
      002B56 01 04 00         [10] 7055 	ld	bc, #4
      002B59 ED B0            [21] 7056 	ldir
                                   7057 ;pocket_platformer.c:1236: if (is_solid_falling_px(player.x + FP(1),            b) ||
      002B5B ED 4Br0Cr00      [20] 7058 	ld	bc, (#_player + 0)
      002B5F 2Ar0Er00         [16] 7059 	ld	hl, (#_player + 2)
                                   7060 ;pocket_platformer.c:1261: player.jumping = 0;
                                   7061 ;pocket_platformer.c:1262: player.wall_jumping = 0;
                                   7062 ;pocket_platformer.c:1236: if (is_solid_falling_px(player.x + FP(1),            b) ||
      002B62 DD 71 F4         [19] 7063 	ld	-12 (ix), c
      002B65 78               [ 4] 7064 	ld	a, b
      002B66 C6 01            [ 7] 7065 	add	a, #0x01
      002B68 DD 77 F5         [19] 7066 	ld	-11 (ix), a
      002B6B 7D               [ 4] 7067 	ld	a, l
      002B6C CE 00            [ 7] 7068 	adc	a, #0x00
      002B6E DD 77 F6         [19] 7069 	ld	-10 (ix), a
      002B71 7C               [ 4] 7070 	ld	a, h
      002B72 CE 00            [ 7] 7071 	adc	a, #0x00
      002B74 DD 77 F7         [19] 7072 	ld	-9 (ix), a
                                   7073 ;pocket_platformer.c:1234: if (total_vy >= 0) {
      002B77 DD CB EF 7E      [20] 7074 	bit	7, -17 (ix)
      002B7B C2rD9r2D         [10] 7075 	jp	NZ, 00133$
                                   7076 ;pocket_platformer.c:1235: long b = new_y + FP(PLAYER_H);
      002B7E DD 4E FC         [19] 7077 	ld	c, -4 (ix)
      002B81 DD 7E FD         [19] 7078 	ld	a, -3 (ix)
      002B84 C6 08            [ 7] 7079 	add	a, #0x08
      002B86 47               [ 4] 7080 	ld	b, a
      002B87 DD 7E FE         [19] 7081 	ld	a, -2 (ix)
      002B8A CE 00            [ 7] 7082 	adc	a, #0x00
      002B8C FD E5            [15] 7083 	push	iy
      002B8E DD 77 E1         [19] 7084 	ld	-31 (ix), a
      002B91 FD E1            [14] 7085 	pop	iy
      002B93 DD 7E FF         [19] 7086 	ld	a, -1 (ix)
      002B96 CE 00            [ 7] 7087 	adc	a, #0x00
      002B98 FD E5            [15] 7088 	push	iy
      002B9A DD 77 E2         [19] 7089 	ld	-30 (ix), a
      002B9D FD E1            [14] 7090 	pop	iy
                                   7091 ;pocket_platformer.c:1236: if (is_solid_falling_px(player.x + FP(1),            b) ||
      002B9F C5               [11] 7092 	push	bc
      002BA0 FD E5            [15] 7093 	push	iy
      002BA2 FD E5            [15] 7094 	push	iy
      002BA4 C5               [11] 7095 	push	bc
      002BA5 DD 5E F4         [19] 7096 	ld	e, -12 (ix)
      002BA8 DD 56 F5         [19] 7097 	ld	d, -11 (ix)
      002BAB DD 6E F6         [19] 7098 	ld	l, -10 (ix)
                                   7099 ;	spillPairReg hl
                                   7100 ;	spillPairReg hl
      002BAE DD 66 F7         [19] 7101 	ld	h, -9 (ix)
                                   7102 ;	spillPairReg hl
                                   7103 ;	spillPairReg hl
      002BB1 CDrEFr06         [17] 7104 	call	_is_solid_falling_px
      002BB4 FD E1            [14] 7105 	pop	iy
      002BB6 C1               [10] 7106 	pop	bc
      002BB7 B7               [ 4] 7107 	or	a, a
      002BB8 20 18            [12] 7108 	jr	NZ, 00108$
                                   7109 ;pocket_platformer.c:1237: is_solid_falling_px(player.x + FP(PLAYER_W - 2), b)) {
      002BBA ED 5Br0Cr00      [20] 7110 	ld	de, (#_player + 0)
      002BBE 2Ar0Er00         [16] 7111 	ld	hl, (#_player + 2)
      002BC1 7A               [ 4] 7112 	ld	a, d
      002BC2 C6 04            [ 7] 7113 	add	a, #0x04
      002BC4 57               [ 4] 7114 	ld	d, a
      002BC5 30 01            [12] 7115 	jr	NC, 00348$
      002BC7 23               [ 6] 7116 	inc	hl
      002BC8                       7117 00348$:
      002BC8 FD E5            [15] 7118 	push	iy
      002BCA C5               [11] 7119 	push	bc
      002BCB CDrEFr06         [17] 7120 	call	_is_solid_falling_px
      002BCE B7               [ 4] 7121 	or	a, a
      002BCF CAr21r32         [10] 7122 	jp	Z, 00134$
      002BD2                       7123 00108$:
                                   7124 ;pocket_platformer.c:1238: long tile_b = (py + PLAYER_H) / TILE_SIZE;
      002BD2 DD 7E F0         [19] 7125 	ld	a, -16 (ix)
      002BD5 C6 08            [ 7] 7126 	add	a, #0x08
      002BD7 DD 77 F4         [19] 7127 	ld	-12 (ix), a
      002BDA DD 7E F1         [19] 7128 	ld	a, -15 (ix)
      002BDD CE 00            [ 7] 7129 	adc	a, #0x00
      002BDF DD 77 F5         [19] 7130 	ld	-11 (ix), a
      002BE2 DD 7E F2         [19] 7131 	ld	a, -14 (ix)
      002BE5 CE 00            [ 7] 7132 	adc	a, #0x00
      002BE7 DD 77 F6         [19] 7133 	ld	-10 (ix), a
      002BEA DD 7E F3         [19] 7134 	ld	a, -13 (ix)
      002BED CE 00            [ 7] 7135 	adc	a, #0x00
      002BEF DD 77 F7         [19] 7136 	ld	-9 (ix), a
      002BF2 21 15 00         [10] 7137 	ld	hl, #21
      002BF5 39               [11] 7138 	add	hl, sp
      002BF6 EB               [ 4] 7139 	ex	de, hl
      002BF7 21 11 00         [10] 7140 	ld	hl, #17
      002BFA 39               [11] 7141 	add	hl, sp
      002BFB 01 04 00         [10] 7142 	ld	bc, #4
      002BFE ED B0            [21] 7143 	ldir
      002C00 DD CB F7 7E      [20] 7144 	bit	7, -9 (ix)
      002C04 28 20            [12] 7145 	jr	Z, 00143$
      002C06 DD 7E F4         [19] 7146 	ld	a, -12 (ix)
      002C09 C6 07            [ 7] 7147 	add	a, #0x07
      002C0B DD 77 F8         [19] 7148 	ld	-8 (ix), a
      002C0E DD 7E F5         [19] 7149 	ld	a, -11 (ix)
      002C11 CE 00            [ 7] 7150 	adc	a, #0x00
      002C13 DD 77 F9         [19] 7151 	ld	-7 (ix), a
      002C16 DD 7E F6         [19] 7152 	ld	a, -10 (ix)
      002C19 CE 00            [ 7] 7153 	adc	a, #0x00
      002C1B DD 77 FA         [19] 7154 	ld	-6 (ix), a
      002C1E DD 7E F7         [19] 7155 	ld	a, -9 (ix)
      002C21 CE 00            [ 7] 7156 	adc	a, #0x00
      002C23 DD 77 FB         [19] 7157 	ld	-5 (ix), a
      002C26                       7158 00143$:
      002C26 DD 7E F8         [19] 7159 	ld	a, -8 (ix)
      002C29 DD 77 F2         [19] 7160 	ld	-14 (ix), a
      002C2C DD 7E F9         [19] 7161 	ld	a, -7 (ix)
      002C2F DD 77 F3         [19] 7162 	ld	-13 (ix), a
      002C32 DD 7E FA         [19] 7163 	ld	a, -6 (ix)
      002C35 DD 77 F4         [19] 7164 	ld	-12 (ix), a
      002C38 DD 7E FB         [19] 7165 	ld	a, -5 (ix)
      002C3B DD 77 F5         [19] 7166 	ld	-11 (ix), a
      002C3E 06 03            [ 7] 7167 	ld	b, #0x03
      002C40                       7168 00349$:
      002C40 DD CB F5 2E      [23] 7169 	sra	-11 (ix)
      002C44 DD CB F4 1E      [23] 7170 	rr	-12 (ix)
      002C48 DD CB F3 1E      [23] 7171 	rr	-13 (ix)
      002C4C DD CB F2 1E      [23] 7172 	rr	-14 (ix)
      002C50 10 EE            [13] 7173 	djnz	00349$
                                   7174 ;pocket_platformer.c:1241: if (res_header->one_way_vram_idx) {
      002C52 FD 2Ar00r00      [20] 7175 	ld	iy, (_res_header)
      002C56 FD 7E 06         [19] 7176 	ld	a, 6 (iy)
      002C59 B7               [ 4] 7177 	or	a, a
      002C5A CAr7Ar2D         [10] 7178 	jp	Z, 00106$
                                   7179 ;pocket_platformer.c:1242: unsigned char t1 = get_tile(
      002C5D DD 7E F2         [19] 7180 	ld	a, -14 (ix)
      002C60 DD 77 FB         [19] 7181 	ld	-5 (ix), a
      002C63 ED 4Br0Cr00      [20] 7182 	ld	bc, (#_player + 0)
      002C67 ED 5Br0Er00      [20] 7183 	ld	de, (#_player + 2)
      002C6B 3E 08            [ 7] 7184 	ld	a, #0x08
      002C6D                       7185 00351$:
      002C6D CB 2A            [ 8] 7186 	sra	d
      002C6F CB 1B            [ 8] 7187 	rr	e
      002C71 CB 18            [ 8] 7188 	rr	b
      002C73 CB 19            [ 8] 7189 	rr	c
      002C75 3D               [ 4] 7190 	dec	a
      002C76 20 F5            [12] 7191 	jr	NZ, 00351$
      002C78 DD 71 F7         [19] 7192 	ld	-9 (ix), c
      002C7B DD 70 F8         [19] 7193 	ld	-8 (ix), b
      002C7E DD 73 F9         [19] 7194 	ld	-7 (ix), e
      002C81 DD 72 FA         [19] 7195 	ld	-6 (ix), d
      002C84 CB 7A            [ 8] 7196 	bit	7, d
      002C86 28 18            [12] 7197 	jr	Z, 00144$
      002C88 79               [ 4] 7198 	ld	a, c
      002C89 C6 07            [ 7] 7199 	add	a, #0x07
      002C8B DD 77 F7         [19] 7200 	ld	-9 (ix), a
      002C8E 78               [ 4] 7201 	ld	a, b
      002C8F CE 00            [ 7] 7202 	adc	a, #0x00
      002C91 DD 77 F8         [19] 7203 	ld	-8 (ix), a
      002C94 7B               [ 4] 7204 	ld	a, e
      002C95 CE 00            [ 7] 7205 	adc	a, #0x00
      002C97 DD 77 F9         [19] 7206 	ld	-7 (ix), a
      002C9A 7A               [ 4] 7207 	ld	a, d
      002C9B CE 00            [ 7] 7208 	adc	a, #0x00
      002C9D DD 77 FA         [19] 7209 	ld	-6 (ix), a
      002CA0                       7210 00144$:
      002CA0 DD 4E F7         [19] 7211 	ld	c, -9 (ix)
      002CA3 DD 46 F8         [19] 7212 	ld	b, -8 (ix)
      002CA6 CB 38            [ 8] 7213 	srl	b
      002CA8 CB 19            [ 8] 7214 	rr	c
      002CAA CB 38            [ 8] 7215 	srl	b
      002CAC CB 19            [ 8] 7216 	rr	c
      002CAE CB 38            [ 8] 7217 	srl	b
      002CB0 CB 19            [ 8] 7218 	rr	c
      002CB2 DD 6E FB         [19] 7219 	ld	l, -5 (ix)
                                   7220 ;	spillPairReg hl
                                   7221 ;	spillPairReg hl
      002CB5 79               [ 4] 7222 	ld	a, c
      002CB6 CDr2Er01         [17] 7223 	call	_get_tile
      002CB9 DD 77 F6         [19] 7224 	ld	-10 (ix), a
                                   7225 ;pocket_platformer.c:1245: unsigned char t2 = get_tile(
      002CBC DD 7E FB         [19] 7226 	ld	a, -5 (ix)
      002CBF DD 77 F7         [19] 7227 	ld	-9 (ix), a
      002CC2 ED 4Br0Cr00      [20] 7228 	ld	bc, (#_player + 0)
      002CC6 ED 5Br0Er00      [20] 7229 	ld	de, (#_player + 2)
      002CCA 3E 08            [ 7] 7230 	ld	a, #0x08
      002CCC                       7231 00353$:
      002CCC CB 2A            [ 8] 7232 	sra	d
      002CCE CB 1B            [ 8] 7233 	rr	e
      002CD0 CB 18            [ 8] 7234 	rr	b
      002CD2 CB 19            [ 8] 7235 	rr	c
      002CD4 3D               [ 4] 7236 	dec	a
      002CD5 20 F5            [12] 7237 	jr	NZ, 00353$
      002CD7 DD 71 F8         [19] 7238 	ld	-8 (ix), c
      002CDA DD 70 F9         [19] 7239 	ld	-7 (ix), b
      002CDD DD 73 FA         [19] 7240 	ld	-6 (ix), e
      002CE0 DD 72 FB         [19] 7241 	ld	-5 (ix), d
      002CE3 CB 7A            [ 8] 7242 	bit	7, d
      002CE5 28 18            [12] 7243 	jr	Z, 00145$
      002CE7 79               [ 4] 7244 	ld	a, c
      002CE8 C6 07            [ 7] 7245 	add	a, #0x07
      002CEA DD 77 F8         [19] 7246 	ld	-8 (ix), a
      002CED 78               [ 4] 7247 	ld	a, b
      002CEE CE 00            [ 7] 7248 	adc	a, #0x00
      002CF0 DD 77 F9         [19] 7249 	ld	-7 (ix), a
      002CF3 7B               [ 4] 7250 	ld	a, e
      002CF4 CE 00            [ 7] 7251 	adc	a, #0x00
      002CF6 DD 77 FA         [19] 7252 	ld	-6 (ix), a
      002CF9 7A               [ 4] 7253 	ld	a, d
      002CFA CE 00            [ 7] 7254 	adc	a, #0x00
      002CFC DD 77 FB         [19] 7255 	ld	-5 (ix), a
      002CFF                       7256 00145$:
      002CFF DD 4E F8         [19] 7257 	ld	c, -8 (ix)
      002D02 DD 46 F9         [19] 7258 	ld	b, -7 (ix)
      002D05 CB 38            [ 8] 7259 	srl	b
      002D07 CB 19            [ 8] 7260 	rr	c
      002D09 CB 38            [ 8] 7261 	srl	b
      002D0B CB 19            [ 8] 7262 	rr	c
      002D0D CB 38            [ 8] 7263 	srl	b
      002D0F CB 19            [ 8] 7264 	rr	c
      002D11 0C               [ 4] 7265 	inc	c
      002D12 DD 6E F7         [19] 7266 	ld	l, -9 (ix)
                                   7267 ;	spillPairReg hl
                                   7268 ;	spillPairReg hl
      002D15 79               [ 4] 7269 	ld	a, c
      002D16 CDr2Er01         [17] 7270 	call	_get_tile
      002D19 4F               [ 4] 7271 	ld	c, a
                                   7272 ;pocket_platformer.c:1241: if (res_header->one_way_vram_idx) {
      002D1A FD 2Ar00r00      [20] 7273 	ld	iy, (_res_header)
                                   7274 ;pocket_platformer.c:1248: unsigned char is_one_way =
      002D1E FD 46 06         [19] 7275 	ld	b, 6 (iy)
      002D21 DD 7E F6         [19] 7276 	ld	a, -10 (ix)
      002D24 90               [ 4] 7277 	sub	a, b
      002D25 28 07            [12] 7278 	jr	Z, 00147$
      002D27 79               [ 4] 7279 	ld	a, c
      002D28 90               [ 4] 7280 	sub	a, b
      002D29 28 03            [12] 7281 	jr	Z, 00147$
      002D2B AF               [ 4] 7282 	xor	a, a
      002D2C 18 02            [12] 7283 	jr	00148$
      002D2E                       7284 00147$:
      002D2E 3E 01            [ 7] 7285 	ld	a, #0x01
      002D30                       7286 00148$:
                                   7287 ;pocket_platformer.c:1251: if (is_one_way) {
      002D30 B7               [ 4] 7288 	or	a, a
      002D31 28 47            [12] 7289 	jr	Z, 00106$
                                   7290 ;pocket_platformer.c:1252: long prev_feet = player.y + FP(PLAYER_H);
      002D33 ED 4Br10r00      [20] 7291 	ld	bc, (#(_player + 4) + 0)
      002D37 2Ar12r00         [16] 7292 	ld	hl, (#(_player + 4) + 2)
      002D3A DD 71 F8         [19] 7293 	ld	-8 (ix), c
      002D3D 78               [ 4] 7294 	ld	a, b
      002D3E C6 08            [ 7] 7295 	add	a, #0x08
      002D40 DD 77 F9         [19] 7296 	ld	-7 (ix), a
      002D43 7D               [ 4] 7297 	ld	a, l
      002D44 CE 00            [ 7] 7298 	adc	a, #0x00
      002D46 DD 77 FA         [19] 7299 	ld	-6 (ix), a
      002D49 7C               [ 4] 7300 	ld	a, h
      002D4A CE 00            [ 7] 7301 	adc	a, #0x00
      002D4C DD 77 FB         [19] 7302 	ld	-5 (ix), a
                                   7303 ;pocket_platformer.c:1253: long tile_top  = tile_b * TILE_SIZE * FP_ONE;
      002D4F DD 56 F2         [19] 7304 	ld	d, -14 (ix)
      002D52 DD 6E F3         [19] 7305 	ld	l, -13 (ix)
                                   7306 ;	spillPairReg hl
                                   7307 ;	spillPairReg hl
      002D55 DD 66 F4         [19] 7308 	ld	h, -12 (ix)
                                   7309 ;	spillPairReg hl
                                   7310 ;	spillPairReg hl
      002D58 1E 00            [ 7] 7311 	ld	e, #0x00
      002D5A 06 03            [ 7] 7312 	ld	b, #0x03
      002D5C                       7313 00357$:
      002D5C CB 22            [ 8] 7314 	sla	d
      002D5E ED 6A            [15] 7315 	adc	hl, hl
      002D60 10 FA            [13] 7316 	djnz	00357$
                                   7317 ;pocket_platformer.c:1254: if (prev_feet > tile_top) goto skip_land;
      002D62 7B               [ 4] 7318 	ld	a, e
      002D63 DD 96 F8         [19] 7319 	sub	a, -8 (ix)
      002D66 7A               [ 4] 7320 	ld	a, d
      002D67 DD 9E F9         [19] 7321 	sbc	a, -7 (ix)
      002D6A 7D               [ 4] 7322 	ld	a, l
      002D6B DD 9E FA         [19] 7323 	sbc	a, -6 (ix)
      002D6E 7C               [ 4] 7324 	ld	a, h
      002D6F DD 9E FB         [19] 7325 	sbc	a, -5 (ix)
      002D72 E2r77r2D         [10] 7326 	jp	PO, 00359$
      002D75 EE 80            [ 7] 7327 	xor	a, #0x80
      002D77                       7328 00359$:
      002D77 FAr21r32         [10] 7329 	jp	M, 00134$
      002D7A                       7330 00106$:
                                   7331 ;pocket_platformer.c:1257: new_y = (tile_b * TILE_SIZE - PLAYER_H) * FP_ONE;
      002D7A DD 7E F2         [19] 7332 	ld	a, -14 (ix)
      002D7D DD 5E F3         [19] 7333 	ld	e, -13 (ix)
      002D80 DD 6E F4         [19] 7334 	ld	l, -12 (ix)
                                   7335 ;	spillPairReg hl
                                   7336 ;	spillPairReg hl
      002D83 DD 66 F5         [19] 7337 	ld	h, -11 (ix)
                                   7338 ;	spillPairReg hl
                                   7339 ;	spillPairReg hl
      002D86 06 03            [ 7] 7340 	ld	b, #0x03
      002D88                       7341 00360$:
      002D88 87               [ 4] 7342 	add	a, a
      002D89 CB 13            [ 8] 7343 	rl	e
      002D8B ED 6A            [15] 7344 	adc	hl, hl
      002D8D 10 F9            [13] 7345 	djnz	00360$
      002D8F C6 F8            [ 7] 7346 	add	a, #0xf8
      002D91 4F               [ 4] 7347 	ld	c, a
      002D92 7B               [ 4] 7348 	ld	a, e
      002D93 CE FF            [ 7] 7349 	adc	a, #0xff
      002D95 47               [ 4] 7350 	ld	b, a
      002D96 7D               [ 4] 7351 	ld	a, l
      002D97 CE FF            [ 7] 7352 	adc	a, #0xff
      002D99 5F               [ 4] 7353 	ld	e, a
      002D9A 7C               [ 4] 7354 	ld	a, h
      002D9B CE FF            [ 7] 7355 	adc	a, #0xff
      002D9D DD 71 FD         [19] 7356 	ld	-3 (ix), c
      002DA0 DD 70 FE         [19] 7357 	ld	-2 (ix), b
      002DA3 DD 73 FF         [19] 7358 	ld	-1 (ix), e
      002DA6 DD 36 FC 00      [19] 7359 	ld	-4 (ix), #0x00
                                   7360 ;pocket_platformer.c:1258: player.vy = 0;
      002DAA 21 00 00         [10] 7361 	ld	hl, #0x0000
      002DAD 22r18r00         [16] 7362 	ld	((_player + 12)), hl
      002DB0 22r1Ar00         [16] 7363 	ld	((_player + 12)+2), hl
                                   7364 ;pocket_platformer.c:1259: player.on_ground = 1;
      002DB3 21r1Cr00         [10] 7365 	ld	hl, #(_player + 16)
      002DB6 36 01            [10] 7366 	ld	(hl), #0x01
                                   7367 ;pocket_platformer.c:1260: player.falling = 0;
      002DB8 21r1Dr00         [10] 7368 	ld	hl, #(_player + 17)
      002DBB 36 00            [10] 7369 	ld	(hl), #0x00
                                   7370 ;pocket_platformer.c:1261: player.jumping = 0;
      002DBD 21r1Er00         [10] 7371 	ld	hl, #(_player + 18)
      002DC0 36 00            [10] 7372 	ld	(hl), #0x00
                                   7373 ;pocket_platformer.c:1262: player.wall_jumping = 0;
      002DC2 21r1Fr00         [10] 7374 	ld	hl, #(_player + 19)
      002DC5 36 00            [10] 7375 	ld	(hl), #0x00
                                   7376 ;pocket_platformer.c:1263: player.double_jump_used = 0;
      002DC7 21r24r00         [10] 7377 	ld	hl, #(_player + 24)
      002DCA 36 00            [10] 7378 	ld	(hl), #0x00
                                   7379 ;pocket_platformer.c:1264: barrel_launched = 0;
      002DCC 21r75r06         [10] 7380 	ld	hl, #_barrel_launched
      002DCF 36 00            [10] 7381 	ld	(hl), #0x00
                                   7382 ;pocket_platformer.c:1265: barrel_launched_h = 0;
      002DD1 21r76r06         [10] 7383 	ld	hl, #_barrel_launched_h
      002DD4 36 00            [10] 7384 	ld	(hl), #0x00
                                   7385 ;pocket_platformer.c:1266: skip_land:;
      002DD6 C3r21r32         [10] 7386 	jp	00134$
      002DD9                       7387 00133$:
                                   7388 ;pocket_platformer.c:1269: if (is_solid_px(player.x + FP(1),            new_y) ||
      002DD9 DD 6E FE         [19] 7389 	ld	l, -2 (ix)
                                   7390 ;	spillPairReg hl
                                   7391 ;	spillPairReg hl
      002DDC DD 66 FF         [19] 7392 	ld	h, -1 (ix)
                                   7393 ;	spillPairReg hl
                                   7394 ;	spillPairReg hl
      002DDF E5               [11] 7395 	push	hl
      002DE0 DD 6E FC         [19] 7396 	ld	l, -4 (ix)
                                   7397 ;	spillPairReg hl
                                   7398 ;	spillPairReg hl
      002DE3 DD 66 FD         [19] 7399 	ld	h, -3 (ix)
                                   7400 ;	spillPairReg hl
                                   7401 ;	spillPairReg hl
      002DE6 E5               [11] 7402 	push	hl
      002DE7 DD 5E F4         [19] 7403 	ld	e, -12 (ix)
      002DEA DD 56 F5         [19] 7404 	ld	d, -11 (ix)
      002DED DD 6E F6         [19] 7405 	ld	l, -10 (ix)
                                   7406 ;	spillPairReg hl
                                   7407 ;	spillPairReg hl
      002DF0 DD 66 F7         [19] 7408 	ld	h, -9 (ix)
                                   7409 ;	spillPairReg hl
                                   7410 ;	spillPairReg hl
      002DF3 CDrB6r03         [17] 7411 	call	_is_solid_px
      002DF6 B7               [ 4] 7412 	or	a, a
      002DF7 20 23            [12] 7413 	jr	NZ, 00129$
                                   7414 ;pocket_platformer.c:1270: is_solid_px(player.x + FP(PLAYER_W - 2), new_y)) {
      002DF9 ED 5Br0Cr00      [20] 7415 	ld	de, (#_player + 0)
      002DFD 2Ar0Er00         [16] 7416 	ld	hl, (#_player + 2)
      002E00 7A               [ 4] 7417 	ld	a, d
      002E01 C6 04            [ 7] 7418 	add	a, #0x04
      002E03 57               [ 4] 7419 	ld	d, a
      002E04 30 01            [12] 7420 	jr	NC, 00364$
      002E06 23               [ 6] 7421 	inc	hl
      002E07                       7422 00364$:
      002E07 DD 4E FE         [19] 7423 	ld	c, -2 (ix)
      002E0A DD 46 FF         [19] 7424 	ld	b, -1 (ix)
      002E0D C5               [11] 7425 	push	bc
      002E0E DD 4E FC         [19] 7426 	ld	c, -4 (ix)
      002E11 DD 46 FD         [19] 7427 	ld	b, -3 (ix)
      002E14 C5               [11] 7428 	push	bc
      002E15 CDrB6r03         [17] 7429 	call	_is_solid_px
      002E18 B7               [ 4] 7430 	or	a, a
      002E19 CAr21r32         [10] 7431 	jp	Z, 00134$
      002E1C                       7432 00129$:
                                   7433 ;pocket_platformer.c:1271: long tile_t = py / TILE_SIZE + 1;
      002E1C DD 6E F0         [19] 7434 	ld	l, -16 (ix)
                                   7435 ;	spillPairReg hl
                                   7436 ;	spillPairReg hl
      002E1F DD 66 F1         [19] 7437 	ld	h, -15 (ix)
                                   7438 ;	spillPairReg hl
                                   7439 ;	spillPairReg hl
      002E22 DD 5E F2         [19] 7440 	ld	e, -14 (ix)
      002E25 DD 56 F3         [19] 7441 	ld	d, -13 (ix)
      002E28 DD CB F3 7E      [20] 7442 	bit	7, -13 (ix)
      002E2C 28 18            [12] 7443 	jr	Z, 00149$
      002E2E DD 7E F0         [19] 7444 	ld	a, -16 (ix)
      002E31 C6 07            [ 7] 7445 	add	a, #0x07
      002E33 6F               [ 4] 7446 	ld	l, a
                                   7447 ;	spillPairReg hl
                                   7448 ;	spillPairReg hl
      002E34 DD 7E F1         [19] 7449 	ld	a, -15 (ix)
      002E37 CE 00            [ 7] 7450 	adc	a, #0x00
      002E39 67               [ 4] 7451 	ld	h, a
                                   7452 ;	spillPairReg hl
                                   7453 ;	spillPairReg hl
      002E3A DD 7E F2         [19] 7454 	ld	a, -14 (ix)
      002E3D CE 00            [ 7] 7455 	adc	a, #0x00
      002E3F 5F               [ 4] 7456 	ld	e, a
      002E40 DD 7E F3         [19] 7457 	ld	a, -13 (ix)
      002E43 CE 00            [ 7] 7458 	adc	a, #0x00
      002E45 57               [ 4] 7459 	ld	d, a
      002E46                       7460 00149$:
      002E46 06 03            [ 7] 7461 	ld	b, #0x03
      002E48                       7462 00365$:
      002E48 CB 2A            [ 8] 7463 	sra	d
      002E4A CB 1B            [ 8] 7464 	rr	e
      002E4C CB 1C            [ 8] 7465 	rr	h
      002E4E CB 1D            [ 8] 7466 	rr	l
      002E50 10 F6            [13] 7467 	djnz	00365$
      002E52 7D               [ 4] 7468 	ld	a, l
      002E53 C6 01            [ 7] 7469 	add	a, #0x01
      002E55 DD 77 E3         [19] 7470 	ld	-29 (ix), a
      002E58 7C               [ 4] 7471 	ld	a, h
      002E59 CE 00            [ 7] 7472 	adc	a, #0x00
      002E5B DD 77 E4         [19] 7473 	ld	-28 (ix), a
      002E5E 7B               [ 4] 7474 	ld	a, e
      002E5F CE 00            [ 7] 7475 	adc	a, #0x00
      002E61 DD 77 E5         [19] 7476 	ld	-27 (ix), a
      002E64 7A               [ 4] 7477 	ld	a, d
      002E65 CE 00            [ 7] 7478 	adc	a, #0x00
      002E67 DD 77 E6         [19] 7479 	ld	-26 (ix), a
                                   7480 ;pocket_platformer.c:1274: if (!rb_switch_locked && res_header->switch_vram_idx) {
      002E6A 3ArACr07         [13] 7481 	ld	a, (_rb_switch_locked+0)
      002E6D B7               [ 4] 7482 	or	a, a
      002E6E C2rD1r31         [10] 7483 	jp	NZ, 00125$
      002E71 2Ar00r00         [16] 7484 	ld	hl, (_res_header)
      002E74 11 0D 00         [10] 7485 	ld	de, #0x000d
      002E77 19               [11] 7486 	add	hl, de
      002E78 7E               [ 7] 7487 	ld	a, (hl)
      002E79 B7               [ 4] 7488 	or	a, a
      002E7A CArD1r31         [10] 7489 	jp	Z, 00125$
                                   7490 ;pocket_platformer.c:1275: unsigned char htx_l = (unsigned char)((player.x >> 8) / TILE_SIZE);
      002E7D ED 4Br0Cr00      [20] 7491 	ld	bc, (#_player + 0)
      002E81 ED 5Br0Er00      [20] 7492 	ld	de, (#_player + 2)
      002E85 3E 08            [ 7] 7493 	ld	a, #0x08
      002E87                       7494 00367$:
      002E87 CB 2A            [ 8] 7495 	sra	d
      002E89 CB 1B            [ 8] 7496 	rr	e
      002E8B CB 18            [ 8] 7497 	rr	b
      002E8D CB 19            [ 8] 7498 	rr	c
      002E8F 3D               [ 4] 7499 	dec	a
      002E90 20 F5            [12] 7500 	jr	NZ, 00367$
      002E92 DD 71 FC         [19] 7501 	ld	-4 (ix), c
      002E95 DD 70 FD         [19] 7502 	ld	-3 (ix), b
      002E98 DD 73 FE         [19] 7503 	ld	-2 (ix), e
      002E9B DD 72 FF         [19] 7504 	ld	-1 (ix), d
      002E9E CB 7A            [ 8] 7505 	bit	7, d
      002EA0 28 18            [12] 7506 	jr	Z, 00150$
      002EA2 79               [ 4] 7507 	ld	a, c
      002EA3 C6 07            [ 7] 7508 	add	a, #0x07
      002EA5 DD 77 FC         [19] 7509 	ld	-4 (ix), a
      002EA8 78               [ 4] 7510 	ld	a, b
      002EA9 CE 00            [ 7] 7511 	adc	a, #0x00
      002EAB DD 77 FD         [19] 7512 	ld	-3 (ix), a
      002EAE 7B               [ 4] 7513 	ld	a, e
      002EAF CE 00            [ 7] 7514 	adc	a, #0x00
      002EB1 DD 77 FE         [19] 7515 	ld	-2 (ix), a
      002EB4 7A               [ 4] 7516 	ld	a, d
      002EB5 CE 00            [ 7] 7517 	adc	a, #0x00
      002EB7 DD 77 FF         [19] 7518 	ld	-1 (ix), a
      002EBA                       7519 00150$:
      002EBA DD 6E FC         [19] 7520 	ld	l, -4 (ix)
                                   7521 ;	spillPairReg hl
                                   7522 ;	spillPairReg hl
      002EBD DD 66 FD         [19] 7523 	ld	h, -3 (ix)
                                   7524 ;	spillPairReg hl
                                   7525 ;	spillPairReg hl
      002EC0 CB 3C            [ 8] 7526 	srl	h
      002EC2 CB 1D            [ 8] 7527 	rr	l
      002EC4 CB 3C            [ 8] 7528 	srl	h
      002EC6 CB 1D            [ 8] 7529 	rr	l
      002EC8 CB 3C            [ 8] 7530 	srl	h
      002ECA CB 1D            [ 8] 7531 	rr	l
      002ECC 65               [ 4] 7532 	ld	h, l
                                   7533 ;	spillPairReg hl
                                   7534 ;	spillPairReg hl
                                   7535 ;pocket_platformer.c:1276: unsigned char htx_r = (unsigned char)(((player.x >> 8) + PLAYER_W) / TILE_SIZE);
      002ECD 79               [ 4] 7536 	ld	a, c
      002ECE C6 06            [ 7] 7537 	add	a, #0x06
      002ED0 DD 77 F4         [19] 7538 	ld	-12 (ix), a
      002ED3 78               [ 4] 7539 	ld	a, b
      002ED4 CE 00            [ 7] 7540 	adc	a, #0x00
      002ED6 DD 77 F5         [19] 7541 	ld	-11 (ix), a
      002ED9 7B               [ 4] 7542 	ld	a, e
      002EDA CE 00            [ 7] 7543 	adc	a, #0x00
      002EDC DD 77 F6         [19] 7544 	ld	-10 (ix), a
      002EDF 7A               [ 4] 7545 	ld	a, d
      002EE0 CE 00            [ 7] 7546 	adc	a, #0x00
      002EE2 DD 77 F7         [19] 7547 	ld	-9 (ix), a
      002EE5 DD 7E F4         [19] 7548 	ld	a, -12 (ix)
      002EE8 DD 77 FC         [19] 7549 	ld	-4 (ix), a
      002EEB DD 7E F5         [19] 7550 	ld	a, -11 (ix)
      002EEE DD 77 FD         [19] 7551 	ld	-3 (ix), a
      002EF1 DD 7E F6         [19] 7552 	ld	a, -10 (ix)
      002EF4 DD 77 FE         [19] 7553 	ld	-2 (ix), a
      002EF7 DD 7E F7         [19] 7554 	ld	a, -9 (ix)
      002EFA DD 77 FF         [19] 7555 	ld	-1 (ix), a
      002EFD DD CB F7 7E      [20] 7556 	bit	7, -9 (ix)
      002F01 28 18            [12] 7557 	jr	Z, 00151$
      002F03 79               [ 4] 7558 	ld	a, c
      002F04 C6 0D            [ 7] 7559 	add	a, #0x0d
      002F06 DD 77 FC         [19] 7560 	ld	-4 (ix), a
      002F09 78               [ 4] 7561 	ld	a, b
      002F0A CE 00            [ 7] 7562 	adc	a, #0x00
      002F0C DD 77 FD         [19] 7563 	ld	-3 (ix), a
      002F0F 7B               [ 4] 7564 	ld	a, e
      002F10 CE 00            [ 7] 7565 	adc	a, #0x00
      002F12 DD 77 FE         [19] 7566 	ld	-2 (ix), a
      002F15 7A               [ 4] 7567 	ld	a, d
      002F16 CE 00            [ 7] 7568 	adc	a, #0x00
      002F18 DD 77 FF         [19] 7569 	ld	-1 (ix), a
      002F1B                       7570 00151$:
      002F1B DD 4E FC         [19] 7571 	ld	c, -4 (ix)
      002F1E DD 46 FD         [19] 7572 	ld	b, -3 (ix)
      002F21 CB 38            [ 8] 7573 	srl	b
      002F23 CB 19            [ 8] 7574 	rr	c
      002F25 CB 38            [ 8] 7575 	srl	b
      002F27 CB 19            [ 8] 7576 	rr	c
      002F29 CB 38            [ 8] 7577 	srl	b
      002F2B CB 19            [ 8] 7578 	rr	c
                                   7579 ;pocket_platformer.c:1277: unsigned char hty   = (unsigned char)(tile_t - 1);  /* ceiling row */
      002F2D DD 7E E3         [19] 7580 	ld	a, -29 (ix)
      002F30 3D               [ 4] 7581 	dec	a
      002F31 47               [ 4] 7582 	ld	b, a
                                   7583 ;pocket_platformer.c:1278: unsigned char tl = get_tile(htx_l, hty);
      002F32 C5               [11] 7584 	push	bc
      002F33 68               [ 4] 7585 	ld	l, b
                                   7586 ;	spillPairReg hl
                                   7587 ;	spillPairReg hl
      002F34 7C               [ 4] 7588 	ld	a, h
      002F35 CDr2Er01         [17] 7589 	call	_get_tile
      002F38 C1               [10] 7590 	pop	bc
      002F39 DD 77 FF         [19] 7591 	ld	-1 (ix), a
                                   7592 ;pocket_platformer.c:1279: unsigned char tr = get_tile(htx_r, hty);
      002F3C 68               [ 4] 7593 	ld	l, b
                                   7594 ;	spillPairReg hl
                                   7595 ;	spillPairReg hl
      002F3D 79               [ 4] 7596 	ld	a, c
      002F3E CDr2Er01         [17] 7597 	call	_get_tile
      002F41 4F               [ 4] 7598 	ld	c, a
                                   7599 ;pocket_platformer.c:1241: if (res_header->one_way_vram_idx) {
      002F42 FD 2Ar00r00      [20] 7600 	ld	iy, (_res_header)
                                   7601 ;pocket_platformer.c:1280: if ((tl == res_header->switch_vram_idx || tl == res_header->switch_blue_vram_idx ||
      002F46 FD E5            [15] 7602 	push	iy
      002F48 D1               [10] 7603 	pop	de
      002F49 21 0D 00         [10] 7604 	ld	hl, #13
      002F4C 19               [11] 7605 	add	hl, de
      002F4D 5E               [ 7] 7606 	ld	e, (hl)
      002F4E DD 7E FF         [19] 7607 	ld	a, -1 (ix)
      002F51 93               [ 4] 7608 	sub	a, e
      002F52 28 11            [12] 7609 	jr	Z, 00119$
      002F54 FD 46 0E         [19] 7610 	ld	b, 14 (iy)
      002F57 DD 7E FF         [19] 7611 	ld	a, -1 (ix)
      002F5A 90               [ 4] 7612 	sub	a, b
      002F5B 28 08            [12] 7613 	jr	Z, 00119$
                                   7614 ;pocket_platformer.c:1281: tr == res_header->switch_vram_idx || tr == res_header->switch_blue_vram_idx)) {
      002F5D 79               [ 4] 7615 	ld	a,c
      002F5E BB               [ 4] 7616 	cp	a,e
      002F5F 28 04            [12] 7617 	jr	Z, 00119$
      002F61 90               [ 4] 7618 	sub	a, b
      002F62 C2rD1r31         [10] 7619 	jp	NZ,00125$
      002F65                       7620 00119$:
                                   7621 ;pocket_platformer.c:1283: rb_red_active = !rb_red_active;
      002F65 3ArABr07         [13] 7622 	ld	a, (_rb_red_active+0)
      002F68 D6 01            [ 7] 7623 	sub	a,#0x01
      002F6A 3E 00            [ 7] 7624 	ld	a, #0x00
      002F6C 17               [ 4] 7625 	rla
      002F6D 32rABr07         [13] 7626 	ld	(_rb_red_active+0), a
                                   7627 ;pocket_platformer.c:1284: rb_redraw_all();
      002F70 CDrBAr3A         [17] 7628 	call	_rb_redraw_all
                                   7629 ;pocket_platformer.c:1241: if (res_header->one_way_vram_idx) {
      002F73 2Ar00r00         [16] 7630 	ld	hl, (_res_header)
      002F76 DD 75 FE         [19] 7631 	ld	-2 (ix), l
      002F79 DD 74 FF         [19] 7632 	ld	-1 (ix), h
                                   7633 ;pocket_platformer.c:1287: unsigned char sw_idx = rb_red_active
      002F7C 3ArABr07         [13] 7634 	ld	a, (_rb_red_active+0)
      002F7F B7               [ 4] 7635 	or	a, a
      002F80 28 0D            [12] 7636 	jr	Z, 00152$
      002F82 DD 4E FE         [19] 7637 	ld	c, -2 (ix)
      002F85 DD 46 FF         [19] 7638 	ld	b, -1 (ix)
      002F88 21 0D 00         [10] 7639 	ld	hl, #13
      002F8B 09               [11] 7640 	add	hl, bc
      002F8C 4E               [ 7] 7641 	ld	c, (hl)
      002F8D 18 0B            [12] 7642 	jr	00153$
      002F8F                       7643 00152$:
      002F8F DD 6E FE         [19] 7644 	ld	l, -2 (ix)
      002F92 DD 66 FF         [19] 7645 	ld	h, -1 (ix)
      002F95 11 0E 00         [10] 7646 	ld	de, #0x000e
      002F98 19               [11] 7647 	add	hl, de
      002F99 4E               [ 7] 7648 	ld	c, (hl)
      002F9A                       7649 00153$:
      002F9A 41               [ 4] 7650 	ld	b, c
                                   7651 ;pocket_platformer.c:1290: unsigned int sw_vt = sw_idx
      002F9B 79               [ 4] 7652 	ld	a, c
      002F9C B7               [ 4] 7653 	or	a, a
      002F9D 28 05            [12] 7654 	jr	Z, 00154$
      002F9F 48               [ 4] 7655 	ld	c, b
      002FA0 06 00            [ 7] 7656 	ld	b, #0x00
      002FA2 18 03            [12] 7657 	jr	00155$
      002FA4                       7658 00154$:
      002FA4 01 00 00         [10] 7659 	ld	bc, #0x0000
      002FA7                       7660 00155$:
                                   7661 ;pocket_platformer.c:1292: for (si = 0; si < rb_switch_count; si++) {
      002FA7 1E 00            [ 7] 7662 	ld	e, #0x00
      002FA9                       7663 00136$:
      002FA9 21rAAr07         [10] 7664 	ld	hl, #_rb_switch_count
      002FAC 7B               [ 4] 7665 	ld	a, e
      002FAD 96               [ 7] 7666 	sub	a, (hl)
      002FAE 30 3A            [12] 7667 	jr	NC, 00111$
                                   7668 ;pocket_platformer.c:1293: SMS_setNextTileatXY(rb_switches[si].tx % SCREEN_TILES_W,
      002FB0 6B               [ 4] 7669 	ld	l, e
                                   7670 ;	spillPairReg hl
                                   7671 ;	spillPairReg hl
      002FB1 26 00            [ 7] 7672 	ld	h, #0x00
                                   7673 ;	spillPairReg hl
                                   7674 ;	spillPairReg hl
      002FB3 29               [11] 7675 	add	hl, hl
      002FB4 FD 21r99r07      [14] 7676 	ld	iy, #_rb_switches
      002FB8 C5               [11] 7677 	push	bc
      002FB9 4D               [ 4] 7678 	ld	c, l
      002FBA 44               [ 4] 7679 	ld	b, h
      002FBB FD 09            [15] 7680 	add	iy, bc
      002FBD C1               [10] 7681 	pop	bc
      002FBE FD E5            [15] 7682 	push	iy
      002FC0 E1               [10] 7683 	pop	hl
      002FC1 23               [ 6] 7684 	inc	hl
      002FC2 6E               [ 7] 7685 	ld	l, (hl)
                                   7686 ;	spillPairReg hl
      002FC3 26 00            [ 7] 7687 	ld	h, #0x00
                                   7688 ;	spillPairReg hl
                                   7689 ;	spillPairReg hl
      002FC5 29               [11] 7690 	add	hl, hl
      002FC6 29               [11] 7691 	add	hl, hl
      002FC7 29               [11] 7692 	add	hl, hl
      002FC8 29               [11] 7693 	add	hl, hl
      002FC9 29               [11] 7694 	add	hl, hl
      002FCA 7D               [ 4] 7695 	ld	a, l
      002FCB 54               [ 4] 7696 	ld	d, h
      002FCC FD 6E 00         [19] 7697 	ld	l, 0 (iy)
                                   7698 ;	spillPairReg hl
      002FCF F5               [11] 7699 	push	af
      002FD0 7D               [ 4] 7700 	ld	a, l
      002FD1 E6 1F            [ 7] 7701 	and	a, #0x1f
      002FD3 6F               [ 4] 7702 	ld	l, a
                                   7703 ;	spillPairReg hl
                                   7704 ;	spillPairReg hl
      002FD4 F1               [10] 7705 	pop	af
      002FD5 26 00            [ 7] 7706 	ld	h, #0x00
                                   7707 ;	spillPairReg hl
                                   7708 ;	spillPairReg hl
      002FD7 85               [ 4] 7709 	add	a, l
      002FD8 6F               [ 4] 7710 	ld	l, a
                                   7711 ;	spillPairReg hl
                                   7712 ;	spillPairReg hl
      002FD9 7A               [ 4] 7713 	ld	a, d
      002FDA 8C               [ 4] 7714 	adc	a, h
      002FDB CB 25            [ 8] 7715 	sla	l
      002FDD 8F               [ 4] 7716 	adc	a, a
      002FDE F6 78            [ 7] 7717 	or	a, #0x78
      002FE0 67               [ 4] 7718 	ld	h, a
                                   7719 ;	spillPairReg hl
                                   7720 ;	spillPairReg hl
      002FE1 C5               [11] 7721 	push	bc
      002FE2 CF               [11] 7722 	rst	#0x08
      002FE3 C1               [10] 7723 	pop	bc
                                   7724 ;pocket_platformer.c:1295: SMS_setTile(sw_vt);
      002FE4 69               [ 4] 7725 	ld	l, c
                                   7726 ;	spillPairReg hl
                                   7727 ;	spillPairReg hl
      002FE5 60               [ 4] 7728 	ld	h, b
                                   7729 ;	spillPairReg hl
                                   7730 ;	spillPairReg hl
      002FE6 DF               [11] 7731 	rst	#0x18
                                   7732 ;pocket_platformer.c:1292: for (si = 0; si < rb_switch_count; si++) {
      002FE7 1C               [ 4] 7733 	inc	e
      002FE8 18 BF            [12] 7734 	jr	00136$
      002FEA                       7735 00111$:
                                   7736 ;pocket_platformer.c:1301: long ppx = player.x >> 8, ppy = new_y >> 8;
      002FEA ED 4Br0Cr00      [20] 7737 	ld	bc, (#_player + 0)
      002FEE ED 5Br0Er00      [20] 7738 	ld	de, (#_player + 2)
      002FF2 3E 08            [ 7] 7739 	ld	a, #0x08
      002FF4                       7740 00375$:
      002FF4 CB 2A            [ 8] 7741 	sra	d
      002FF6 CB 1B            [ 8] 7742 	rr	e
      002FF8 CB 18            [ 8] 7743 	rr	b
      002FFA CB 19            [ 8] 7744 	rr	c
      002FFC 3D               [ 4] 7745 	dec	a
      002FFD 20 F5            [12] 7746 	jr	NZ, 00375$
      002FFF DD 7E F8         [19] 7747 	ld	a, -8 (ix)
      003002 DD 77 E7         [19] 7748 	ld	-25 (ix), a
      003005 DD 7E F9         [19] 7749 	ld	a, -7 (ix)
      003008 DD 77 E8         [19] 7750 	ld	-24 (ix), a
      00300B DD 7E FA         [19] 7751 	ld	a, -6 (ix)
      00300E DD 77 E9         [19] 7752 	ld	-23 (ix), a
      003011 DD 7E FB         [19] 7753 	ld	a, -5 (ix)
      003014 DD 77 EA         [19] 7754 	ld	-22 (ix), a
                                   7755 ;pocket_platformer.c:1302: for (b = 0; b < rb_block_count; b++) {
      003017 DD 7E E7         [19] 7756 	ld	a, -25 (ix)
      00301A C6 08            [ 7] 7757 	add	a, #0x08
      00301C DD 77 EB         [19] 7758 	ld	-21 (ix), a
      00301F DD 7E E8         [19] 7759 	ld	a, -24 (ix)
      003022 CE 00            [ 7] 7760 	adc	a, #0x00
      003024 DD 77 EC         [19] 7761 	ld	-20 (ix), a
      003027 DD 7E E9         [19] 7762 	ld	a, -23 (ix)
      00302A CE 00            [ 7] 7763 	adc	a, #0x00
      00302C DD 77 ED         [19] 7764 	ld	-19 (ix), a
      00302F DD 7E EA         [19] 7765 	ld	a, -22 (ix)
      003032 CE 00            [ 7] 7766 	adc	a, #0x00
      003034 DD 77 EE         [19] 7767 	ld	-18 (ix), a
      003037 79               [ 4] 7768 	ld	a, c
      003038 C6 06            [ 7] 7769 	add	a, #0x06
      00303A DD 77 EF         [19] 7770 	ld	-17 (ix), a
      00303D 78               [ 4] 7771 	ld	a, b
      00303E CE 00            [ 7] 7772 	adc	a, #0x00
      003040 DD 77 F0         [19] 7773 	ld	-16 (ix), a
      003043 7B               [ 4] 7774 	ld	a, e
      003044 CE 00            [ 7] 7775 	adc	a, #0x00
      003046 DD 77 F1         [19] 7776 	ld	-15 (ix), a
      003049 7A               [ 4] 7777 	ld	a, d
      00304A CE 00            [ 7] 7778 	adc	a, #0x00
      00304C DD 77 F2         [19] 7779 	ld	-14 (ix), a
      00304F DD 36 FF 00      [19] 7780 	ld	-1 (ix), #0x00
      003053                       7781 00139$:
      003053 21rA9r07         [10] 7782 	ld	hl, #_rb_block_count
      003056 DD 7E FF         [19] 7783 	ld	a, -1 (ix)
      003059 96               [ 7] 7784 	sub	a, (hl)
      00305A D2rCCr31         [10] 7785 	jp	NC, 00118$
                                   7786 ;pocket_platformer.c:1303: long bx = (long)rb_blocks[b].tx * TILE_SIZE;
      00305D D5               [11] 7787 	push	de
      00305E DD 5E FF         [19] 7788 	ld	e, -1 (ix)
      003061 16 00            [ 7] 7789 	ld	d, #0x00
      003063 6B               [ 4] 7790 	ld	l, e
      003064 62               [ 4] 7791 	ld	h, d
      003065 29               [11] 7792 	add	hl, hl
      003066 19               [11] 7793 	add	hl, de
      003067 D1               [10] 7794 	pop	de
      003068 FD 21r09r07      [14] 7795 	ld	iy, #_rb_blocks
      00306C C5               [11] 7796 	push	bc
      00306D 4D               [ 4] 7797 	ld	c, l
      00306E 44               [ 4] 7798 	ld	b, h
      00306F FD 09            [15] 7799 	add	iy, bc
      003071 C1               [10] 7800 	pop	bc
      003072 FD 7E 00         [19] 7801 	ld	a, 0 (iy)
      003075 DD 77 FB         [19] 7802 	ld	-5 (ix), a
      003078 AF               [ 4] 7803 	xor	a, a
      003079 DD 77 FC         [19] 7804 	ld	-4 (ix), a
      00307C DD 77 FD         [19] 7805 	ld	-3 (ix), a
      00307F DD 77 FE         [19] 7806 	ld	-2 (ix), a
      003082 F5               [11] 7807 	push	af
      003083 DD 7E FB         [19] 7808 	ld	a, -5 (ix)
      003086 DD 77 F3         [19] 7809 	ld	-13 (ix), a
      003089 DD 7E FC         [19] 7810 	ld	a, -4 (ix)
      00308C DD 77 F4         [19] 7811 	ld	-12 (ix), a
      00308F DD 7E FD         [19] 7812 	ld	a, -3 (ix)
      003092 DD 77 F5         [19] 7813 	ld	-11 (ix), a
      003095 DD 7E FE         [19] 7814 	ld	a, -2 (ix)
      003098 DD 77 F6         [19] 7815 	ld	-10 (ix), a
      00309B F1               [10] 7816 	pop	af
      00309C 3E 03            [ 7] 7817 	ld	a, #0x03
      00309E                       7818 00377$:
      00309E DD CB F3 26      [23] 7819 	sla	-13 (ix)
      0030A2 DD CB F4 16      [23] 7820 	rl	-12 (ix)
      0030A6 DD CB F5 16      [23] 7821 	rl	-11 (ix)
      0030AA DD CB F6 16      [23] 7822 	rl	-10 (ix)
      0030AE 3D               [ 4] 7823 	dec	a
      0030AF 20 ED            [12] 7824 	jr	NZ,00377$
                                   7825 ;pocket_platformer.c:1304: long by = (long)rb_blocks[b].ty * TILE_SIZE;
      0030B1 FD E5            [15] 7826 	push	iy
      0030B3 E1               [10] 7827 	pop	hl
      0030B4 23               [ 6] 7828 	inc	hl
      0030B5 7E               [ 7] 7829 	ld	a, (hl)
      0030B6 DD 77 FB         [19] 7830 	ld	-5 (ix), a
      0030B9 AF               [ 4] 7831 	xor	a, a
      0030BA DD 77 FC         [19] 7832 	ld	-4 (ix), a
      0030BD DD 77 FD         [19] 7833 	ld	-3 (ix), a
      0030C0 DD 77 FE         [19] 7834 	ld	-2 (ix), a
      0030C3 F5               [11] 7835 	push	af
      0030C4 DD 7E FB         [19] 7836 	ld	a, -5 (ix)
      0030C7 DD 77 F7         [19] 7837 	ld	-9 (ix), a
      0030CA DD 7E FC         [19] 7838 	ld	a, -4 (ix)
      0030CD DD 77 F8         [19] 7839 	ld	-8 (ix), a
      0030D0 DD 7E FD         [19] 7840 	ld	a, -3 (ix)
      0030D3 DD 77 F9         [19] 7841 	ld	-7 (ix), a
      0030D6 DD 7E FE         [19] 7842 	ld	a, -2 (ix)
      0030D9 DD 77 FA         [19] 7843 	ld	-6 (ix), a
      0030DC F1               [10] 7844 	pop	af
      0030DD 3E 03            [ 7] 7845 	ld	a, #0x03
      0030DF                       7846 00379$:
      0030DF DD CB F7 26      [23] 7847 	sla	-9 (ix)
      0030E3 DD CB F8 16      [23] 7848 	rl	-8 (ix)
      0030E7 DD CB F9 16      [23] 7849 	rl	-7 (ix)
      0030EB DD CB FA 16      [23] 7850 	rl	-6 (ix)
      0030EF 3D               [ 4] 7851 	dec	a
      0030F0 20 ED            [12] 7852 	jr	NZ,00379$
                                   7853 ;pocket_platformer.c:1305: unsigned char solid = rb_blocks[b].is_red ? rb_red_active : !rb_red_active;
      0030F2 FD 7E 02         [19] 7854 	ld	a, 2 (iy)
      0030F5 B7               [ 4] 7855 	or	a, a
      0030F6 28 05            [12] 7856 	jr	Z, 00156$
      0030F8 3ArABr07         [13] 7857 	ld	a, (_rb_red_active+0)
      0030FB 18 08            [12] 7858 	jr	00157$
      0030FD                       7859 00156$:
      0030FD 3ArABr07         [13] 7860 	ld	a, (_rb_red_active+0)
      003100 D6 01            [ 7] 7861 	sub	a,#0x01
      003102 3E 00            [ 7] 7862 	ld	a, #0x00
      003104 17               [ 4] 7863 	rla
      003105                       7864 00157$:
                                   7865 ;pocket_platformer.c:1306: if (solid &&
      003105 B7               [ 4] 7866 	or	a, a
      003106 CArC6r31         [10] 7867 	jp	Z, 00140$
                                   7868 ;pocket_platformer.c:1307: ppx + PLAYER_W > bx && ppx < bx + TILE_SIZE &&
      003109 DD 7E F3         [19] 7869 	ld	a, -13 (ix)
      00310C DD 96 EF         [19] 7870 	sub	a, -17 (ix)
      00310F DD 7E F4         [19] 7871 	ld	a, -12 (ix)
      003112 DD 9E F0         [19] 7872 	sbc	a, -16 (ix)
      003115 DD 7E F5         [19] 7873 	ld	a, -11 (ix)
      003118 DD 9E F1         [19] 7874 	sbc	a, -15 (ix)
      00311B DD 7E F6         [19] 7875 	ld	a, -10 (ix)
      00311E DD 9E F2         [19] 7876 	sbc	a, -14 (ix)
      003121 E2r26r31         [10] 7877 	jp	PO, 00381$
      003124 EE 80            [ 7] 7878 	xor	a, #0x80
      003126                       7879 00381$:
      003126 F2rC6r31         [10] 7880 	jp	P, 00140$
      003129 DD 7E F3         [19] 7881 	ld	a, -13 (ix)
      00312C C6 08            [ 7] 7882 	add	a, #0x08
      00312E DD 77 FB         [19] 7883 	ld	-5 (ix), a
      003131 DD 7E F4         [19] 7884 	ld	a, -12 (ix)
      003134 CE 00            [ 7] 7885 	adc	a, #0x00
      003136 DD 77 FC         [19] 7886 	ld	-4 (ix), a
      003139 DD 7E F5         [19] 7887 	ld	a, -11 (ix)
      00313C CE 00            [ 7] 7888 	adc	a, #0x00
      00313E DD 77 FD         [19] 7889 	ld	-3 (ix), a
      003141 DD 7E F6         [19] 7890 	ld	a, -10 (ix)
      003144 CE 00            [ 7] 7891 	adc	a, #0x00
      003146 DD 77 FE         [19] 7892 	ld	-2 (ix), a
      003149 79               [ 4] 7893 	ld	a, c
      00314A DD 96 FB         [19] 7894 	sub	a, -5 (ix)
      00314D 78               [ 4] 7895 	ld	a, b
      00314E DD 9E FC         [19] 7896 	sbc	a, -4 (ix)
      003151 7B               [ 4] 7897 	ld	a, e
      003152 DD 9E FD         [19] 7898 	sbc	a, -3 (ix)
      003155 7A               [ 4] 7899 	ld	a, d
      003156 DD 9E FE         [19] 7900 	sbc	a, -2 (ix)
      003159 E2r5Er31         [10] 7901 	jp	PO, 00382$
      00315C EE 80            [ 7] 7902 	xor	a, #0x80
      00315E                       7903 00382$:
      00315E F2rC6r31         [10] 7904 	jp	P, 00140$
                                   7905 ;pocket_platformer.c:1308: ppy + PLAYER_H > by && ppy < by + TILE_SIZE)
      003161 DD 7E F7         [19] 7906 	ld	a, -9 (ix)
      003164 DD 96 EB         [19] 7907 	sub	a, -21 (ix)
      003167 DD 7E F8         [19] 7908 	ld	a, -8 (ix)
      00316A DD 9E EC         [19] 7909 	sbc	a, -20 (ix)
      00316D DD 7E F9         [19] 7910 	ld	a, -7 (ix)
      003170 DD 9E ED         [19] 7911 	sbc	a, -19 (ix)
      003173 DD 7E FA         [19] 7912 	ld	a, -6 (ix)
      003176 DD 9E EE         [19] 7913 	sbc	a, -18 (ix)
      003179 E2r7Er31         [10] 7914 	jp	PO, 00383$
      00317C EE 80            [ 7] 7915 	xor	a, #0x80
      00317E                       7916 00383$:
      00317E F2rC6r31         [10] 7917 	jp	P, 00140$
      003181 DD 7E F7         [19] 7918 	ld	a, -9 (ix)
      003184 C6 08            [ 7] 7919 	add	a, #0x08
      003186 DD 77 FB         [19] 7920 	ld	-5 (ix), a
      003189 DD 7E F8         [19] 7921 	ld	a, -8 (ix)
      00318C CE 00            [ 7] 7922 	adc	a, #0x00
      00318E DD 77 FC         [19] 7923 	ld	-4 (ix), a
      003191 DD 7E F9         [19] 7924 	ld	a, -7 (ix)
      003194 CE 00            [ 7] 7925 	adc	a, #0x00
      003196 DD 77 FD         [19] 7926 	ld	-3 (ix), a
      003199 DD 7E FA         [19] 7927 	ld	a, -6 (ix)
      00319C CE 00            [ 7] 7928 	adc	a, #0x00
      00319E DD 77 FE         [19] 7929 	ld	-2 (ix), a
      0031A1 DD 7E E7         [19] 7930 	ld	a, -25 (ix)
      0031A4 DD 96 FB         [19] 7931 	sub	a, -5 (ix)
      0031A7 DD 7E E8         [19] 7932 	ld	a, -24 (ix)
      0031AA DD 9E FC         [19] 7933 	sbc	a, -4 (ix)
      0031AD DD 7E E9         [19] 7934 	ld	a, -23 (ix)
      0031B0 DD 9E FD         [19] 7935 	sbc	a, -3 (ix)
      0031B3 DD 7E EA         [19] 7936 	ld	a, -22 (ix)
      0031B6 DD 9E FE         [19] 7937 	sbc	a, -2 (ix)
      0031B9 E2rBEr31         [10] 7938 	jp	PO, 00384$
      0031BC EE 80            [ 7] 7939 	xor	a, #0x80
      0031BE                       7940 00384$:
      0031BE F2rC6r31         [10] 7941 	jp	P, 00140$
                                   7942 ;pocket_platformer.c:1309: player_died = 1;
      0031C1 21rB0r00         [10] 7943 	ld	hl, #_player_died
      0031C4 36 01            [10] 7944 	ld	(hl), #0x01
      0031C6                       7945 00140$:
                                   7946 ;pocket_platformer.c:1302: for (b = 0; b < rb_block_count; b++) {
      0031C6 DD 34 FF         [23] 7947 	inc	-1 (ix)
      0031C9 C3r53r30         [10] 7948 	jp	00139$
      0031CC                       7949 00118$:
                                   7950 ;pocket_platformer.c:1312: rb_switch_locked = 1;
      0031CC 21rACr07         [10] 7951 	ld	hl, #_rb_switch_locked
      0031CF 36 01            [10] 7952 	ld	(hl), #0x01
      0031D1                       7953 00125$:
                                   7954 ;pocket_platformer.c:1315: new_y = tile_t * TILE_SIZE * FP_ONE;
      0031D1 DD 7E E3         [19] 7955 	ld	a, -29 (ix)
      0031D4 DD 77 FD         [19] 7956 	ld	-3 (ix), a
      0031D7 DD 7E E4         [19] 7957 	ld	a, -28 (ix)
      0031DA DD 77 FE         [19] 7958 	ld	-2 (ix), a
      0031DD DD 7E E5         [19] 7959 	ld	a, -27 (ix)
      0031E0 DD 77 FF         [19] 7960 	ld	-1 (ix), a
      0031E3 DD 36 FC 00      [19] 7961 	ld	-4 (ix), #0x00
      0031E7 06 03            [ 7] 7962 	ld	b, #0x03
      0031E9                       7963 00385$:
      0031E9 DD CB FD 26      [23] 7964 	sla	-3 (ix)
      0031ED DD CB FE 16      [23] 7965 	rl	-2 (ix)
      0031F1 DD CB FF 16      [23] 7966 	rl	-1 (ix)
      0031F5 10 F2            [13] 7967 	djnz	00385$
                                   7968 ;pocket_platformer.c:1316: player.vy = 0;
      0031F7 21 00 00         [10] 7969 	ld	hl, #0x0000
      0031FA 22r18r00         [16] 7970 	ld	((_player + 12)), hl
      0031FD 22r1Ar00         [16] 7971 	ld	((_player + 12)+2), hl
                                   7972 ;pocket_platformer.c:1317: player.jumping = 0;
      003200 21r1Er00         [10] 7973 	ld	hl, #(_player + 18)
      003203 36 00            [10] 7974 	ld	(hl), #0x00
                                   7975 ;pocket_platformer.c:1318: player.wall_jumping = 0;
      003205 21r1Fr00         [10] 7976 	ld	hl, #(_player + 19)
      003208 36 00            [10] 7977 	ld	(hl), #0x00
                                   7978 ;pocket_platformer.c:1319: player.jump_frames = res_physics->max_jump_frames;
      00320A 2Ar02r00         [16] 7979 	ld	hl, (_res_physics)
      00320D 11 0C 00         [10] 7980 	ld	de, #0x000c
      003210 19               [11] 7981 	add	hl, de
      003211 7E               [ 7] 7982 	ld	a, (hl)
      003212 32r22r00         [13] 7983 	ld	(#(_player + 22)),a
                                   7984 ;pocket_platformer.c:1321: if (tp_carry_vy < 0) player_died = 1;
      003215 3Ar07r00         [13] 7985 	ld	a, (_tp_carry_vy+3)
      003218 CB 7F            [ 8] 7986 	bit	7, a
      00321A 28 05            [12] 7987 	jr	Z, 00134$
      00321C 21rB0r00         [10] 7988 	ld	hl, #_player_died
      00321F 36 01            [10] 7989 	ld	(hl), #0x01
      003221                       7990 00134$:
                                   7991 ;pocket_platformer.c:1324: player.y = new_y;
      003221 11r10r00         [10] 7992 	ld	de, #(_player + 4)
      003224 21 19 00         [10] 7993 	ld	hl, #25
      003227 39               [11] 7994 	add	hl, sp
      003228 01 04 00         [10] 7995 	ld	bc, #0x0004
      00322B ED B0            [21] 7996 	ldir
                                   7997 ;pocket_platformer.c:1325: }
      00322D DD F9            [10] 7998 	ld	sp, ix
      00322F DD E1            [14] 7999 	pop	ix
      003231 C9               [10] 8000 	ret
                                   8001 ;pocket_platformer.c:1330: static void check_object_collisions(void) {
                                   8002 ;	---------------------------------
                                   8003 ; Function check_object_collisions
                                   8004 ; ---------------------------------
      003232                       8005 _check_object_collisions:
      003232 DD E5            [15] 8006 	push	ix
      003234 DD 21 00 00      [14] 8007 	ld	ix,#0
      003238 DD 39            [15] 8008 	add	ix,sp
      00323A 21 DD FF         [10] 8009 	ld	hl, #-35
      00323D 39               [11] 8010 	add	hl, sp
      00323E F9               [ 6] 8011 	ld	sp, hl
                                   8012 ;pocket_platformer.c:1331: long px = player.x >> 8, py = player.y >> 8;
      00323F ED 5Br0Cr00      [20] 8013 	ld	de, (#_player + 0)
      003243 2Ar0Er00         [16] 8014 	ld	hl, (#_player + 2)
      003246 06 08            [ 7] 8015 	ld	b, #0x08
      003248                       8016 00390$:
      003248 CB 2C            [ 8] 8017 	sra	h
      00324A CB 1D            [ 8] 8018 	rr	l
      00324C CB 1A            [ 8] 8019 	rr	d
      00324E CB 1B            [ 8] 8020 	rr	e
      003250 10 F6            [13] 8021 	djnz	00390$
      003252 DD 73 E5         [19] 8022 	ld	-27 (ix), e
      003255 DD 72 E6         [19] 8023 	ld	-26 (ix), d
      003258 DD 75 E7         [19] 8024 	ld	-25 (ix), l
      00325B DD 74 E8         [19] 8025 	ld	-24 (ix), h
      00325E ED 5Br10r00      [20] 8026 	ld	de, (#(_player + 4) + 0)
      003262 2Ar12r00         [16] 8027 	ld	hl, (#(_player + 4) + 2)
      003265 06 08            [ 7] 8028 	ld	b, #0x08
      003267                       8029 00392$:
      003267 CB 2C            [ 8] 8030 	sra	h
      003269 CB 1D            [ 8] 8031 	rr	l
      00326B CB 1A            [ 8] 8032 	rr	d
      00326D CB 1B            [ 8] 8033 	rr	e
      00326F 10 F6            [13] 8034 	djnz	00392$
      003271 DD 73 E9         [19] 8035 	ld	-23 (ix), e
      003274 DD 72 EA         [19] 8036 	ld	-22 (ix), d
      003277 DD 75 EB         [19] 8037 	ld	-21 (ix), l
      00327A DD 74 EC         [19] 8038 	ld	-20 (ix), h
                                   8039 ;pocket_platformer.c:1333: unsigned char obj_count = cur_level->obj_count < MAX_OBJECTS
      00327D 2Ar21r08         [16] 8040 	ld	hl, (_cur_level)
      003280 23               [ 6] 8041 	inc	hl
      003281 23               [ 6] 8042 	inc	hl
      003282 7E               [ 7] 8043 	ld	a, (hl)
      003283 FE 80            [ 7] 8044 	cp	a, #0x80
      003285 38 02            [12] 8045 	jr	C, 00164$
      003287 3E 80            [ 7] 8046 	ld	a, #0x80
      003289                       8047 00164$:
      003289 DD 77 ED         [19] 8048 	ld	-19 (ix), a
                                   8049 ;pocket_platformer.c:1335: map_res_bank();
      00328C 21 FF FF         [10] 8050 	ld	hl, #_ROM_bank_to_be_mapped_on_slot2
      00328F 36 02            [10] 8051 	ld	(hl), #0x02
                                   8052 ;pocket_platformer.c:1336: for (i = 0; i < obj_count; i++) {
      003291 DD 7E E9         [19] 8053 	ld	a, -23 (ix)
      003294 C6 08            [ 7] 8054 	add	a, #0x08
      003296 DD 77 EE         [19] 8055 	ld	-18 (ix), a
      003299 DD 7E EA         [19] 8056 	ld	a, -22 (ix)
      00329C CE 00            [ 7] 8057 	adc	a, #0x00
      00329E DD 77 EF         [19] 8058 	ld	-17 (ix), a
      0032A1 DD 7E EB         [19] 8059 	ld	a, -21 (ix)
      0032A4 CE 00            [ 7] 8060 	adc	a, #0x00
      0032A6 DD 77 F0         [19] 8061 	ld	-16 (ix), a
      0032A9 DD 7E EC         [19] 8062 	ld	a, -20 (ix)
      0032AC CE 00            [ 7] 8063 	adc	a, #0x00
      0032AE DD 77 F1         [19] 8064 	ld	-15 (ix), a
      0032B1 DD 7E E5         [19] 8065 	ld	a, -27 (ix)
      0032B4 C6 06            [ 7] 8066 	add	a, #0x06
      0032B6 DD 77 F2         [19] 8067 	ld	-14 (ix), a
      0032B9 DD 7E E6         [19] 8068 	ld	a, -26 (ix)
      0032BC CE 00            [ 7] 8069 	adc	a, #0x00
      0032BE DD 77 F3         [19] 8070 	ld	-13 (ix), a
      0032C1 DD 7E E7         [19] 8071 	ld	a, -25 (ix)
      0032C4 CE 00            [ 7] 8072 	adc	a, #0x00
      0032C6 DD 77 F4         [19] 8073 	ld	-12 (ix), a
      0032C9 DD 7E E8         [19] 8074 	ld	a, -24 (ix)
      0032CC CE 00            [ 7] 8075 	adc	a, #0x00
      0032CE DD 77 F5         [19] 8076 	ld	-11 (ix), a
      0032D1 DD 36 FD 00      [19] 8077 	ld	-3 (ix), #0x00
      0032D5                       8078 00160$:
      0032D5 DD 7E FD         [19] 8079 	ld	a, -3 (ix)
      0032D8 DD 96 ED         [19] 8080 	sub	a, -19 (ix)
      0032DB D2r92r37         [10] 8081 	jp	NC, 00161$
                                   8082 ;pocket_platformer.c:1337: level_object *obj = &cur_objects[i];
      0032DE DD 4E FD         [19] 8083 	ld	c, -3 (ix)
      0032E1 06 00            [ 7] 8084 	ld	b, #0x00
      0032E3 69               [ 4] 8085 	ld	l, c
      0032E4 60               [ 4] 8086 	ld	h, b
      0032E5 29               [11] 8087 	add	hl, hl
      0032E6 09               [11] 8088 	add	hl, bc
      0032E7 EB               [ 4] 8089 	ex	de, hl
      0032E8 2Ar25r08         [16] 8090 	ld	hl, (_cur_objects)
      0032EB 19               [11] 8091 	add	hl, de
                                   8092 ;pocket_platformer.c:1338: long ox = (long)obj->x * TILE_SIZE;
      0032EC DD 75 F6         [19] 8093 	ld	-10 (ix), l
      0032EF DD 74 F7         [19] 8094 	ld	-9 (ix), h
      0032F2 6E               [ 7] 8095 	ld	l, (hl)
                                   8096 ;	spillPairReg hl
                                   8097 ;	spillPairReg hl
                                   8098 ;	spillPairReg hl
      0032F3 AF               [ 4] 8099 	xor	a, a
      0032F4 67               [ 4] 8100 	ld	h, a
      0032F5 4F               [ 4] 8101 	ld	c, a
      0032F6 06 03            [ 7] 8102 	ld	b, #0x03
      0032F8                       8103 00394$:
      0032F8 29               [11] 8104 	add	hl, hl
      0032F9 8F               [ 4] 8105 	adc	a, a
      0032FA CB 11            [ 8] 8106 	rl	c
      0032FC 10 FA            [13] 8107 	djnz	00394$
      0032FE DD 75 E1         [19] 8108 	ld	-31 (ix), l
      003301 DD 74 E2         [19] 8109 	ld	-30 (ix), h
      003304 DD 77 E3         [19] 8110 	ld	-29 (ix), a
      003307 DD 71 E4         [19] 8111 	ld	-28 (ix), c
                                   8112 ;pocket_platformer.c:1339: long oy = (long)(obj->type == OBJ_BARREL ? (obj->y & 0x3F) : obj->y) * TILE_SIZE;
      00330A DD 4E F6         [19] 8113 	ld	c, -10 (ix)
      00330D DD 46 F7         [19] 8114 	ld	b, -9 (ix)
      003310 03               [ 6] 8115 	inc	bc
      003311 03               [ 6] 8116 	inc	bc
      003312 0A               [ 7] 8117 	ld	a, (bc)
      003313 DD 77 F8         [19] 8118 	ld	-8 (ix), a
      003316 DD 4E F6         [19] 8119 	ld	c, -10 (ix)
      003319 DD 46 F7         [19] 8120 	ld	b, -9 (ix)
      00331C 03               [ 6] 8121 	inc	bc
      00331D 0A               [ 7] 8122 	ld	a, (bc)
      00331E DD 77 F9         [19] 8123 	ld	-7 (ix), a
      003321 DD 7E F8         [19] 8124 	ld	a, -8 (ix)
      003324 D6 0E            [ 7] 8125 	sub	a, #0x0e
      003326 3E 01            [ 7] 8126 	ld	a, #0x01
      003328 28 01            [12] 8127 	jr	Z, 00397$
      00332A AF               [ 4] 8128 	xor	a, a
      00332B                       8129 00397$:
      00332B DD 77 FA         [19] 8130 	ld	-6 (ix), a
      00332E DD 7E F9         [19] 8131 	ld	a, -7 (ix)
      003331 DD 77 FB         [19] 8132 	ld	-5 (ix), a
      003334 DD 36 FC 00      [19] 8133 	ld	-4 (ix), #0x00
      003338 DD 7E FA         [19] 8134 	ld	a, -6 (ix)
      00333B B7               [ 4] 8135 	or	a, a
      00333C 28 0E            [12] 8136 	jr	Z, 00165$
      00333E DD 7E FB         [19] 8137 	ld	a, -5 (ix)
      003341 E6 3F            [ 7] 8138 	and	a, #0x3f
      003343 DD 77 FE         [19] 8139 	ld	-2 (ix), a
      003346 DD 36 FF 00      [19] 8140 	ld	-1 (ix), #0x00
      00334A 18 0C            [12] 8141 	jr	00166$
      00334C                       8142 00165$:
      00334C DD 7E FB         [19] 8143 	ld	a, -5 (ix)
      00334F DD 77 FE         [19] 8144 	ld	-2 (ix), a
      003352 DD 7E FC         [19] 8145 	ld	a, -4 (ix)
      003355 DD 77 FF         [19] 8146 	ld	-1 (ix), a
      003358                       8147 00166$:
      003358 DD 5E FE         [19] 8148 	ld	e, -2 (ix)
      00335B DD 7E FF         [19] 8149 	ld	a, -1 (ix)
      00335E 57               [ 4] 8150 	ld	d, a
      00335F 07               [ 4] 8151 	rlca
      003360 ED 62            [15] 8152 	sbc	hl, hl
      003362 06 03            [ 7] 8153 	ld	b, #0x03
      003364                       8154 00398$:
      003364 CB 23            [ 8] 8155 	sla	e
      003366 CB 12            [ 8] 8156 	rl	d
      003368 ED 6A            [15] 8157 	adc	hl, hl
      00336A 10 F8            [13] 8158 	djnz	00398$
      00336C 33               [ 6] 8159 	inc	sp
      00336D 33               [ 6] 8160 	inc	sp
      00336E D5               [11] 8161 	push	de
      00336F DD 75 DF         [19] 8162 	ld	-33 (ix), l
      003372 DD 74 E0         [19] 8163 	ld	-32 (ix), h
                                   8164 ;pocket_platformer.c:1340: if (px + PLAYER_W <= ox || px >= ox + TILE_SIZE) continue;
      003375 DD 7E E1         [19] 8165 	ld	a, -31 (ix)
      003378 DD 96 F2         [19] 8166 	sub	a, -14 (ix)
      00337B DD 7E E2         [19] 8167 	ld	a, -30 (ix)
      00337E DD 9E F3         [19] 8168 	sbc	a, -13 (ix)
      003381 DD 7E E3         [19] 8169 	ld	a, -29 (ix)
      003384 DD 9E F4         [19] 8170 	sbc	a, -12 (ix)
      003387 DD 7E E4         [19] 8171 	ld	a, -28 (ix)
      00338A DD 9E F5         [19] 8172 	sbc	a, -11 (ix)
      00338D E2r92r33         [10] 8173 	jp	PO, 00400$
      003390 EE 80            [ 7] 8174 	xor	a, #0x80
      003392                       8175 00400$:
      003392 F2r8Cr37         [10] 8176 	jp	P, 00138$
      003395 DD 7E E1         [19] 8177 	ld	a, -31 (ix)
      003398 C6 08            [ 7] 8178 	add	a, #0x08
      00339A 4F               [ 4] 8179 	ld	c, a
      00339B DD 7E E2         [19] 8180 	ld	a, -30 (ix)
      00339E CE 00            [ 7] 8181 	adc	a, #0x00
      0033A0 47               [ 4] 8182 	ld	b, a
      0033A1 DD 7E E3         [19] 8183 	ld	a, -29 (ix)
      0033A4 CE 00            [ 7] 8184 	adc	a, #0x00
      0033A6 5F               [ 4] 8185 	ld	e, a
      0033A7 DD 7E E4         [19] 8186 	ld	a, -28 (ix)
      0033AA CE 00            [ 7] 8187 	adc	a, #0x00
      0033AC 57               [ 4] 8188 	ld	d, a
      0033AD DD 7E E5         [19] 8189 	ld	a, -27 (ix)
      0033B0 91               [ 4] 8190 	sub	a, c
      0033B1 DD 7E E6         [19] 8191 	ld	a, -26 (ix)
      0033B4 98               [ 4] 8192 	sbc	a, b
      0033B5 DD 7E E7         [19] 8193 	ld	a, -25 (ix)
      0033B8 9B               [ 4] 8194 	sbc	a, e
      0033B9 DD 7E E8         [19] 8195 	ld	a, -24 (ix)
      0033BC 9A               [ 4] 8196 	sbc	a, d
      0033BD E2rC2r33         [10] 8197 	jp	PO, 00401$
      0033C0 EE 80            [ 7] 8198 	xor	a, #0x80
      0033C2                       8199 00401$:
      0033C2 F2r8Cr37         [10] 8200 	jp	P, 00138$
                                   8201 ;pocket_platformer.c:1341: if (py + PLAYER_H <= oy || py >= oy + TILE_SIZE) continue;
      0033C5 DD 7E DD         [19] 8202 	ld	a, -35 (ix)
      0033C8 DD 96 EE         [19] 8203 	sub	a, -18 (ix)
      0033CB DD 7E DE         [19] 8204 	ld	a, -34 (ix)
      0033CE DD 9E EF         [19] 8205 	sbc	a, -17 (ix)
      0033D1 DD 7E DF         [19] 8206 	ld	a, -33 (ix)
      0033D4 DD 9E F0         [19] 8207 	sbc	a, -16 (ix)
      0033D7 DD 7E E0         [19] 8208 	ld	a, -32 (ix)
      0033DA DD 9E F1         [19] 8209 	sbc	a, -15 (ix)
      0033DD E2rE2r33         [10] 8210 	jp	PO, 00402$
      0033E0 EE 80            [ 7] 8211 	xor	a, #0x80
      0033E2                       8212 00402$:
      0033E2 F2r8Cr37         [10] 8213 	jp	P, 00138$
      0033E5 DD 7E DD         [19] 8214 	ld	a, -35 (ix)
      0033E8 C6 08            [ 7] 8215 	add	a, #0x08
      0033EA 4F               [ 4] 8216 	ld	c, a
      0033EB DD 7E DE         [19] 8217 	ld	a, -34 (ix)
      0033EE CE 00            [ 7] 8218 	adc	a, #0x00
      0033F0 47               [ 4] 8219 	ld	b, a
      0033F1 DD 7E DF         [19] 8220 	ld	a, -33 (ix)
      0033F4 CE 00            [ 7] 8221 	adc	a, #0x00
      0033F6 5F               [ 4] 8222 	ld	e, a
      0033F7 DD 7E E0         [19] 8223 	ld	a, -32 (ix)
      0033FA CE 00            [ 7] 8224 	adc	a, #0x00
      0033FC 57               [ 4] 8225 	ld	d, a
      0033FD DD 7E E9         [19] 8226 	ld	a, -23 (ix)
      003400 91               [ 4] 8227 	sub	a, c
      003401 DD 7E EA         [19] 8228 	ld	a, -22 (ix)
      003404 98               [ 4] 8229 	sbc	a, b
      003405 DD 7E EB         [19] 8230 	ld	a, -21 (ix)
      003408 9B               [ 4] 8231 	sbc	a, e
      003409 DD 7E EC         [19] 8232 	ld	a, -20 (ix)
      00340C 9A               [ 4] 8233 	sbc	a, d
      00340D E2r12r34         [10] 8234 	jp	PO, 00403$
      003410 EE 80            [ 7] 8235 	xor	a, #0x80
      003412                       8236 00403$:
      003412 F2r8Cr37         [10] 8237 	jp	P, 00138$
                                   8238 ;pocket_platformer.c:1342: switch (obj->type) {
      003415 DD 7E F8         [19] 8239 	ld	a, -8 (ix)
      003418 D6 02            [ 7] 8240 	sub	a, #0x02
      00341A 28 2F            [12] 8241 	jr	Z, 00107$
      00341C DD 7E F8         [19] 8242 	ld	a, -8 (ix)
      00341F D6 03            [ 7] 8243 	sub	a, #0x03
      003421 CAr8Cr37         [10] 8244 	jp	Z,00138$
      003424 DD 7E F8         [19] 8245 	ld	a, -8 (ix)
      003427 D6 04            [ 7] 8246 	sub	a, #0x04
      003429 CArC4r35         [10] 8247 	jp	Z,00127$
      00342C DD 7E F8         [19] 8248 	ld	a, -8 (ix)
      00342F D6 05            [ 7] 8249 	sub	a, #0x05
      003431 CAr7Br37         [10] 8250 	jp	Z,00134$
      003434 DD 7E F8         [19] 8251 	ld	a, -8 (ix)
      003437 D6 0C            [ 7] 8252 	sub	a, #0x0c
      003439 28 18            [12] 8253 	jr	Z, 00108$
      00343B DD 7E F8         [19] 8254 	ld	a, -8 (ix)
      00343E D6 0D            [ 7] 8255 	sub	a, #0x0d
      003440 28 33            [12] 8256 	jr	Z, 00116$
      003442 DD 7E FA         [19] 8257 	ld	a, -6 (ix)
      003445 B7               [ 4] 8258 	or	a, a
      003446 20 1A            [12] 8259 	jr	NZ, 00113$
      003448 C3r8Cr37         [10] 8260 	jp	00138$
                                   8261 ;pocket_platformer.c:1343: case OBJ_FINISH_FLAG: level_complete = 1; break;
      00344B                       8262 00107$:
      00344B 21rAFr00         [10] 8263 	ld	hl, #_level_complete
      00344E 36 01            [10] 8264 	ld	(hl), #0x01
      003450 C3r8Cr37         [10] 8265 	jp	00138$
                                   8266 ;pocket_platformer.c:1344: case OBJ_FINISH_FLAG_LOCKED:
      003453                       8267 00108$:
                                   8268 ;pocket_platformer.c:1345: if (!coins_remaining()) level_complete = 1;
      003453 CDr36r0B         [17] 8269 	call	_coins_remaining
      003456 B7               [ 4] 8270 	or	a, a
      003457 C2r8Cr37         [10] 8271 	jp	NZ, 00138$
      00345A 21rAFr00         [10] 8272 	ld	hl, #_level_complete
      00345D 36 01            [10] 8273 	ld	(hl), #0x01
                                   8274 ;pocket_platformer.c:1346: break;
      00345F C3r8Cr37         [10] 8275 	jp	00138$
                                   8276 ;pocket_platformer.c:1349: case OBJ_BARREL:
      003462                       8277 00113$:
                                   8278 ;pocket_platformer.c:1350: if (!barrel_active) barrel_enter(obj);
      003462 3Ar6Ar06         [13] 8279 	ld	a, (_barrel_active+0)
      003465 B7               [ 4] 8280 	or	a, a
      003466 C2r8Cr37         [10] 8281 	jp	NZ, 00138$
      003469 DD 6E F6         [19] 8282 	ld	l, -10 (ix)
                                   8283 ;	spillPairReg hl
                                   8284 ;	spillPairReg hl
      00346C DD 66 F7         [19] 8285 	ld	h, -9 (ix)
                                   8286 ;	spillPairReg hl
                                   8287 ;	spillPairReg hl
      00346F CDr1Ar1C         [17] 8288 	call	_barrel_enter
                                   8289 ;pocket_platformer.c:1351: break;
      003472 C3r8Cr37         [10] 8290 	jp	00138$
                                   8291 ;pocket_platformer.c:1352: case OBJ_NPC:
      003475                       8292 00116$:
                                   8293 ;pocket_platformer.c:1353: if (!dialogue_active) {
      003475 3ArB2r00         [13] 8294 	ld	a, (_dialogue_active+0)
      003478 B7               [ 4] 8295 	or	a, a
      003479 C2r8Cr37         [10] 8296 	jp	NZ, 00138$
                                   8297 ;pocket_platformer.c:1357: for (k = 0; k < i; k++)
      00347C DD 36 FF 00      [19] 8298 	ld	-1 (ix), #0x00
      003480 DD 36 FE 00      [19] 8299 	ld	-2 (ix), #0x00
      003484                       8300 00141$:
      003484 DD 7E FE         [19] 8301 	ld	a, -2 (ix)
      003487 DD 96 FD         [19] 8302 	sub	a, -3 (ix)
      00348A 30 36            [12] 8303 	jr	NC, 00203$
                                   8304 ;pocket_platformer.c:1358: if (cur_objects[k].type == OBJ_NPC) ni++;
      00348C DD 4E FE         [19] 8305 	ld	c, -2 (ix)
      00348F 06 00            [ 7] 8306 	ld	b, #0x00
      003491 69               [ 4] 8307 	ld	l, c
      003492 60               [ 4] 8308 	ld	h, b
      003493 29               [11] 8309 	add	hl, hl
      003494 09               [11] 8310 	add	hl, bc
      003495 DD 75 F9         [19] 8311 	ld	-7 (ix), l
      003498 DD 74 FA         [19] 8312 	ld	-6 (ix), h
      00349B DD 7E F9         [19] 8313 	ld	a, -7 (ix)
      00349E 21r25r08         [10] 8314 	ld	hl, #_cur_objects
      0034A1 86               [ 7] 8315 	add	a, (hl)
      0034A2 DD 77 FB         [19] 8316 	ld	-5 (ix), a
      0034A5 DD 7E FA         [19] 8317 	ld	a, -6 (ix)
      0034A8 23               [ 6] 8318 	inc	hl
      0034A9 8E               [ 7] 8319 	adc	a, (hl)
      0034AA DD 77 FC         [19] 8320 	ld	-4 (ix), a
      0034AD DD 6E FB         [19] 8321 	ld	l, -5 (ix)
      0034B0 DD 66 FC         [19] 8322 	ld	h, -4 (ix)
      0034B3 23               [ 6] 8323 	inc	hl
      0034B4 23               [ 6] 8324 	inc	hl
      0034B5 7E               [ 7] 8325 	ld	a, (hl)
      0034B6 D6 0D            [ 7] 8326 	sub	a, #0x0d
      0034B8 20 03            [12] 8327 	jr	NZ, 00142$
      0034BA DD 34 FF         [23] 8328 	inc	-1 (ix)
      0034BD                       8329 00142$:
                                   8330 ;pocket_platformer.c:1357: for (k = 0; k < i; k++)
      0034BD DD 34 FE         [23] 8331 	inc	-2 (ix)
      0034C0 18 C2            [12] 8332 	jr	00141$
      0034C2                       8333 00203$:
      0034C2 DD 7E FF         [19] 8334 	ld	a, -1 (ix)
      0034C5 DD 77 F6         [19] 8335 	ld	-10 (ix), a
                                   8336 ;pocket_platformer.c:1359: npc_contact_idx   = ni;
      0034C8 DD 7E FF         [19] 8337 	ld	a, -1 (ix)
      0034CB 32r96r05         [13] 8338 	ld	(_npc_contact_idx+0), a
                                   8339 ;pocket_platformer.c:1360: npc_contact_level = level_n_global;
      0034CE 3ArB1r00         [13] 8340 	ld	a, (_level_n_global+0)
      0034D1 32r97r05         [13] 8341 	ld	(_npc_contact_level+0), a
                                   8342 ;pocket_platformer.c:1362: p = get_npc_table();
      0034D4 CDr3Ar0F         [17] 8343 	call	_get_npc_table
      0034D7 DD 73 F7         [19] 8344 	ld	-9 (ix), e
      0034DA DD 72 F8         [19] 8345 	ld	-8 (ix), d
                                   8346 ;pocket_platformer.c:1365: for (li = 0; li < level_n_global; li++) {
      0034DD DD 36 FE 00      [19] 8347 	ld	-2 (ix), #0x00
      0034E1                       8348 00150$:
                                   8349 ;pocket_platformer.c:1366: unsigned char cnt = *p++;
      0034E1 DD 4E F7         [19] 8350 	ld	c, -9 (ix)
      0034E4 DD 46 F8         [19] 8351 	ld	b, -8 (ix)
      0034E7 03               [ 6] 8352 	inc	bc
      0034E8 DD 6E F7         [19] 8353 	ld	l, -9 (ix)
      0034EB DD 66 F8         [19] 8354 	ld	h, -8 (ix)
      0034EE 7E               [ 7] 8355 	ld	a, (hl)
      0034EF DD 77 FF         [19] 8356 	ld	-1 (ix), a
                                   8357 ;pocket_platformer.c:1365: for (li = 0; li < level_n_global; li++) {
      0034F2 21rB1r00         [10] 8358 	ld	hl, #_level_n_global
      0034F5 DD 7E FE         [19] 8359 	ld	a, -2 (ix)
      0034F8 96               [ 7] 8360 	sub	a, (hl)
      0034F9 30 66            [12] 8361 	jr	NC, 00122$
                                   8362 ;pocket_platformer.c:1366: unsigned char cnt = *p++;
      0034FB DD 71 F7         [19] 8363 	ld	-9 (ix), c
      0034FE DD 70 F8         [19] 8364 	ld	-8 (ix), b
      003501 DD 4E FF         [19] 8365 	ld	c, -1 (ix)
                                   8366 ;pocket_platformer.c:1368: for (nj = 0; nj < cnt; nj++) {
      003504 DD 36 FF 00      [19] 8367 	ld	-1 (ix), #0x00
      003508                       8368 00147$:
      003508 DD 7E FF         [19] 8369 	ld	a, -1 (ix)
      00350B 91               [ 4] 8370 	sub	a, c
      00350C 30 4D            [12] 8371 	jr	NC, 00151$
                                   8372 ;pocket_platformer.c:1370: p++;
      00350E DD 5E F7         [19] 8373 	ld	e, -9 (ix)
      003511 DD 56 F8         [19] 8374 	ld	d, -8 (ix)
      003514 13               [ 6] 8375 	inc	de
                                   8376 ;pocket_platformer.c:1371: lines = *p++;
      003515 1A               [ 7] 8377 	ld	a, (de)
      003516 DD 77 F9         [19] 8378 	ld	-7 (ix), a
      003519 13               [ 6] 8379 	inc	de
      00351A DD 73 F7         [19] 8380 	ld	-9 (ix), e
      00351D DD 72 F8         [19] 8381 	ld	-8 (ix), d
                                   8382 ;pocket_platformer.c:1372: for (ll = 0; ll < lines; ll++) { unsigned char ln = *p++; p += ln; }
      003520 1E 00            [ 7] 8383 	ld	e, #0x00
      003522                       8384 00144$:
      003522 7B               [ 4] 8385 	ld	a, e
      003523 DD 96 F9         [19] 8386 	sub	a, -7 (ix)
      003526 30 2E            [12] 8387 	jr	NC, 00148$
      003528 DD 6E F7         [19] 8388 	ld	l, -9 (ix)
      00352B DD 66 F8         [19] 8389 	ld	h, -8 (ix)
      00352E 7E               [ 7] 8390 	ld	a, (hl)
      00352F DD 77 FA         [19] 8391 	ld	-6 (ix), a
      003532 DD 7E F7         [19] 8392 	ld	a, -9 (ix)
      003535 C6 01            [ 7] 8393 	add	a, #0x01
      003537 DD 77 FB         [19] 8394 	ld	-5 (ix), a
      00353A DD 7E F8         [19] 8395 	ld	a, -8 (ix)
      00353D CE 00            [ 7] 8396 	adc	a, #0x00
      00353F DD 77 FC         [19] 8397 	ld	-4 (ix), a
      003542 DD 7E FB         [19] 8398 	ld	a, -5 (ix)
      003545 DD 86 FA         [19] 8399 	add	a, -6 (ix)
      003548 DD 77 F7         [19] 8400 	ld	-9 (ix), a
      00354B DD 7E FC         [19] 8401 	ld	a, -4 (ix)
      00354E CE 00            [ 7] 8402 	adc	a, #0x00
      003550 DD 77 F8         [19] 8403 	ld	-8 (ix), a
      003553 1C               [ 4] 8404 	inc	e
      003554 18 CC            [12] 8405 	jr	00144$
      003556                       8406 00148$:
                                   8407 ;pocket_platformer.c:1368: for (nj = 0; nj < cnt; nj++) {
      003556 DD 34 FF         [23] 8408 	inc	-1 (ix)
      003559 18 AD            [12] 8409 	jr	00147$
      00355B                       8410 00151$:
                                   8411 ;pocket_platformer.c:1365: for (li = 0; li < level_n_global; li++) {
      00355B DD 34 FE         [23] 8412 	inc	-2 (ix)
      00355E C3rE1r34         [10] 8413 	jp	00150$
      003561                       8414 00122$:
                                   8415 ;pocket_platformer.c:1376: { unsigned char cnt = *p++;
      003561 DD 71 FA         [19] 8416 	ld	-6 (ix), c
      003564 DD 70 FB         [19] 8417 	ld	-5 (ix), b
      003567 DD 7E FF         [19] 8418 	ld	a, -1 (ix)
      00356A DD 77 FC         [19] 8419 	ld	-4 (ix), a
                                   8420 ;pocket_platformer.c:1378: for (nj = 0; nj < cnt && nj < ni; nj++) {
      00356D DD 36 FF 00      [19] 8421 	ld	-1 (ix), #0x00
      003571                       8422 00157$:
      003571 DD 7E FF         [19] 8423 	ld	a, -1 (ix)
      003574 DD 96 FC         [19] 8424 	sub	a, -4 (ix)
      003577 30 3E            [12] 8425 	jr	NC, 00124$
      003579 DD 7E FF         [19] 8426 	ld	a, -1 (ix)
      00357C DD 96 F6         [19] 8427 	sub	a, -10 (ix)
      00357F 30 36            [12] 8428 	jr	NC, 00124$
                                   8429 ;pocket_platformer.c:1380: p++;
      003581 DD 5E FA         [19] 8430 	ld	e, -6 (ix)
      003584 DD 56 FB         [19] 8431 	ld	d, -5 (ix)
      003587 13               [ 6] 8432 	inc	de
                                   8433 ;pocket_platformer.c:1381: lines = *p++;
      003588 1A               [ 7] 8434 	ld	a, (de)
      003589 4F               [ 4] 8435 	ld	c, a
      00358A 13               [ 6] 8436 	inc	de
      00358B DD 73 FA         [19] 8437 	ld	-6 (ix), e
      00358E DD 72 FB         [19] 8438 	ld	-5 (ix), d
                                   8439 ;pocket_platformer.c:1382: for (ll = 0; ll < lines; ll++) { unsigned char ln = *p++; p += ln; }
      003591 1E 00            [ 7] 8440 	ld	e, #0x00
      003593                       8441 00153$:
      003593 7B               [ 4] 8442 	ld	a, e
      003594 91               [ 4] 8443 	sub	a, c
      003595 30 1B            [12] 8444 	jr	NC, 00158$
      003597 DD 6E FA         [19] 8445 	ld	l, -6 (ix)
      00359A DD 66 FB         [19] 8446 	ld	h, -5 (ix)
      00359D 7E               [ 7] 8447 	ld	a, (hl)
      00359E DD 6E FA         [19] 8448 	ld	l, -6 (ix)
                                   8449 ;	spillPairReg hl
                                   8450 ;	spillPairReg hl
      0035A1 DD 66 FB         [19] 8451 	ld	h, -5 (ix)
                                   8452 ;	spillPairReg hl
                                   8453 ;	spillPairReg hl
      0035A4 23               [ 6] 8454 	inc	hl
      0035A5 85               [ 4] 8455 	add	a, l
      0035A6 DD 77 FA         [19] 8456 	ld	-6 (ix), a
      0035A9 3E 00            [ 7] 8457 	ld	a, #0x00
      0035AB 8C               [ 4] 8458 	adc	a, h
      0035AC DD 77 FB         [19] 8459 	ld	-5 (ix), a
      0035AF 1C               [ 4] 8460 	inc	e
      0035B0 18 E1            [12] 8461 	jr	00153$
      0035B2                       8462 00158$:
                                   8463 ;pocket_platformer.c:1378: for (nj = 0; nj < cnt && nj < ni; nj++) {
      0035B2 DD 34 FF         [23] 8464 	inc	-1 (ix)
      0035B5 18 BA            [12] 8465 	jr	00157$
      0035B7                       8466 00124$:
                                   8467 ;pocket_platformer.c:1385: npc_contact_auto = *p; /* play_automatically byte */
      0035B7 DD 6E FA         [19] 8468 	ld	l, -6 (ix)
      0035BA DD 66 FB         [19] 8469 	ld	h, -5 (ix)
      0035BD 7E               [ 7] 8470 	ld	a, (hl)
      0035BE 32r98r05         [13] 8471 	ld	(_npc_contact_auto+0), a
                                   8472 ;pocket_platformer.c:1387: break;
      0035C1 C3r8Cr37         [10] 8473 	jp	00138$
                                   8474 ;pocket_platformer.c:1388: case OBJ_TRAMPOLINE:
      0035C4                       8475 00127$:
                                   8476 ;pocket_platformer.c:1389: if (player.vy >= 0) {
      0035C4 ED 4Br18r00      [20] 8477 	ld	bc, (#_player + 12)
      0035C8 2Ar1Ar00         [16] 8478 	ld	hl, (#_player + 14)
      0035CB CB 7C            [ 8] 8479 	bit	7, h
      0035CD C2r8Cr37         [10] 8480 	jp	NZ, 00138$
                                   8481 ;pocket_platformer.c:1390: long tramp_mid = (long)obj->y * TILE_SIZE + TILE_SIZE / 2;
      0035D0 DD 7E F9         [19] 8482 	ld	a, -7 (ix)
      0035D3 DD 77 E1         [19] 8483 	ld	-31 (ix), a
      0035D6 AF               [ 4] 8484 	xor	a, a
      0035D7 DD 77 E2         [19] 8485 	ld	-30 (ix), a
      0035DA DD 77 E3         [19] 8486 	ld	-29 (ix), a
      0035DD DD 77 E4         [19] 8487 	ld	-28 (ix), a
      0035E0 DD 7E E1         [19] 8488 	ld	a, -31 (ix)
      0035E3 DD 77 F9         [19] 8489 	ld	-7 (ix), a
      0035E6 DD 7E E2         [19] 8490 	ld	a, -30 (ix)
      0035E9 DD 77 FA         [19] 8491 	ld	-6 (ix), a
      0035EC DD 7E E3         [19] 8492 	ld	a, -29 (ix)
      0035EF DD 77 FB         [19] 8493 	ld	-5 (ix), a
      0035F2 DD 7E E4         [19] 8494 	ld	a, -28 (ix)
      0035F5 DD 77 FC         [19] 8495 	ld	-4 (ix), a
      0035F8 06 03            [ 7] 8496 	ld	b, #0x03
      0035FA                       8497 00412$:
      0035FA DD CB F9 26      [23] 8498 	sla	-7 (ix)
      0035FE DD CB FA 16      [23] 8499 	rl	-6 (ix)
      003602 DD CB FB 16      [23] 8500 	rl	-5 (ix)
      003606 DD CB FC 16      [23] 8501 	rl	-4 (ix)
      00360A 10 EE            [13] 8502 	djnz	00412$
      00360C DD 7E F9         [19] 8503 	ld	a, -7 (ix)
      00360F C6 04            [ 7] 8504 	add	a, #0x04
      003611 DD 77 DD         [19] 8505 	ld	-35 (ix), a
      003614 DD 7E FA         [19] 8506 	ld	a, -6 (ix)
      003617 CE 00            [ 7] 8507 	adc	a, #0x00
      003619 DD 77 DE         [19] 8508 	ld	-34 (ix), a
      00361C DD 7E FB         [19] 8509 	ld	a, -5 (ix)
      00361F CE 00            [ 7] 8510 	adc	a, #0x00
      003621 DD 77 DF         [19] 8511 	ld	-33 (ix), a
      003624 DD 7E FC         [19] 8512 	ld	a, -4 (ix)
      003627 CE 00            [ 7] 8513 	adc	a, #0x00
      003629 DD 77 E0         [19] 8514 	ld	-32 (ix), a
                                   8515 ;pocket_platformer.c:1391: if ((player.y >> 8) + PLAYER_H <= tramp_mid + 2) {
      00362C 11r10r00         [10] 8516 	ld	de, #(_player + 4)
      00362F 21 1C 00         [10] 8517 	ld	hl, #28
      003632 39               [11] 8518 	add	hl, sp
      003633 EB               [ 4] 8519 	ex	de, hl
      003634 01 04 00         [10] 8520 	ld	bc, #0x0004
      003637 ED B0            [21] 8521 	ldir
      003639 06 08            [ 7] 8522 	ld	b, #0x08
      00363B                       8523 00414$:
      00363B DD CB FC 2E      [23] 8524 	sra	-4 (ix)
      00363F DD CB FB 1E      [23] 8525 	rr	-5 (ix)
      003643 DD CB FA 1E      [23] 8526 	rr	-6 (ix)
      003647 DD CB F9 1E      [23] 8527 	rr	-7 (ix)
      00364B 10 EE            [13] 8528 	djnz	00414$
      00364D DD 7E F9         [19] 8529 	ld	a, -7 (ix)
      003650 C6 08            [ 7] 8530 	add	a, #0x08
      003652 DD 77 E1         [19] 8531 	ld	-31 (ix), a
      003655 DD 7E FA         [19] 8532 	ld	a, -6 (ix)
      003658 CE 00            [ 7] 8533 	adc	a, #0x00
      00365A DD 77 E2         [19] 8534 	ld	-30 (ix), a
      00365D DD 7E FB         [19] 8535 	ld	a, -5 (ix)
      003660 CE 00            [ 7] 8536 	adc	a, #0x00
      003662 DD 77 E3         [19] 8537 	ld	-29 (ix), a
      003665 DD 7E FC         [19] 8538 	ld	a, -4 (ix)
      003668 CE 00            [ 7] 8539 	adc	a, #0x00
      00366A DD 77 E4         [19] 8540 	ld	-28 (ix), a
      00366D DD 7E DD         [19] 8541 	ld	a, -35 (ix)
      003670 C6 02            [ 7] 8542 	add	a, #0x02
      003672 DD 77 F9         [19] 8543 	ld	-7 (ix), a
      003675 DD 7E DE         [19] 8544 	ld	a, -34 (ix)
      003678 CE 00            [ 7] 8545 	adc	a, #0x00
      00367A DD 77 FA         [19] 8546 	ld	-6 (ix), a
      00367D DD 7E DF         [19] 8547 	ld	a, -33 (ix)
      003680 CE 00            [ 7] 8548 	adc	a, #0x00
      003682 DD 77 FB         [19] 8549 	ld	-5 (ix), a
      003685 DD 7E E0         [19] 8550 	ld	a, -32 (ix)
      003688 CE 00            [ 7] 8551 	adc	a, #0x00
      00368A DD 77 FC         [19] 8552 	ld	-4 (ix), a
      00368D DD 7E F9         [19] 8553 	ld	a, -7 (ix)
      003690 DD 96 E1         [19] 8554 	sub	a, -31 (ix)
      003693 DD 7E FA         [19] 8555 	ld	a, -6 (ix)
      003696 DD 9E E2         [19] 8556 	sbc	a, -30 (ix)
      003699 DD 7E FB         [19] 8557 	ld	a, -5 (ix)
      00369C DD 9E E3         [19] 8558 	sbc	a, -29 (ix)
      00369F DD 7E FC         [19] 8559 	ld	a, -4 (ix)
      0036A2 DD 9E E4         [19] 8560 	sbc	a, -28 (ix)
      0036A5 E2rAAr36         [10] 8561 	jp	PO, 00416$
      0036A8 EE 80            [ 7] 8562 	xor	a, #0x80
      0036AA                       8563 00416$:
      0036AA FAr8Cr37         [10] 8564 	jp	M, 00138$
                                   8565 ;pocket_platformer.c:1392: long base = (long)res_physics->jump_speed;
      0036AD 2Ar02r00         [16] 8566 	ld	hl, (_res_physics)
      0036B0 DD 75 FE         [19] 8567 	ld	-2 (ix), l
      0036B3 DD 74 FF         [19] 8568 	ld	-1 (ix), h
      0036B6 11 0A 00         [10] 8569 	ld	de, #0x000a
      0036B9 19               [11] 8570 	add	hl, de
      0036BA 7E               [ 7] 8571 	ld	a, (hl)
      0036BB DD 77 FE         [19] 8572 	ld	-2 (ix), a
      0036BE 23               [ 6] 8573 	inc	hl
      0036BF 7E               [ 7] 8574 	ld	a, (hl)
      0036C0 DD 77 FF         [19] 8575 	ld	-1 (ix), a
      0036C3 DD 7E FE         [19] 8576 	ld	a, -2 (ix)
      0036C6 DD 77 DD         [19] 8577 	ld	-35 (ix), a
      0036C9 DD 7E FF         [19] 8578 	ld	a, -1 (ix)
      0036CC DD 77 DE         [19] 8579 	ld	-34 (ix), a
      0036CF 07               [ 4] 8580 	rlca
      0036D0 9F               [ 4] 8581 	sbc	a, a
      0036D1 DD 77 DF         [19] 8582 	ld	-33 (ix), a
      0036D4 DD 77 E0         [19] 8583 	ld	-32 (ix), a
                                   8584 ;pocket_platformer.c:1393: player.forced_jump_speed = base + base * 4 / 15;
      0036D7 DD 7E DD         [19] 8585 	ld	a, -35 (ix)
      0036DA DD 77 F9         [19] 8586 	ld	-7 (ix), a
      0036DD DD 7E DE         [19] 8587 	ld	a, -34 (ix)
      0036E0 DD 77 FA         [19] 8588 	ld	-6 (ix), a
      0036E3 DD 7E DF         [19] 8589 	ld	a, -33 (ix)
      0036E6 DD 77 FB         [19] 8590 	ld	-5 (ix), a
      0036E9 DD 7E E0         [19] 8591 	ld	a, -32 (ix)
      0036EC DD 77 FC         [19] 8592 	ld	-4 (ix), a
      0036EF 06 02            [ 7] 8593 	ld	b, #0x02
      0036F1                       8594 00417$:
      0036F1 DD CB F9 26      [23] 8595 	sla	-7 (ix)
      0036F5 DD CB FA 16      [23] 8596 	rl	-6 (ix)
      0036F9 DD CB FB 16      [23] 8597 	rl	-5 (ix)
      0036FD DD CB FC 16      [23] 8598 	rl	-4 (ix)
      003701 10 EE            [13] 8599 	djnz	00417$
      003703 21 00 00         [10] 8600 	ld	hl, #0x0000
      003706 E5               [11] 8601 	push	hl
      003707 2E 0F            [ 7] 8602 	ld	l, #0x0f
      003709 E5               [11] 8603 	push	hl
      00370A DD 5E F9         [19] 8604 	ld	e, -7 (ix)
      00370D DD 56 FA         [19] 8605 	ld	d, -6 (ix)
      003710 DD 6E FB         [19] 8606 	ld	l, -5 (ix)
                                   8607 ;	spillPairReg hl
                                   8608 ;	spillPairReg hl
      003713 DD 66 FC         [19] 8609 	ld	h, -4 (ix)
                                   8610 ;	spillPairReg hl
                                   8611 ;	spillPairReg hl
      003716 CDr00r00         [17] 8612 	call	__divslong
      003719 F1               [10] 8613 	pop	af
      00371A F1               [10] 8614 	pop	af
      00371B DD 73 E1         [19] 8615 	ld	-31 (ix), e
      00371E DD 72 E2         [19] 8616 	ld	-30 (ix), d
      003721 DD 75 E3         [19] 8617 	ld	-29 (ix), l
      003724 DD 74 E4         [19] 8618 	ld	-28 (ix), h
      003727 DD 7E E1         [19] 8619 	ld	a, -31 (ix)
      00372A DD 86 DD         [19] 8620 	add	a, -35 (ix)
      00372D DD 77 F9         [19] 8621 	ld	-7 (ix), a
      003730 DD 7E E2         [19] 8622 	ld	a, -30 (ix)
      003733 DD 8E DE         [19] 8623 	adc	a, -34 (ix)
      003736 DD 77 FA         [19] 8624 	ld	-6 (ix), a
      003739 DD 7E E3         [19] 8625 	ld	a, -29 (ix)
      00373C DD 8E DF         [19] 8626 	adc	a, -33 (ix)
      00373F DD 77 FB         [19] 8627 	ld	-5 (ix), a
      003742 DD 7E E4         [19] 8628 	ld	a, -28 (ix)
      003745 DD 8E E0         [19] 8629 	adc	a, -32 (ix)
      003748 DD 77 FC         [19] 8630 	ld	-4 (ix), a
      00374B 11r27r00         [10] 8631 	ld	de, #(_player + 27)
      00374E 21 1C 00         [10] 8632 	ld	hl, #28
      003751 39               [11] 8633 	add	hl, sp
      003752 01 04 00         [10] 8634 	ld	bc, #0x0004
      003755 ED B0            [21] 8635 	ldir
                                   8636 ;pocket_platformer.c:1394: player.jumping = 1;
      003757 21r1Er00         [10] 8637 	ld	hl, #(_player + 18)
      00375A 36 01            [10] 8638 	ld	(hl), #0x01
                                   8639 ;pocket_platformer.c:1395: player.jump_frames = 0;
      00375C 21r22r00         [10] 8640 	ld	hl, #(_player + 22)
      00375F 36 00            [10] 8641 	ld	(hl), #0x00
                                   8642 ;pocket_platformer.c:1396: player.falling = 0;
      003761 21r1Dr00         [10] 8643 	ld	hl, #(_player + 17)
      003764 36 00            [10] 8644 	ld	(hl), #0x00
                                   8645 ;pocket_platformer.c:1397: player.on_ground = 0;
      003766 21r1Cr00         [10] 8646 	ld	hl, #(_player + 16)
      003769 36 00            [10] 8647 	ld	(hl), #0x00
                                   8648 ;pocket_platformer.c:1398: player.double_jump_used = 0;
      00376B 21r24r00         [10] 8649 	ld	hl, #(_player + 24)
      00376E 36 00            [10] 8650 	ld	(hl), #0x00
                                   8651 ;pocket_platformer.c:1399: if (vp_block_count) vp_toggle();
      003770 3Ar07r07         [13] 8652 	ld	a, (_vp_block_count+0)
      003773 B7               [ 4] 8653 	or	a, a
      003774 28 16            [12] 8654 	jr	Z, 00138$
      003776 CDrE9r37         [17] 8655 	call	_vp_toggle
                                   8656 ;pocket_platformer.c:1402: break;
      003779 18 11            [12] 8657 	jr	00138$
                                   8658 ;pocket_platformer.c:1403: case OBJ_COIN:
      00377B                       8659 00134$:
                                   8660 ;pocket_platformer.c:1404: if (!coin_collected[i]) coin_collected[i] = 1; break;
      00377B 3Er2F            [ 7] 8661 	ld	a, #<(_coin_collected)
      00377D DD 86 FD         [19] 8662 	add	a, -3 (ix)
      003780 6F               [ 4] 8663 	ld	l, a
                                   8664 ;	spillPairReg hl
                                   8665 ;	spillPairReg hl
      003781 3Es00            [ 7] 8666 	ld	a, #>(_coin_collected)
      003783 CE 00            [ 7] 8667 	adc	a, #0x00
      003785 67               [ 4] 8668 	ld	h, a
                                   8669 ;	spillPairReg hl
                                   8670 ;	spillPairReg hl
      003786 7E               [ 7] 8671 	ld	a, (hl)
      003787 B7               [ 4] 8672 	or	a, a
      003788 20 02            [12] 8673 	jr	NZ, 00138$
      00378A 36 01            [10] 8674 	ld	(hl), #0x01
                                   8675 ;pocket_platformer.c:1405: }
      00378C                       8676 00138$:
                                   8677 ;pocket_platformer.c:1336: for (i = 0; i < obj_count; i++) {
      00378C DD 34 FD         [23] 8678 	inc	-3 (ix)
      00378F C3rD5r32         [10] 8679 	jp	00160$
      003792                       8680 00161$:
                                   8681 ;pocket_platformer.c:1407: }
      003792 DD F9            [10] 8682 	ld	sp, ix
      003794 DD E1            [14] 8683 	pop	ix
      003796 C9               [10] 8684 	ret
                                   8685 ;pocket_platformer.c:1422: static unsigned char vp_is_passable(unsigned char tx, unsigned char ty) {
                                   8686 ;	---------------------------------
                                   8687 ; Function vp_is_passable
                                   8688 ; ---------------------------------
      003797                       8689 _vp_is_passable:
      003797 DD E5            [15] 8690 	push	ix
      003799 DD 21 00 00      [14] 8691 	ld	ix,#0
      00379D DD 39            [15] 8692 	add	ix,sp
      00379F F5               [11] 8693 	push	af
      0037A0 DD 77 FF         [19] 8694 	ld	-1 (ix), a
      0037A3 DD 75 FE         [19] 8695 	ld	-2 (ix), l
                                   8696 ;pocket_platformer.c:1424: for (i = 0; i < vp_block_count; i++) {
      0037A6 0E 00            [ 7] 8697 	ld	c, #0x00
      0037A8                       8698 00106$:
      0037A8 21r07r07         [10] 8699 	ld	hl, #_vp_block_count
      0037AB 79               [ 4] 8700 	ld	a, c
      0037AC 96               [ 7] 8701 	sub	a, (hl)
      0037AD 30 34            [12] 8702 	jr	NC, 00104$
                                   8703 ;pocket_platformer.c:1425: if (vp_blocks[i].tx == tx && vp_blocks[i].ty == ty) {
      0037AF 11r77r06         [10] 8704 	ld	de, #_vp_blocks+0
      0037B2 06 00            [ 7] 8705 	ld	b, #0x00
      0037B4 69               [ 4] 8706 	ld	l, c
      0037B5 60               [ 4] 8707 	ld	h, b
      0037B6 29               [11] 8708 	add	hl, hl
      0037B7 09               [11] 8709 	add	hl, bc
      0037B8 19               [11] 8710 	add	hl, de
      0037B9 EB               [ 4] 8711 	ex	de, hl
      0037BA 1A               [ 7] 8712 	ld	a, (de)
      0037BB 47               [ 4] 8713 	ld	b, a
      0037BC DD 7E FF         [19] 8714 	ld	a, -1 (ix)
      0037BF 90               [ 4] 8715 	sub	a, b
      0037C0 20 1E            [12] 8716 	jr	NZ, 00107$
      0037C2 6B               [ 4] 8717 	ld	l, e
                                   8718 ;	spillPairReg hl
                                   8719 ;	spillPairReg hl
      0037C3 62               [ 4] 8720 	ld	h, d
                                   8721 ;	spillPairReg hl
                                   8722 ;	spillPairReg hl
      0037C4 23               [ 6] 8723 	inc	hl
      0037C5 DD 7E FE         [19] 8724 	ld	a,-2 (ix)
      0037C8 96               [ 7] 8725 	sub	a,(hl)
      0037C9 20 15            [12] 8726 	jr	NZ, 00107$
                                   8727 ;pocket_platformer.c:1428: return vp_blocks[i].is_violet ? !vp_violet_active : vp_violet_active;
      0037CB 13               [ 6] 8728 	inc	de
      0037CC 13               [ 6] 8729 	inc	de
      0037CD 1A               [ 7] 8730 	ld	a, (de)
      0037CE B7               [ 4] 8731 	or	a, a
      0037CF 28 0A            [12] 8732 	jr	Z, 00110$
      0037D1 3Ar08r07         [13] 8733 	ld	a, (_vp_violet_active+0)
      0037D4 D6 01            [ 7] 8734 	sub	a,#0x01
      0037D6 3E 00            [ 7] 8735 	ld	a, #0x00
      0037D8 17               [ 4] 8736 	rla
      0037D9 18 09            [12] 8737 	jr	00108$
      0037DB                       8738 00110$:
      0037DB 3Ar08r07         [13] 8739 	ld	a, (_vp_violet_active+0)
      0037DE 18 04            [12] 8740 	jr	00108$
      0037E0                       8741 00107$:
                                   8742 ;pocket_platformer.c:1424: for (i = 0; i < vp_block_count; i++) {
      0037E0 0C               [ 4] 8743 	inc	c
      0037E1 18 C5            [12] 8744 	jr	00106$
      0037E3                       8745 00104$:
                                   8746 ;pocket_platformer.c:1431: return 0;
      0037E3 AF               [ 4] 8747 	xor	a, a
      0037E4                       8748 00108$:
                                   8749 ;pocket_platformer.c:1432: }
      0037E4 DD F9            [10] 8750 	ld	sp, ix
      0037E6 DD E1            [14] 8751 	pop	ix
      0037E8 C9               [10] 8752 	ret
                                   8753 ;pocket_platformer.c:1435: static void vp_toggle(void) {
                                   8754 ;	---------------------------------
                                   8755 ; Function vp_toggle
                                   8756 ; ---------------------------------
      0037E9                       8757 _vp_toggle:
      0037E9 DD E5            [15] 8758 	push	ix
      0037EB DD 21 00 00      [14] 8759 	ld	ix,#0
      0037EF DD 39            [15] 8760 	add	ix,sp
      0037F1 21 EB FF         [10] 8761 	ld	hl, #-21
      0037F4 39               [11] 8762 	add	hl, sp
      0037F5 F9               [ 6] 8763 	ld	sp, hl
                                   8764 ;pocket_platformer.c:1437: vp_violet_active = !vp_violet_active;
      0037F6 3Ar08r07         [13] 8765 	ld	a, (_vp_violet_active+0)
      0037F9 D6 01            [ 7] 8766 	sub	a,#0x01
      0037FB 3E 00            [ 7] 8767 	ld	a, #0x00
      0037FD 17               [ 4] 8768 	rla
      0037FE 32r08r07         [13] 8769 	ld	(_vp_violet_active+0), a
                                   8770 ;pocket_platformer.c:1438: for (i = 0; i < vp_block_count; i++) {
      003801 DD 36 FF 00      [19] 8771 	ld	-1 (ix), #0x00
      003805                       8772 00113$:
      003805 21r07r07         [10] 8773 	ld	hl, #_vp_block_count
      003808 DD 7E FF         [19] 8774 	ld	a, -1 (ix)
      00380B 96               [ 7] 8775 	sub	a, (hl)
      00380C D2r2Fr3A         [10] 8776 	jp	NC, 00115$
                                   8777 ;pocket_platformer.c:1439: unsigned char tx    = vp_blocks[i].tx;
      00380F DD 4E FF         [19] 8778 	ld	c, -1 (ix)
      003812 06 00            [ 7] 8779 	ld	b, #0x00
      003814 69               [ 4] 8780 	ld	l, c
      003815 60               [ 4] 8781 	ld	h, b
      003816 29               [11] 8782 	add	hl, hl
      003817 09               [11] 8783 	add	hl, bc
      003818 DD 75 FD         [19] 8784 	ld	-3 (ix), l
      00381B DD 74 FE         [19] 8785 	ld	-2 (ix), h
      00381E 3Er77            [ 7] 8786 	ld	a, #<(_vp_blocks)
      003820 DD 86 FD         [19] 8787 	add	a, -3 (ix)
      003823 DD 77 FB         [19] 8788 	ld	-5 (ix), a
      003826 3Es06            [ 7] 8789 	ld	a, #>(_vp_blocks)
      003828 DD 8E FE         [19] 8790 	adc	a, -2 (ix)
      00382B DD 77 FC         [19] 8791 	ld	-4 (ix), a
      00382E DD 6E FB         [19] 8792 	ld	l, -5 (ix)
      003831 DD 66 FC         [19] 8793 	ld	h, -4 (ix)
      003834 7E               [ 7] 8794 	ld	a, (hl)
      003835 DD 77 FD         [19] 8795 	ld	-3 (ix), a
                                   8796 ;pocket_platformer.c:1440: unsigned char ty    = vp_blocks[i].ty;
      003838 DD 7E FB         [19] 8797 	ld	a, -5 (ix)
      00383B DD 77 F9         [19] 8798 	ld	-7 (ix), a
      00383E DD 7E FC         [19] 8799 	ld	a, -4 (ix)
      003841 DD 77 FA         [19] 8800 	ld	-6 (ix), a
      003844 DD 6E F9         [19] 8801 	ld	l, -7 (ix)
      003847 DD 66 FA         [19] 8802 	ld	h, -6 (ix)
      00384A 23               [ 6] 8803 	inc	hl
      00384B 7E               [ 7] 8804 	ld	a, (hl)
      00384C DD 77 FE         [19] 8805 	ld	-2 (ix), a
                                   8806 ;pocket_platformer.c:1441: unsigned char solid = vp_blocks[i].is_violet ? vp_violet_active : !vp_violet_active;
      00384F DD 6E FB         [19] 8807 	ld	l, -5 (ix)
      003852 DD 66 FC         [19] 8808 	ld	h, -4 (ix)
      003855 23               [ 6] 8809 	inc	hl
      003856 23               [ 6] 8810 	inc	hl
      003857 4E               [ 7] 8811 	ld	c, (hl)
      003858 79               [ 4] 8812 	ld	a, c
      003859 B7               [ 4] 8813 	or	a, a
      00385A 28 05            [12] 8814 	jr	Z, 00117$
      00385C 3Ar08r07         [13] 8815 	ld	a, (_vp_violet_active+0)
      00385F 18 08            [12] 8816 	jr	00118$
      003861                       8817 00117$:
      003861 3Ar08r07         [13] 8818 	ld	a, (_vp_violet_active+0)
      003864 D6 01            [ 7] 8819 	sub	a,#0x01
      003866 3E 00            [ 7] 8820 	ld	a, #0x00
      003868 17               [ 4] 8821 	rla
      003869                       8822 00118$:
      003869 DD 77 FA         [19] 8823 	ld	-6 (ix), a
                                   8824 ;pocket_platformer.c:1445: idx = solid ? res_header->vio_solid_vram_idx : res_header->vio_ghost_vram_idx;
      00386C 2Ar00r00         [16] 8825 	ld	hl, (_res_header)
      00386F DD 75 FB         [19] 8826 	ld	-5 (ix), l
      003872 DD 74 FC         [19] 8827 	ld	-4 (ix), h
                                   8828 ;pocket_platformer.c:1444: if (vp_blocks[i].is_violet)
      003875 79               [ 4] 8829 	ld	a, c
      003876 B7               [ 4] 8830 	or	a, a
      003877 28 21            [12] 8831 	jr	Z, 00102$
                                   8832 ;pocket_platformer.c:1445: idx = solid ? res_header->vio_solid_vram_idx : res_header->vio_ghost_vram_idx;
      003879 DD 7E FA         [19] 8833 	ld	a, -6 (ix)
      00387C B7               [ 4] 8834 	or	a, a
      00387D 28 0D            [12] 8835 	jr	Z, 00119$
      00387F DD 4E FB         [19] 8836 	ld	c, -5 (ix)
      003882 DD 46 FC         [19] 8837 	ld	b, -4 (ix)
      003885 21 0F 00         [10] 8838 	ld	hl, #15
      003888 09               [11] 8839 	add	hl, bc
      003889 46               [ 7] 8840 	ld	b, (hl)
      00388A 18 0B            [12] 8841 	jr	00120$
      00388C                       8842 00119$:
      00388C DD 4E FB         [19] 8843 	ld	c, -5 (ix)
      00388F DD 46 FC         [19] 8844 	ld	b, -4 (ix)
      003892 21 10 00         [10] 8845 	ld	hl, #16
      003895 09               [11] 8846 	add	hl, bc
      003896 46               [ 7] 8847 	ld	b, (hl)
      003897                       8848 00120$:
      003897 78               [ 4] 8849 	ld	a, b
      003898 18 1E            [12] 8850 	jr	00103$
      00389A                       8851 00102$:
                                   8852 ;pocket_platformer.c:1447: idx = solid ? res_header->pink_solid_vram_idx : res_header->pink_ghost_vram_idx;
      00389A DD 7E FA         [19] 8853 	ld	a, -6 (ix)
      00389D B7               [ 4] 8854 	or	a, a
      00389E 28 0D            [12] 8855 	jr	Z, 00121$
      0038A0 DD 4E FB         [19] 8856 	ld	c, -5 (ix)
      0038A3 DD 46 FC         [19] 8857 	ld	b, -4 (ix)
      0038A6 21 11 00         [10] 8858 	ld	hl, #17
      0038A9 09               [11] 8859 	add	hl, bc
      0038AA 7E               [ 7] 8860 	ld	a, (hl)
      0038AB 18 0B            [12] 8861 	jr	00122$
      0038AD                       8862 00121$:
      0038AD DD 6E FB         [19] 8863 	ld	l, -5 (ix)
      0038B0 DD 66 FC         [19] 8864 	ld	h, -4 (ix)
      0038B3 11 12 00         [10] 8865 	ld	de, #0x0012
      0038B6 19               [11] 8866 	add	hl, de
      0038B7 7E               [ 7] 8867 	ld	a, (hl)
      0038B8                       8868 00122$:
      0038B8                       8869 00103$:
                                   8870 ;pocket_platformer.c:1448: vt = idx ? (unsigned int)(VRAM_BG_BASE + idx - 1) : 0u;
      0038B8 B7               [ 4] 8871 	or	a, a
      0038B9 28 04            [12] 8872 	jr	Z, 00123$
      0038BB 06 00            [ 7] 8873 	ld	b, #0x00
      0038BD 18 02            [12] 8874 	jr	00124$
      0038BF                       8875 00123$:
      0038BF AF               [ 4] 8876 	xor	a, a
      0038C0 47               [ 4] 8877 	ld	b, a
      0038C1                       8878 00124$:
      0038C1 5F               [ 4] 8879 	ld	e, a
      0038C2 50               [ 4] 8880 	ld	d, b
                                   8881 ;pocket_platformer.c:1449: SMS_setNextTileatXY(tx % SCREEN_TILES_W, ty);
      0038C3 DD 6E FE         [19] 8882 	ld	l, -2 (ix)
                                   8883 ;	spillPairReg hl
                                   8884 ;	spillPairReg hl
      0038C6 26 00            [ 7] 8885 	ld	h, #0x00
                                   8886 ;	spillPairReg hl
                                   8887 ;	spillPairReg hl
      0038C8 29               [11] 8888 	add	hl, hl
      0038C9 29               [11] 8889 	add	hl, hl
      0038CA 29               [11] 8890 	add	hl, hl
      0038CB 29               [11] 8891 	add	hl, hl
      0038CC 29               [11] 8892 	add	hl, hl
      0038CD DD 7E FD         [19] 8893 	ld	a, -3 (ix)
      0038D0 E6 1F            [ 7] 8894 	and	a, #0x1f
      0038D2 4F               [ 4] 8895 	ld	c, a
      0038D3 06 00            [ 7] 8896 	ld	b, #0x00
      0038D5 09               [11] 8897 	add	hl, bc
      0038D6 29               [11] 8898 	add	hl, hl
      0038D7 7C               [ 4] 8899 	ld	a, h
      0038D8 F6 78            [ 7] 8900 	or	a, #0x78
      0038DA 67               [ 4] 8901 	ld	h, a
                                   8902 ;	spillPairReg hl
                                   8903 ;	spillPairReg hl
      0038DB CF               [11] 8904 	rst	#0x08
                                   8905 ;pocket_platformer.c:1450: SMS_setTile(vt);
      0038DC EB               [ 4] 8906 	ex	de, hl
      0038DD DF               [11] 8907 	rst	#0x18
                                   8908 ;pocket_platformer.c:1452: if (solid) {
      0038DE DD 7E FA         [19] 8909 	ld	a, -6 (ix)
      0038E1 B7               [ 4] 8910 	or	a, a
      0038E2 CAr29r3A         [10] 8911 	jp	Z, 00114$
                                   8912 ;pocket_platformer.c:1453: long px = player.x >> 8, py = player.y >> 8;
      0038E5 ED 5Br0Cr00      [20] 8913 	ld	de, (#_player + 0)
      0038E9 2Ar0Er00         [16] 8914 	ld	hl, (#_player + 2)
      0038EC 06 08            [ 7] 8915 	ld	b, #0x08
      0038EE                       8916 00198$:
      0038EE CB 2C            [ 8] 8917 	sra	h
      0038F0 CB 1D            [ 8] 8918 	rr	l
      0038F2 CB 1A            [ 8] 8919 	rr	d
      0038F4 CB 1B            [ 8] 8920 	rr	e
      0038F6 10 F6            [13] 8921 	djnz	00198$
      0038F8 33               [ 6] 8922 	inc	sp
      0038F9 33               [ 6] 8923 	inc	sp
      0038FA D5               [11] 8924 	push	de
      0038FB DD 75 ED         [19] 8925 	ld	-19 (ix), l
      0038FE DD 74 EE         [19] 8926 	ld	-18 (ix), h
      003901 ED 5Br10r00      [20] 8927 	ld	de, (#(_player + 4) + 0)
      003905 2Ar12r00         [16] 8928 	ld	hl, (#(_player + 4) + 2)
      003908 06 08            [ 7] 8929 	ld	b, #0x08
      00390A                       8930 00200$:
      00390A CB 2C            [ 8] 8931 	sra	h
      00390C CB 1D            [ 8] 8932 	rr	l
      00390E CB 1A            [ 8] 8933 	rr	d
      003910 CB 1B            [ 8] 8934 	rr	e
      003912 10 F6            [13] 8935 	djnz	00200$
      003914 DD 73 EF         [19] 8936 	ld	-17 (ix), e
      003917 DD 72 F0         [19] 8937 	ld	-16 (ix), d
      00391A DD 75 F1         [19] 8938 	ld	-15 (ix), l
      00391D DD 74 F2         [19] 8939 	ld	-14 (ix), h
                                   8940 ;pocket_platformer.c:1454: long bx = (long)tx * TILE_SIZE, by = (long)ty * TILE_SIZE;
      003920 DD 6E FD         [19] 8941 	ld	l, -3 (ix)
                                   8942 ;	spillPairReg hl
                                   8943 ;	spillPairReg hl
                                   8944 ;	spillPairReg hl
                                   8945 ;	spillPairReg hl
      003923 AF               [ 4] 8946 	xor	a, a
      003924 67               [ 4] 8947 	ld	h, a
      003925 4F               [ 4] 8948 	ld	c, a
      003926 06 03            [ 7] 8949 	ld	b, #0x03
      003928                       8950 00202$:
      003928 29               [11] 8951 	add	hl, hl
      003929 8F               [ 4] 8952 	adc	a, a
      00392A CB 11            [ 8] 8953 	rl	c
      00392C 10 FA            [13] 8954 	djnz	00202$
      00392E DD 75 F3         [19] 8955 	ld	-13 (ix), l
      003931 DD 74 F4         [19] 8956 	ld	-12 (ix), h
      003934 DD 77 F5         [19] 8957 	ld	-11 (ix), a
      003937 DD 71 F6         [19] 8958 	ld	-10 (ix), c
      00393A DD 6E FE         [19] 8959 	ld	l, -2 (ix)
                                   8960 ;	spillPairReg hl
                                   8961 ;	spillPairReg hl
                                   8962 ;	spillPairReg hl
                                   8963 ;	spillPairReg hl
      00393D AF               [ 4] 8964 	xor	a, a
      00393E 67               [ 4] 8965 	ld	h, a
      00393F 4F               [ 4] 8966 	ld	c, a
      003940 06 03            [ 7] 8967 	ld	b, #0x03
      003942                       8968 00204$:
      003942 29               [11] 8969 	add	hl, hl
      003943 8F               [ 4] 8970 	adc	a, a
      003944 CB 11            [ 8] 8971 	rl	c
      003946 10 FA            [13] 8972 	djnz	00204$
      003948 DD 75 F7         [19] 8973 	ld	-9 (ix), l
      00394B DD 74 F8         [19] 8974 	ld	-8 (ix), h
      00394E DD 77 F9         [19] 8975 	ld	-7 (ix), a
      003951 DD 71 FA         [19] 8976 	ld	-6 (ix), c
                                   8977 ;pocket_platformer.c:1455: if (px + PLAYER_W > bx && px < bx + TILE_SIZE &&
      003954 DD 7E EB         [19] 8978 	ld	a, -21 (ix)
      003957 C6 06            [ 7] 8979 	add	a, #0x06
      003959 4F               [ 4] 8980 	ld	c, a
      00395A DD 7E EC         [19] 8981 	ld	a, -20 (ix)
      00395D CE 00            [ 7] 8982 	adc	a, #0x00
      00395F 47               [ 4] 8983 	ld	b, a
      003960 DD 7E ED         [19] 8984 	ld	a, -19 (ix)
      003963 CE 00            [ 7] 8985 	adc	a, #0x00
      003965 5F               [ 4] 8986 	ld	e, a
      003966 DD 7E EE         [19] 8987 	ld	a, -18 (ix)
      003969 CE 00            [ 7] 8988 	adc	a, #0x00
      00396B 57               [ 4] 8989 	ld	d, a
      00396C DD 7E F3         [19] 8990 	ld	a, -13 (ix)
      00396F 91               [ 4] 8991 	sub	a, c
      003970 DD 7E F4         [19] 8992 	ld	a, -12 (ix)
      003973 98               [ 4] 8993 	sbc	a, b
      003974 DD 7E F5         [19] 8994 	ld	a, -11 (ix)
      003977 9B               [ 4] 8995 	sbc	a, e
      003978 DD 7E F6         [19] 8996 	ld	a, -10 (ix)
      00397B 9A               [ 4] 8997 	sbc	a, d
      00397C E2r81r39         [10] 8998 	jp	PO, 00206$
      00397F EE 80            [ 7] 8999 	xor	a, #0x80
      003981                       9000 00206$:
      003981 F2r29r3A         [10] 9001 	jp	P, 00114$
      003984 DD 7E F3         [19] 9002 	ld	a, -13 (ix)
      003987 C6 08            [ 7] 9003 	add	a, #0x08
      003989 DD 77 FB         [19] 9004 	ld	-5 (ix), a
      00398C DD 7E F4         [19] 9005 	ld	a, -12 (ix)
      00398F CE 00            [ 7] 9006 	adc	a, #0x00
      003991 DD 77 FC         [19] 9007 	ld	-4 (ix), a
      003994 DD 7E F5         [19] 9008 	ld	a, -11 (ix)
      003997 CE 00            [ 7] 9009 	adc	a, #0x00
      003999 DD 77 FD         [19] 9010 	ld	-3 (ix), a
      00399C DD 7E F6         [19] 9011 	ld	a, -10 (ix)
      00399F CE 00            [ 7] 9012 	adc	a, #0x00
      0039A1 DD 77 FE         [19] 9013 	ld	-2 (ix), a
      0039A4 DD 7E EB         [19] 9014 	ld	a, -21 (ix)
      0039A7 DD 96 FB         [19] 9015 	sub	a, -5 (ix)
      0039AA DD 7E EC         [19] 9016 	ld	a, -20 (ix)
      0039AD DD 9E FC         [19] 9017 	sbc	a, -4 (ix)
      0039B0 DD 7E ED         [19] 9018 	ld	a, -19 (ix)
      0039B3 DD 9E FD         [19] 9019 	sbc	a, -3 (ix)
      0039B6 DD 7E EE         [19] 9020 	ld	a, -18 (ix)
      0039B9 DD 9E FE         [19] 9021 	sbc	a, -2 (ix)
      0039BC E2rC1r39         [10] 9022 	jp	PO, 00207$
      0039BF EE 80            [ 7] 9023 	xor	a, #0x80
      0039C1                       9024 00207$:
      0039C1 F2r29r3A         [10] 9025 	jp	P, 00114$
                                   9026 ;pocket_platformer.c:1456: py + PLAYER_H > by && py < by + TILE_SIZE)
      0039C4 DD 7E EF         [19] 9027 	ld	a, -17 (ix)
      0039C7 C6 08            [ 7] 9028 	add	a, #0x08
      0039C9 4F               [ 4] 9029 	ld	c, a
      0039CA DD 7E F0         [19] 9030 	ld	a, -16 (ix)
      0039CD CE 00            [ 7] 9031 	adc	a, #0x00
      0039CF 47               [ 4] 9032 	ld	b, a
      0039D0 DD 7E F1         [19] 9033 	ld	a, -15 (ix)
      0039D3 CE 00            [ 7] 9034 	adc	a, #0x00
      0039D5 5F               [ 4] 9035 	ld	e, a
      0039D6 DD 7E F2         [19] 9036 	ld	a, -14 (ix)
      0039D9 CE 00            [ 7] 9037 	adc	a, #0x00
      0039DB 57               [ 4] 9038 	ld	d, a
      0039DC DD 7E F7         [19] 9039 	ld	a, -9 (ix)
      0039DF 91               [ 4] 9040 	sub	a, c
      0039E0 DD 7E F8         [19] 9041 	ld	a, -8 (ix)
      0039E3 98               [ 4] 9042 	sbc	a, b
      0039E4 DD 7E F9         [19] 9043 	ld	a, -7 (ix)
      0039E7 9B               [ 4] 9044 	sbc	a, e
      0039E8 DD 7E FA         [19] 9045 	ld	a, -6 (ix)
      0039EB 9A               [ 4] 9046 	sbc	a, d
      0039EC E2rF1r39         [10] 9047 	jp	PO, 00208$
      0039EF EE 80            [ 7] 9048 	xor	a, #0x80
      0039F1                       9049 00208$:
      0039F1 F2r29r3A         [10] 9050 	jp	P, 00114$
      0039F4 DD 7E F7         [19] 9051 	ld	a, -9 (ix)
      0039F7 C6 08            [ 7] 9052 	add	a, #0x08
      0039F9 4F               [ 4] 9053 	ld	c, a
      0039FA DD 7E F8         [19] 9054 	ld	a, -8 (ix)
      0039FD CE 00            [ 7] 9055 	adc	a, #0x00
      0039FF 47               [ 4] 9056 	ld	b, a
      003A00 DD 7E F9         [19] 9057 	ld	a, -7 (ix)
      003A03 CE 00            [ 7] 9058 	adc	a, #0x00
      003A05 5F               [ 4] 9059 	ld	e, a
      003A06 DD 7E FA         [19] 9060 	ld	a, -6 (ix)
      003A09 CE 00            [ 7] 9061 	adc	a, #0x00
      003A0B 57               [ 4] 9062 	ld	d, a
      003A0C DD 7E EF         [19] 9063 	ld	a, -17 (ix)
      003A0F 91               [ 4] 9064 	sub	a, c
      003A10 DD 7E F0         [19] 9065 	ld	a, -16 (ix)
      003A13 98               [ 4] 9066 	sbc	a, b
      003A14 DD 7E F1         [19] 9067 	ld	a, -15 (ix)
      003A17 9B               [ 4] 9068 	sbc	a, e
      003A18 DD 7E F2         [19] 9069 	ld	a, -14 (ix)
      003A1B 9A               [ 4] 9070 	sbc	a, d
      003A1C E2r21r3A         [10] 9071 	jp	PO, 00209$
      003A1F EE 80            [ 7] 9072 	xor	a, #0x80
      003A21                       9073 00209$:
      003A21 F2r29r3A         [10] 9074 	jp	P, 00114$
                                   9075 ;pocket_platformer.c:1457: player_died = 1;
      003A24 21rB0r00         [10] 9076 	ld	hl, #_player_died
      003A27 36 01            [10] 9077 	ld	(hl), #0x01
      003A29                       9078 00114$:
                                   9079 ;pocket_platformer.c:1438: for (i = 0; i < vp_block_count; i++) {
      003A29 DD 34 FF         [23] 9080 	inc	-1 (ix)
      003A2C C3r05r38         [10] 9081 	jp	00113$
      003A2F                       9082 00115$:
                                   9083 ;pocket_platformer.c:1460: }
      003A2F DD F9            [10] 9084 	ld	sp, ix
      003A31 DD E1            [14] 9085 	pop	ix
      003A33 C9               [10] 9086 	ret
                                   9087 ;pocket_platformer.c:1463: static unsigned char rb_is_passable(unsigned char tx, unsigned char ty) {
                                   9088 ;	---------------------------------
                                   9089 ; Function rb_is_passable
                                   9090 ; ---------------------------------
      003A34                       9091 _rb_is_passable:
      003A34 DD E5            [15] 9092 	push	ix
      003A36 DD 21 00 00      [14] 9093 	ld	ix,#0
      003A3A DD 39            [15] 9094 	add	ix,sp
      003A3C F5               [11] 9095 	push	af
      003A3D DD 77 FF         [19] 9096 	ld	-1 (ix), a
      003A40 DD 75 FE         [19] 9097 	ld	-2 (ix), l
                                   9098 ;pocket_platformer.c:1465: for (i = 0; i < rb_block_count; i++) {
      003A43 0E 00            [ 7] 9099 	ld	c, #0x00
      003A45                       9100 00106$:
      003A45 21rA9r07         [10] 9101 	ld	hl, #_rb_block_count
      003A48 79               [ 4] 9102 	ld	a, c
      003A49 96               [ 7] 9103 	sub	a, (hl)
      003A4A 30 34            [12] 9104 	jr	NC, 00104$
                                   9105 ;pocket_platformer.c:1466: if (rb_blocks[i].tx == tx && rb_blocks[i].ty == ty) {
      003A4C 11r09r07         [10] 9106 	ld	de, #_rb_blocks+0
      003A4F 06 00            [ 7] 9107 	ld	b, #0x00
      003A51 69               [ 4] 9108 	ld	l, c
      003A52 60               [ 4] 9109 	ld	h, b
      003A53 29               [11] 9110 	add	hl, hl
      003A54 09               [11] 9111 	add	hl, bc
      003A55 19               [11] 9112 	add	hl, de
      003A56 EB               [ 4] 9113 	ex	de, hl
      003A57 1A               [ 7] 9114 	ld	a, (de)
      003A58 47               [ 4] 9115 	ld	b, a
      003A59 DD 7E FF         [19] 9116 	ld	a, -1 (ix)
      003A5C 90               [ 4] 9117 	sub	a, b
      003A5D 20 1E            [12] 9118 	jr	NZ, 00107$
      003A5F 6B               [ 4] 9119 	ld	l, e
                                   9120 ;	spillPairReg hl
                                   9121 ;	spillPairReg hl
      003A60 62               [ 4] 9122 	ld	h, d
                                   9123 ;	spillPairReg hl
                                   9124 ;	spillPairReg hl
      003A61 23               [ 6] 9125 	inc	hl
      003A62 DD 7E FE         [19] 9126 	ld	a,-2 (ix)
      003A65 96               [ 7] 9127 	sub	a,(hl)
      003A66 20 15            [12] 9128 	jr	NZ, 00107$
                                   9129 ;pocket_platformer.c:1468: return rb_blocks[i].is_red ? !rb_red_active : rb_red_active;
      003A68 13               [ 6] 9130 	inc	de
      003A69 13               [ 6] 9131 	inc	de
      003A6A 1A               [ 7] 9132 	ld	a, (de)
      003A6B B7               [ 4] 9133 	or	a, a
      003A6C 28 0A            [12] 9134 	jr	Z, 00110$
      003A6E 3ArABr07         [13] 9135 	ld	a, (_rb_red_active+0)
      003A71 D6 01            [ 7] 9136 	sub	a,#0x01
      003A73 3E 00            [ 7] 9137 	ld	a, #0x00
      003A75 17               [ 4] 9138 	rla
      003A76 18 09            [12] 9139 	jr	00108$
      003A78                       9140 00110$:
      003A78 3ArABr07         [13] 9141 	ld	a, (_rb_red_active+0)
      003A7B 18 04            [12] 9142 	jr	00108$
      003A7D                       9143 00107$:
                                   9144 ;pocket_platformer.c:1465: for (i = 0; i < rb_block_count; i++) {
      003A7D 0C               [ 4] 9145 	inc	c
      003A7E 18 C5            [12] 9146 	jr	00106$
      003A80                       9147 00104$:
                                   9148 ;pocket_platformer.c:1471: return 0;
      003A80 AF               [ 4] 9149 	xor	a, a
      003A81                       9150 00108$:
                                   9151 ;pocket_platformer.c:1472: }
      003A81 DD F9            [10] 9152 	ld	sp, ix
      003A83 DD E1            [14] 9153 	pop	ix
      003A85 C9               [10] 9154 	ret
                                   9155 ;pocket_platformer.c:1474: static unsigned int rb_vram_for_block(unsigned char is_red, unsigned char solid) {
                                   9156 ;	---------------------------------
                                   9157 ; Function rb_vram_for_block
                                   9158 ; ---------------------------------
      003A86                       9159 _rb_vram_for_block:
                                   9160 ;pocket_platformer.c:1477: idx = solid ? res_header->red_solid_vram_idx  : res_header->red_ghost_vram_idx;
                                   9161 ;pocket_platformer.c:1476: if (is_red)
      003A86 ED 5Br00r00      [20] 9162 	ld	de, (_res_header)
      003A8A B7               [ 4] 9163 	or	a, a
      003A8B 28 12            [12] 9164 	jr	Z, 00102$
                                   9165 ;pocket_platformer.c:1477: idx = solid ? res_header->red_solid_vram_idx  : res_header->red_ghost_vram_idx;
      003A8D 7D               [ 4] 9166 	ld	a, l
      003A8E B7               [ 4] 9167 	or	a, a
      003A8F 28 07            [12] 9168 	jr	Z, 00106$
      003A91 21 09 00         [10] 9169 	ld	hl, #9
      003A94 19               [11] 9170 	add	hl, de
      003A95 7E               [ 7] 9171 	ld	a, (hl)
      003A96 18 17            [12] 9172 	jr	00103$
      003A98                       9173 00106$:
      003A98 21 0A 00         [10] 9174 	ld	hl, #10
      003A9B 19               [11] 9175 	add	hl, de
      003A9C 7E               [ 7] 9176 	ld	a, (hl)
      003A9D 18 10            [12] 9177 	jr	00103$
      003A9F                       9178 00102$:
                                   9179 ;pocket_platformer.c:1479: idx = solid ? res_header->blue_solid_vram_idx : res_header->blue_ghost_vram_idx;
      003A9F 7D               [ 4] 9180 	ld	a, l
      003AA0 B7               [ 4] 9181 	or	a, a
      003AA1 28 07            [12] 9182 	jr	Z, 00108$
      003AA3 21 0B 00         [10] 9183 	ld	hl, #11
      003AA6 19               [11] 9184 	add	hl, de
      003AA7 7E               [ 7] 9185 	ld	a, (hl)
      003AA8 18 05            [12] 9186 	jr	00109$
      003AAA                       9187 00108$:
      003AAA 21 0C 00         [10] 9188 	ld	hl, #12
      003AAD 19               [11] 9189 	add	hl, de
      003AAE 7E               [ 7] 9190 	ld	a, (hl)
      003AAF                       9191 00109$:
      003AAF                       9192 00103$:
                                   9193 ;pocket_platformer.c:1480: return idx ? (unsigned int)(VRAM_BG_BASE + idx - 1) : 0u;
      003AAF B7               [ 4] 9194 	or	a, a
      003AB0 28 04            [12] 9195 	jr	Z, 00110$
      003AB2 16 00            [ 7] 9196 	ld	d, #0x00
      003AB4 5F               [ 4] 9197 	ld	e, a
      003AB5 C9               [10] 9198 	ret
      003AB6                       9199 00110$:
      003AB6 11 00 00         [10] 9200 	ld	de, #0x0000
                                   9201 ;pocket_platformer.c:1481: }
      003AB9 C9               [10] 9202 	ret
                                   9203 ;pocket_platformer.c:1484: static void rb_redraw_all(void) {
                                   9204 ;	---------------------------------
                                   9205 ; Function rb_redraw_all
                                   9206 ; ---------------------------------
      003ABA                       9207 _rb_redraw_all:
      003ABA DD E5            [15] 9208 	push	ix
      003ABC DD 21 00 00      [14] 9209 	ld	ix,#0
      003AC0 DD 39            [15] 9210 	add	ix,sp
      003AC2 F5               [11] 9211 	push	af
                                   9212 ;pocket_platformer.c:1486: for (i = 0; i < rb_block_count; i++) {
      003AC3 DD 36 FF 00      [19] 9213 	ld	-1 (ix), #0x00
      003AC7                       9214 00103$:
      003AC7 21rA9r07         [10] 9215 	ld	hl, #_rb_block_count
      003ACA DD 7E FF         [19] 9216 	ld	a, -1 (ix)
      003ACD 96               [ 7] 9217 	sub	a, (hl)
      003ACE 30 51            [12] 9218 	jr	NC, 00105$
                                   9219 ;pocket_platformer.c:1487: unsigned char tx = rb_blocks[i].tx;
      003AD0 DD 4E FF         [19] 9220 	ld	c, -1 (ix)
      003AD3 06 00            [ 7] 9221 	ld	b, #0x00
      003AD5 69               [ 4] 9222 	ld	l, c
      003AD6 60               [ 4] 9223 	ld	h, b
      003AD7 29               [11] 9224 	add	hl, hl
      003AD8 09               [11] 9225 	add	hl, bc
      003AD9 EB               [ 4] 9226 	ex	de, hl
      003ADA 21r09r07         [10] 9227 	ld	hl, #_rb_blocks
      003ADD 19               [11] 9228 	add	hl, de
      003ADE EB               [ 4] 9229 	ex	de, hl
      003ADF 1A               [ 7] 9230 	ld	a, (de)
      003AE0 4F               [ 4] 9231 	ld	c, a
                                   9232 ;pocket_platformer.c:1488: unsigned char ty = rb_blocks[i].ty;
      003AE1 6B               [ 4] 9233 	ld	l, e
                                   9234 ;	spillPairReg hl
                                   9235 ;	spillPairReg hl
      003AE2 62               [ 4] 9236 	ld	h, d
                                   9237 ;	spillPairReg hl
                                   9238 ;	spillPairReg hl
      003AE3 23               [ 6] 9239 	inc	hl
      003AE4 7E               [ 7] 9240 	ld	a, (hl)
      003AE5 DD 77 FE         [19] 9241 	ld	-2 (ix), a
                                   9242 ;pocket_platformer.c:1489: unsigned char solid = rb_blocks[i].is_red ? rb_red_active : !rb_red_active;
      003AE8 13               [ 6] 9243 	inc	de
      003AE9 13               [ 6] 9244 	inc	de
      003AEA 1A               [ 7] 9245 	ld	a, (de)
      003AEB 47               [ 4] 9246 	ld	b, a
      003AEC B7               [ 4] 9247 	or	a, a
      003AED 28 05            [12] 9248 	jr	Z, 00107$
      003AEF 3ArABr07         [13] 9249 	ld	a, (_rb_red_active+0)
      003AF2 18 08            [12] 9250 	jr	00108$
      003AF4                       9251 00107$:
      003AF4 3ArABr07         [13] 9252 	ld	a, (_rb_red_active+0)
      003AF7 D6 01            [ 7] 9253 	sub	a,#0x01
      003AF9 3E 00            [ 7] 9254 	ld	a, #0x00
      003AFB 17               [ 4] 9255 	rla
      003AFC                       9256 00108$:
      003AFC 6F               [ 4] 9257 	ld	l, a
                                   9258 ;	spillPairReg hl
                                   9259 ;	spillPairReg hl
                                   9260 ;pocket_platformer.c:1490: unsigned int vt = rb_vram_for_block(rb_blocks[i].is_red, solid);
      003AFD C5               [11] 9261 	push	bc
      003AFE 78               [ 4] 9262 	ld	a, b
      003AFF CDr86r3A         [17] 9263 	call	_rb_vram_for_block
      003B02 C1               [10] 9264 	pop	bc
                                   9265 ;pocket_platformer.c:1491: SMS_setNextTileatXY(tx % SCREEN_TILES_W, ty);
      003B03 DD 6E FE         [19] 9266 	ld	l, -2 (ix)
                                   9267 ;	spillPairReg hl
                                   9268 ;	spillPairReg hl
      003B06 26 00            [ 7] 9269 	ld	h, #0x00
                                   9270 ;	spillPairReg hl
                                   9271 ;	spillPairReg hl
      003B08 29               [11] 9272 	add	hl, hl
      003B09 29               [11] 9273 	add	hl, hl
      003B0A 29               [11] 9274 	add	hl, hl
      003B0B 29               [11] 9275 	add	hl, hl
      003B0C 29               [11] 9276 	add	hl, hl
      003B0D 79               [ 4] 9277 	ld	a, c
      003B0E E6 1F            [ 7] 9278 	and	a, #0x1f
      003B10 06 00            [ 7] 9279 	ld	b, #0x00
      003B12 4F               [ 4] 9280 	ld	c, a
      003B13 09               [11] 9281 	add	hl, bc
      003B14 29               [11] 9282 	add	hl, hl
      003B15 7C               [ 4] 9283 	ld	a, h
      003B16 F6 78            [ 7] 9284 	or	a, #0x78
      003B18 67               [ 4] 9285 	ld	h, a
                                   9286 ;	spillPairReg hl
                                   9287 ;	spillPairReg hl
      003B19 CF               [11] 9288 	rst	#0x08
                                   9289 ;pocket_platformer.c:1492: SMS_setTile(vt);
      003B1A EB               [ 4] 9290 	ex	de, hl
      003B1B DF               [11] 9291 	rst	#0x18
                                   9292 ;pocket_platformer.c:1486: for (i = 0; i < rb_block_count; i++) {
      003B1C DD 34 FF         [23] 9293 	inc	-1 (ix)
      003B1F 18 A6            [12] 9294 	jr	00103$
      003B21                       9295 00105$:
                                   9296 ;pocket_platformer.c:1494: }
      003B21 DD F9            [10] 9297 	ld	sp, ix
      003B23 DD E1            [14] 9298 	pop	ix
      003B25 C9               [10] 9299 	ret
                                   9300 ;pocket_platformer.c:1496: static void check_rb_switch(void) {
                                   9301 ;	---------------------------------
                                   9302 ; Function check_rb_switch
                                   9303 ; ---------------------------------
      003B26                       9304 _check_rb_switch:
                                   9305 ;pocket_platformer.c:1498: if (rb_switch_locked && player.vy > 0) rb_switch_locked = 0;
      003B26 3ArACr07         [13] 9306 	ld	a, (_rb_switch_locked+0)
      003B29 B7               [ 4] 9307 	or	a, a
      003B2A C8               [11] 9308 	ret	Z
      003B2B ED 4Br18r00      [20] 9309 	ld	bc, (#(_player + 12) + 0)
      003B2F 2Ar1Ar00         [16] 9310 	ld	hl, (#(_player + 12) + 2)
      003B32 AF               [ 4] 9311 	xor	a, a
      003B33 B9               [ 4] 9312 	cp	a, c
      003B34 98               [ 4] 9313 	sbc	a, b
      003B35 3E 00            [ 7] 9314 	ld	a, #0x00
      003B37 9D               [ 4] 9315 	sbc	a, l
      003B38 3E 00            [ 7] 9316 	ld	a, #0x00
      003B3A 9C               [ 4] 9317 	sbc	a, h
      003B3B E2r40r3B         [10] 9318 	jp	PO, 00116$
      003B3E EE 80            [ 7] 9319 	xor	a, #0x80
      003B40                       9320 00116$:
      003B40 F0               [11] 9321 	ret	P
      003B41 21rACr07         [10] 9322 	ld	hl, #_rb_switch_locked
      003B44 36 00            [10] 9323 	ld	(hl), #0x00
                                   9324 ;pocket_platformer.c:1499: }
      003B46 C9               [10] 9325 	ret
                                   9326 ;pocket_platformer.c:1501: static void check_disp_touch(void) {
                                   9327 ;	---------------------------------
                                   9328 ; Function check_disp_touch
                                   9329 ; ---------------------------------
      003B47                       9330 _check_disp_touch:
      003B47 DD E5            [15] 9331 	push	ix
      003B49 DD 21 00 00      [14] 9332 	ld	ix,#0
      003B4D DD 39            [15] 9333 	add	ix,sp
      003B4F 21 EB FF         [10] 9334 	ld	hl, #-21
      003B52 39               [11] 9335 	add	hl, sp
      003B53 F9               [ 6] 9336 	ld	sp, hl
                                   9337 ;pocket_platformer.c:1506: long px = player.x >> 8, py = player.y >> 8;
      003B54 ED 5Br0Cr00      [20] 9338 	ld	de, (#_player + 0)
      003B58 2Ar0Er00         [16] 9339 	ld	hl, (#_player + 2)
      003B5B 06 08            [ 7] 9340 	ld	b, #0x08
      003B5D                       9341 00250$:
      003B5D CB 2C            [ 8] 9342 	sra	h
      003B5F CB 1D            [ 8] 9343 	rr	l
      003B61 CB 1A            [ 8] 9344 	rr	d
      003B63 CB 1B            [ 8] 9345 	rr	e
      003B65 10 F6            [13] 9346 	djnz	00250$
      003B67 DD 73 F5         [19] 9347 	ld	-11 (ix), e
      003B6A DD 72 F6         [19] 9348 	ld	-10 (ix), d
      003B6D DD 75 F7         [19] 9349 	ld	-9 (ix), l
      003B70 DD 74 F8         [19] 9350 	ld	-8 (ix), h
      003B73 2Ar10r00         [16] 9351 	ld	hl, (#(_player + 4) + 0)
      003B76 ED 5Br12r00      [20] 9352 	ld	de, (#(_player + 4) + 2)
      003B7A 06 08            [ 7] 9353 	ld	b, #0x08
      003B7C                       9354 00252$:
      003B7C CB 2A            [ 8] 9355 	sra	d
      003B7E CB 1B            [ 8] 9356 	rr	e
      003B80 CB 1C            [ 8] 9357 	rr	h
      003B82 CB 1D            [ 8] 9358 	rr	l
      003B84 10 F6            [13] 9359 	djnz	00252$
                                   9360 ;pocket_platformer.c:1507: unsigned char tx_l = (unsigned char)(px / TILE_SIZE);
      003B86 DD 4E F5         [19] 9361 	ld	c, -11 (ix)
      003B89 DD 46 F6         [19] 9362 	ld	b, -10 (ix)
      003B8C FD E5            [15] 9363 	push	iy
      003B8E E3               [19] 9364 	ex	(sp), hl
      003B8F DD 6E F7         [19] 9365 	ld	l, -9 (ix)
                                   9366 ;	spillPairReg hl
                                   9367 ;	spillPairReg hl
      003B92 E3               [19] 9368 	ex	(sp), hl
      003B93 E3               [19] 9369 	ex	(sp), hl
      003B94 DD 66 F8         [19] 9370 	ld	h, -8 (ix)
                                   9371 ;	spillPairReg hl
                                   9372 ;	spillPairReg hl
      003B97 E3               [19] 9373 	ex	(sp), hl
      003B98 FD E1            [14] 9374 	pop	iy
      003B9A DD CB F8 7E      [20] 9375 	bit	7, -8 (ix)
      003B9E 28 24            [12] 9376 	jr	Z, 00129$
      003BA0 DD 7E F5         [19] 9377 	ld	a, -11 (ix)
      003BA3 C6 07            [ 7] 9378 	add	a, #0x07
      003BA5 4F               [ 4] 9379 	ld	c, a
      003BA6 DD 7E F6         [19] 9380 	ld	a, -10 (ix)
      003BA9 CE 00            [ 7] 9381 	adc	a, #0x00
      003BAB 47               [ 4] 9382 	ld	b, a
      003BAC DD 7E F7         [19] 9383 	ld	a, -9 (ix)
      003BAF CE 00            [ 7] 9384 	adc	a, #0x00
      003BB1 FD E5            [15] 9385 	push	iy
      003BB3 DD 77 E9         [19] 9386 	ld	-23 (ix), a
      003BB6 FD E1            [14] 9387 	pop	iy
      003BB8 DD 7E F8         [19] 9388 	ld	a, -8 (ix)
      003BBB CE 00            [ 7] 9389 	adc	a, #0x00
      003BBD FD E5            [15] 9390 	push	iy
      003BBF DD 77 EA         [19] 9391 	ld	-22 (ix), a
      003BC2 FD E1            [14] 9392 	pop	iy
      003BC4                       9393 00129$:
      003BC4 CB 38            [ 8] 9394 	srl	b
      003BC6 CB 19            [ 8] 9395 	rr	c
      003BC8 CB 38            [ 8] 9396 	srl	b
      003BCA CB 19            [ 8] 9397 	rr	c
      003BCC CB 38            [ 8] 9398 	srl	b
      003BCE CB 19            [ 8] 9399 	rr	c
      003BD0 DD 71 FD         [19] 9400 	ld	-3 (ix), c
                                   9401 ;pocket_platformer.c:1508: unsigned char tx_r = (unsigned char)((px + PLAYER_W - 1) / TILE_SIZE);
      003BD3 DD 7E F5         [19] 9402 	ld	a, -11 (ix)
      003BD6 C6 05            [ 7] 9403 	add	a, #0x05
      003BD8 DD 77 F9         [19] 9404 	ld	-7 (ix), a
      003BDB DD 7E F6         [19] 9405 	ld	a, -10 (ix)
      003BDE CE 00            [ 7] 9406 	adc	a, #0x00
      003BE0 DD 77 FA         [19] 9407 	ld	-6 (ix), a
      003BE3 DD 7E F7         [19] 9408 	ld	a, -9 (ix)
      003BE6 CE 00            [ 7] 9409 	adc	a, #0x00
      003BE8 DD 77 FB         [19] 9410 	ld	-5 (ix), a
      003BEB DD 7E F8         [19] 9411 	ld	a, -8 (ix)
      003BEE CE 00            [ 7] 9412 	adc	a, #0x00
      003BF0 DD 77 FC         [19] 9413 	ld	-4 (ix), a
      003BF3 DD 4E F9         [19] 9414 	ld	c, -7 (ix)
      003BF6 DD 46 FA         [19] 9415 	ld	b, -6 (ix)
      003BF9 FD E5            [15] 9416 	push	iy
      003BFB E3               [19] 9417 	ex	(sp), hl
      003BFC DD 6E FB         [19] 9418 	ld	l, -5 (ix)
                                   9419 ;	spillPairReg hl
                                   9420 ;	spillPairReg hl
      003BFF E3               [19] 9421 	ex	(sp), hl
      003C00 E3               [19] 9422 	ex	(sp), hl
      003C01 DD 66 FC         [19] 9423 	ld	h, -4 (ix)
                                   9424 ;	spillPairReg hl
                                   9425 ;	spillPairReg hl
      003C04 E3               [19] 9426 	ex	(sp), hl
      003C05 FD E1            [14] 9427 	pop	iy
      003C07 DD CB FC 7E      [20] 9428 	bit	7, -4 (ix)
      003C0B 28 24            [12] 9429 	jr	Z, 00130$
      003C0D DD 7E F9         [19] 9430 	ld	a, -7 (ix)
      003C10 C6 07            [ 7] 9431 	add	a, #0x07
      003C12 4F               [ 4] 9432 	ld	c, a
      003C13 DD 7E FA         [19] 9433 	ld	a, -6 (ix)
      003C16 CE 00            [ 7] 9434 	adc	a, #0x00
      003C18 47               [ 4] 9435 	ld	b, a
      003C19 DD 7E FB         [19] 9436 	ld	a, -5 (ix)
      003C1C CE 00            [ 7] 9437 	adc	a, #0x00
      003C1E FD E5            [15] 9438 	push	iy
      003C20 DD 77 E9         [19] 9439 	ld	-23 (ix), a
      003C23 FD E1            [14] 9440 	pop	iy
      003C25 DD 7E FC         [19] 9441 	ld	a, -4 (ix)
      003C28 CE 00            [ 7] 9442 	adc	a, #0x00
      003C2A FD E5            [15] 9443 	push	iy
      003C2C DD 77 EA         [19] 9444 	ld	-22 (ix), a
      003C2F FD E1            [14] 9445 	pop	iy
      003C31                       9446 00130$:
      003C31 CB 38            [ 8] 9447 	srl	b
      003C33 CB 19            [ 8] 9448 	rr	c
      003C35 CB 38            [ 8] 9449 	srl	b
      003C37 CB 19            [ 8] 9450 	rr	c
      003C39 CB 38            [ 8] 9451 	srl	b
      003C3B CB 19            [ 8] 9452 	rr	c
      003C3D DD 71 FE         [19] 9453 	ld	-2 (ix), c
                                   9454 ;pocket_platformer.c:1509: unsigned char ty_body  = (unsigned char)(py / TILE_SIZE);
      003C40 D5               [11] 9455 	push	de
      003C41 FD E1            [14] 9456 	pop	iy
      003C43 4D               [ 4] 9457 	ld	c, l
      003C44 44               [ 4] 9458 	ld	b, h
      003C45 CB 7A            [ 8] 9459 	bit	7, d
      003C47 28 1C            [12] 9460 	jr	Z, 00131$
      003C49 7D               [ 4] 9461 	ld	a, l
      003C4A C6 07            [ 7] 9462 	add	a, #0x07
      003C4C 4F               [ 4] 9463 	ld	c, a
      003C4D 7C               [ 4] 9464 	ld	a, h
      003C4E CE 00            [ 7] 9465 	adc	a, #0x00
      003C50 47               [ 4] 9466 	ld	b, a
      003C51 7B               [ 4] 9467 	ld	a, e
      003C52 CE 00            [ 7] 9468 	adc	a, #0x00
      003C54 FD E5            [15] 9469 	push	iy
      003C56 DD 77 E9         [19] 9470 	ld	-23 (ix), a
      003C59 FD E1            [14] 9471 	pop	iy
      003C5B 7A               [ 4] 9472 	ld	a, d
      003C5C CE 00            [ 7] 9473 	adc	a, #0x00
      003C5E FD E5            [15] 9474 	push	iy
      003C60 DD 77 EA         [19] 9475 	ld	-22 (ix), a
      003C63 FD E1            [14] 9476 	pop	iy
      003C65                       9477 00131$:
      003C65 CB 38            [ 8] 9478 	srl	b
      003C67 CB 19            [ 8] 9479 	rr	c
      003C69 CB 38            [ 8] 9480 	srl	b
      003C6B CB 19            [ 8] 9481 	rr	c
      003C6D CB 38            [ 8] 9482 	srl	b
      003C6F CB 19            [ 8] 9483 	rr	c
      003C71 DD 71 FF         [19] 9484 	ld	-1 (ix), c
                                   9485 ;pocket_platformer.c:1510: unsigned char ty_feet  = (unsigned char)((py + PLAYER_H) / TILE_SIZE); /* tile below feet */
      003C74 C5               [11] 9486 	push	bc
      003C75 01 08 00         [10] 9487 	ld	bc, #0x0008
      003C78 09               [11] 9488 	add	hl, bc
      003C79 C1               [10] 9489 	pop	bc
      003C7A 30 01            [12] 9490 	jr	NC, 00254$
      003C7C 13               [ 6] 9491 	inc	de
      003C7D                       9492 00254$:
      003C7D D5               [11] 9493 	push	de
      003C7E FD E1            [14] 9494 	pop	iy
      003C80 4D               [ 4] 9495 	ld	c, l
      003C81 44               [ 4] 9496 	ld	b, h
      003C82 CB 7A            [ 8] 9497 	bit	7, d
      003C84 28 1A            [12] 9498 	jr	Z, 00132$
      003C86 01 07 00         [10] 9499 	ld	bc, #0x7
      003C89 09               [11] 9500 	add	hl,bc
      003C8A 4D               [ 4] 9501 	ld	c, l
      003C8B 44               [ 4] 9502 	ld	b, h
      003C8C 7B               [ 4] 9503 	ld	a, e
      003C8D CE 00            [ 7] 9504 	adc	a, #0x00
      003C8F FD E5            [15] 9505 	push	iy
      003C91 DD 77 E9         [19] 9506 	ld	-23 (ix), a
      003C94 FD E1            [14] 9507 	pop	iy
      003C96 7A               [ 4] 9508 	ld	a, d
      003C97 CE 00            [ 7] 9509 	adc	a, #0x00
      003C99 FD E5            [15] 9510 	push	iy
      003C9B DD 77 EA         [19] 9511 	ld	-22 (ix), a
      003C9E FD E1            [14] 9512 	pop	iy
      003CA0                       9513 00132$:
      003CA0 CB 38            [ 8] 9514 	srl	b
      003CA2 CB 19            [ 8] 9515 	rr	c
      003CA4 CB 38            [ 8] 9516 	srl	b
      003CA6 CB 19            [ 8] 9517 	rr	c
      003CA8 CB 38            [ 8] 9518 	srl	b
      003CAA CB 19            [ 8] 9519 	rr	c
                                   9520 ;pocket_platformer.c:1511: unsigned char probes[3][2] = {
      003CAC DD 7E FD         [19] 9521 	ld	a, -3 (ix)
      003CAF DD 77 EF         [19] 9522 	ld	-17 (ix), a
      003CB2 DD 71 F0         [19] 9523 	ld	-16 (ix), c
      003CB5 DD 7E FE         [19] 9524 	ld	a, -2 (ix)
      003CB8 DD 77 F1         [19] 9525 	ld	-15 (ix), a
      003CBB DD 71 F2         [19] 9526 	ld	-14 (ix), c
      003CBE DD 7E FD         [19] 9527 	ld	a, -3 (ix)
      003CC1 DD 77 F3         [19] 9528 	ld	-13 (ix), a
      003CC4 DD 7E FF         [19] 9529 	ld	a, -1 (ix)
      003CC7 DD 77 F4         [19] 9530 	ld	-12 (ix), a
                                   9531 ;pocket_platformer.c:1517: for (c = 0; c < 3; c++) {
      003CCA DD 36 FF 00      [19] 9532 	ld	-1 (ix), #0x00
      003CCE                       9533 00119$:
                                   9534 ;pocket_platformer.c:1518: unsigned char tx = probes[c][0], ty = probes[c][1];
      003CCE DD 6E FF         [19] 9535 	ld	l, -1 (ix)
                                   9536 ;	spillPairReg hl
                                   9537 ;	spillPairReg hl
      003CD1 26 00            [ 7] 9538 	ld	h, #0x00
                                   9539 ;	spillPairReg hl
                                   9540 ;	spillPairReg hl
      003CD3 29               [11] 9541 	add	hl, hl
      003CD4 4D               [ 4] 9542 	ld	c, l
      003CD5 44               [ 4] 9543 	ld	b, h
      003CD6 21 04 00         [10] 9544 	ld	hl, #4
      003CD9 39               [11] 9545 	add	hl, sp
      003CDA 09               [11] 9546 	add	hl, bc
      003CDB 7E               [ 7] 9547 	ld	a, (hl)
      003CDC DD 77 FA         [19] 9548 	ld	-6 (ix), a
      003CDF 23               [ 6] 9549 	inc	hl
      003CE0 7E               [ 7] 9550 	ld	a, (hl)
                                   9551 ;pocket_platformer.c:1519: unsigned char t = get_tile(tx, ty);
      003CE1 DD 77 FB         [19] 9552 	ld	-5 (ix), a
      003CE4 6F               [ 4] 9553 	ld	l, a
                                   9554 ;	spillPairReg hl
                                   9555 ;	spillPairReg hl
      003CE5 DD 7E FA         [19] 9556 	ld	a, -6 (ix)
      003CE8 CDr2Er01         [17] 9557 	call	_get_tile
      003CEB DD 77 FC         [19] 9558 	ld	-4 (ix), a
                                   9559 ;pocket_platformer.c:1520: if (res_header->disp_vram_idx && t == res_header->disp_vram_idx)
      003CEE 2Ar00r00         [16] 9560 	ld	hl, (_res_header)
      003CF1 DD 75 FD         [19] 9561 	ld	-3 (ix), l
      003CF4 DD 74 FE         [19] 9562 	ld	-2 (ix), h
      003CF7 01 07 00         [10] 9563 	ld	bc,#7
      003CFA 09               [11] 9564 	add	hl,bc
      003CFB 4E               [ 7] 9565 	ld	c, (hl)
      003CFC 79               [ 4] 9566 	ld	a, c
      003CFD B7               [ 4] 9567 	or	a, a
      003CFE 28 11            [12] 9568 	jr	Z, 00109$
      003D00 DD 7E FC         [19] 9569 	ld	a, -4 (ix)
      003D03 91               [ 4] 9570 	sub	a, c
      003D04 20 0B            [12] 9571 	jr	NZ, 00109$
                                   9572 ;pocket_platformer.c:1521: disp_touch(tx, ty);
      003D06 DD 6E FB         [19] 9573 	ld	l, -5 (ix)
                                   9574 ;	spillPairReg hl
                                   9575 ;	spillPairReg hl
      003D09 DD 7E FA         [19] 9576 	ld	a, -6 (ix)
      003D0C CDr98r01         [17] 9577 	call	_disp_touch
      003D0F 18 40            [12] 9578 	jr	00120$
      003D11                       9579 00109$:
                                   9580 ;pocket_platformer.c:1522: else if (res_header->conn_vram_idx && t == res_header->conn_vram_idx)
      003D11 DD 4E FD         [19] 9581 	ld	c, -3 (ix)
      003D14 DD 46 FE         [19] 9582 	ld	b, -2 (ix)
      003D17 21 08 00         [10] 9583 	ld	hl, #8
      003D1A 09               [11] 9584 	add	hl, bc
      003D1B 4E               [ 7] 9585 	ld	c, (hl)
      003D1C 79               [ 4] 9586 	ld	a, c
      003D1D B7               [ 4] 9587 	or	a, a
      003D1E 28 11            [12] 9588 	jr	Z, 00105$
      003D20 DD 7E FC         [19] 9589 	ld	a, -4 (ix)
      003D23 91               [ 4] 9590 	sub	a, c
      003D24 20 0B            [12] 9591 	jr	NZ, 00105$
                                   9592 ;pocket_platformer.c:1523: disp_touch_connected(tx, ty);
      003D26 DD 6E FB         [19] 9593 	ld	l, -5 (ix)
                                   9594 ;	spillPairReg hl
                                   9595 ;	spillPairReg hl
      003D29 DD 7E FA         [19] 9596 	ld	a, -6 (ix)
      003D2C CDrE9r01         [17] 9597 	call	_disp_touch_connected
      003D2F 18 20            [12] 9598 	jr	00120$
      003D31                       9599 00105$:
                                   9600 ;pocket_platformer.c:1525: else if (res_header->fg_disp_vram_idx &&
      003D31 DD 4E FD         [19] 9601 	ld	c, -3 (ix)
      003D34 DD 46 FE         [19] 9602 	ld	b, -2 (ix)
      003D37 21 25 00         [10] 9603 	ld	hl, #37
      003D3A 09               [11] 9604 	add	hl, bc
      003D3B 7E               [ 7] 9605 	ld	a, (hl)
      003D3C B7               [ 4] 9606 	or	a, a
      003D3D 28 12            [12] 9607 	jr	Z, 00120$
                                   9608 ;pocket_platformer.c:1526: t == (res_header->fg_disp_vram_idx | 0x80))
      003D3F 4F               [ 4] 9609 	ld	c, a
      003D40 CB F9            [ 8] 9610 	set	7, c
      003D42 DD 7E FC         [19] 9611 	ld	a, -4 (ix)
      003D45 91               [ 4] 9612 	sub	a, c
      003D46 20 09            [12] 9613 	jr	NZ, 00120$
                                   9614 ;pocket_platformer.c:1527: fg_disp_touch_connected(tx, ty);
      003D48 DD 6E FB         [19] 9615 	ld	l, -5 (ix)
                                   9616 ;	spillPairReg hl
                                   9617 ;	spillPairReg hl
      003D4B DD 7E FA         [19] 9618 	ld	a, -6 (ix)
      003D4E CDrE0r02         [17] 9619 	call	_fg_disp_touch_connected
      003D51                       9620 00120$:
                                   9621 ;pocket_platformer.c:1517: for (c = 0; c < 3; c++) {
      003D51 DD 34 FF         [23] 9622 	inc	-1 (ix)
      003D54 DD 7E FF         [19] 9623 	ld	a, -1 (ix)
      003D57 D6 03            [ 7] 9624 	sub	a, #0x03
      003D59 DArCEr3C         [10] 9625 	jp	C, 00119$
                                   9626 ;pocket_platformer.c:1531: if (res_header->fg_disp_vram_idx) {
      003D5C FD 2Ar00r00      [20] 9627 	ld	iy, (_res_header)
      003D60 FD 7E 25         [19] 9628 	ld	a, 37 (iy)
      003D63 DD 77 FF         [19] 9629 	ld	-1 (ix), a
      003D66 B7               [ 4] 9630 	or	a, a
      003D67 CAr65r3F         [10] 9631 	jp	Z, 00127$
                                   9632 ;pocket_platformer.c:1532: unsigned char tx_l = (unsigned char)((player.x >> 8) / TILE_SIZE);
      003D6A 11r0Cr00         [10] 9633 	ld	de, #_player
      003D6D 21 11 00         [10] 9634 	ld	hl, #17
      003D70 39               [11] 9635 	add	hl, sp
      003D71 EB               [ 4] 9636 	ex	de, hl
      003D72 01 04 00         [10] 9637 	ld	bc, #0x0004
      003D75 ED B0            [21] 9638 	ldir
      003D77 DD 7E FC         [19] 9639 	ld	a, -4 (ix)
      003D7A DD 77 EB         [19] 9640 	ld	-21 (ix), a
      003D7D DD 7E FD         [19] 9641 	ld	a, -3 (ix)
      003D80 DD 77 EC         [19] 9642 	ld	-20 (ix), a
      003D83 DD 7E FE         [19] 9643 	ld	a, -2 (ix)
      003D86 DD 77 ED         [19] 9644 	ld	-19 (ix), a
      003D89 DD 7E FF         [19] 9645 	ld	a, -1 (ix)
      003D8C DD 77 EE         [19] 9646 	ld	-18 (ix), a
      003D8F 06 08            [ 7] 9647 	ld	b, #0x08
      003D91                       9648 00261$:
      003D91 DD CB EE 2E      [23] 9649 	sra	-18 (ix)
      003D95 DD CB ED 1E      [23] 9650 	rr	-19 (ix)
      003D99 DD CB EC 1E      [23] 9651 	rr	-20 (ix)
      003D9D DD CB EB 1E      [23] 9652 	rr	-21 (ix)
      003DA1 10 EE            [13] 9653 	djnz	00261$
      003DA3 21 11 00         [10] 9654 	ld	hl, #17
      003DA6 39               [11] 9655 	add	hl, sp
      003DA7 EB               [ 4] 9656 	ex	de, hl
      003DA8 21 00 00         [10] 9657 	ld	hl, #0
      003DAB 39               [11] 9658 	add	hl, sp
      003DAC 01 04 00         [10] 9659 	ld	bc, #4
      003DAF ED B0            [21] 9660 	ldir
      003DB1 DD CB EE 7E      [20] 9661 	bit	7, -18 (ix)
      003DB5 28 20            [12] 9662 	jr	Z, 00133$
      003DB7 DD 7E EB         [19] 9663 	ld	a, -21 (ix)
      003DBA C6 07            [ 7] 9664 	add	a, #0x07
      003DBC DD 77 FC         [19] 9665 	ld	-4 (ix), a
      003DBF DD 7E EC         [19] 9666 	ld	a, -20 (ix)
      003DC2 CE 00            [ 7] 9667 	adc	a, #0x00
      003DC4 DD 77 FD         [19] 9668 	ld	-3 (ix), a
      003DC7 DD 7E ED         [19] 9669 	ld	a, -19 (ix)
      003DCA CE 00            [ 7] 9670 	adc	a, #0x00
      003DCC DD 77 FE         [19] 9671 	ld	-2 (ix), a
      003DCF DD 7E EE         [19] 9672 	ld	a, -18 (ix)
      003DD2 CE 00            [ 7] 9673 	adc	a, #0x00
      003DD4 DD 77 FF         [19] 9674 	ld	-1 (ix), a
      003DD7                       9675 00133$:
      003DD7 DD 4E FC         [19] 9676 	ld	c, -4 (ix)
      003DDA DD 46 FD         [19] 9677 	ld	b, -3 (ix)
      003DDD DD 71 FE         [19] 9678 	ld	-2 (ix), c
      003DE0 DD 70 FF         [19] 9679 	ld	-1 (ix), b
      003DE3 DD CB FF 3E      [23] 9680 	srl	-1 (ix)
      003DE7 DD CB FE 1E      [23] 9681 	rr	-2 (ix)
      003DEB DD CB FF 3E      [23] 9682 	srl	-1 (ix)
      003DEF DD CB FE 1E      [23] 9683 	rr	-2 (ix)
      003DF3 DD CB FF 3E      [23] 9684 	srl	-1 (ix)
      003DF7 DD CB FE 1E      [23] 9685 	rr	-2 (ix)
      003DFB DD 7E FE         [19] 9686 	ld	a, -2 (ix)
      003DFE DD 77 F5         [19] 9687 	ld	-11 (ix), a
                                   9688 ;pocket_platformer.c:1533: unsigned char tx_r = (unsigned char)(((player.x >> 8) + PLAYER_W - 1) / TILE_SIZE);
      003E01 DD 7E EB         [19] 9689 	ld	a, -21 (ix)
      003E04 C6 05            [ 7] 9690 	add	a, #0x05
      003E06 DD 77 F8         [19] 9691 	ld	-8 (ix), a
      003E09 DD 7E EC         [19] 9692 	ld	a, -20 (ix)
      003E0C CE 00            [ 7] 9693 	adc	a, #0x00
      003E0E DD 77 F9         [19] 9694 	ld	-7 (ix), a
      003E11 DD 7E ED         [19] 9695 	ld	a, -19 (ix)
      003E14 CE 00            [ 7] 9696 	adc	a, #0x00
      003E16 DD 77 FA         [19] 9697 	ld	-6 (ix), a
      003E19 DD 7E EE         [19] 9698 	ld	a, -18 (ix)
      003E1C CE 00            [ 7] 9699 	adc	a, #0x00
      003E1E DD 77 FB         [19] 9700 	ld	-5 (ix), a
      003E21 21 11 00         [10] 9701 	ld	hl, #17
      003E24 39               [11] 9702 	add	hl, sp
      003E25 EB               [ 4] 9703 	ex	de, hl
      003E26 21 0D 00         [10] 9704 	ld	hl, #13
      003E29 39               [11] 9705 	add	hl, sp
      003E2A 01 04 00         [10] 9706 	ld	bc, #4
      003E2D ED B0            [21] 9707 	ldir
      003E2F DD CB FB 7E      [20] 9708 	bit	7, -5 (ix)
      003E33 28 20            [12] 9709 	jr	Z, 00134$
      003E35 DD 7E EB         [19] 9710 	ld	a, -21 (ix)
      003E38 C6 0C            [ 7] 9711 	add	a, #0x0c
      003E3A DD 77 FC         [19] 9712 	ld	-4 (ix), a
      003E3D DD 7E EC         [19] 9713 	ld	a, -20 (ix)
      003E40 CE 00            [ 7] 9714 	adc	a, #0x00
      003E42 DD 77 FD         [19] 9715 	ld	-3 (ix), a
      003E45 DD 7E ED         [19] 9716 	ld	a, -19 (ix)
      003E48 CE 00            [ 7] 9717 	adc	a, #0x00
      003E4A DD 77 FE         [19] 9718 	ld	-2 (ix), a
      003E4D DD 7E EE         [19] 9719 	ld	a, -18 (ix)
      003E50 CE 00            [ 7] 9720 	adc	a, #0x00
      003E52 DD 77 FF         [19] 9721 	ld	-1 (ix), a
      003E55                       9722 00134$:
      003E55 DD 7E FC         [19] 9723 	ld	a, -4 (ix)
      003E58 DD 77 FE         [19] 9724 	ld	-2 (ix), a
      003E5B DD 7E FD         [19] 9725 	ld	a, -3 (ix)
      003E5E DD 77 FF         [19] 9726 	ld	-1 (ix), a
      003E61 DD CB FF 3E      [23] 9727 	srl	-1 (ix)
      003E65 DD CB FE 1E      [23] 9728 	rr	-2 (ix)
      003E69 DD CB FF 3E      [23] 9729 	srl	-1 (ix)
      003E6D DD CB FE 1E      [23] 9730 	rr	-2 (ix)
      003E71 DD CB FF 3E      [23] 9731 	srl	-1 (ix)
      003E75 DD CB FE 1E      [23] 9732 	rr	-2 (ix)
      003E79 DD 7E FE         [19] 9733 	ld	a, -2 (ix)
      003E7C DD 77 F6         [19] 9734 	ld	-10 (ix), a
                                   9735 ;pocket_platformer.c:1534: unsigned char ty_t = (unsigned char)((player.y >> 8) / TILE_SIZE);
      003E7F 11r10r00         [10] 9736 	ld	de, #(_player + 4)
      003E82 21 11 00         [10] 9737 	ld	hl, #17
      003E85 39               [11] 9738 	add	hl, sp
      003E86 EB               [ 4] 9739 	ex	de, hl
      003E87 01 04 00         [10] 9740 	ld	bc, #0x0004
      003E8A ED B0            [21] 9741 	ldir
      003E8C DD 7E FC         [19] 9742 	ld	a, -4 (ix)
      003E8F DD 77 F7         [19] 9743 	ld	-9 (ix), a
      003E92 DD 7E FD         [19] 9744 	ld	a, -3 (ix)
      003E95 DD 77 F8         [19] 9745 	ld	-8 (ix), a
      003E98 DD 7E FE         [19] 9746 	ld	a, -2 (ix)
      003E9B DD 77 F9         [19] 9747 	ld	-7 (ix), a
      003E9E DD 7E FF         [19] 9748 	ld	a, -1 (ix)
      003EA1 DD 77 FA         [19] 9749 	ld	-6 (ix), a
      003EA4 06 08            [ 7] 9750 	ld	b, #0x08
      003EA6                       9751 00263$:
      003EA6 DD CB FA 2E      [23] 9752 	sra	-6 (ix)
      003EAA DD CB F9 1E      [23] 9753 	rr	-7 (ix)
      003EAE DD CB F8 1E      [23] 9754 	rr	-8 (ix)
      003EB2 DD CB F7 1E      [23] 9755 	rr	-9 (ix)
      003EB6 10 EE            [13] 9756 	djnz	00263$
      003EB8 21 00 00         [10] 9757 	ld	hl, #0
      003EBB 39               [11] 9758 	add	hl, sp
      003EBC EB               [ 4] 9759 	ex	de, hl
      003EBD 21 0C 00         [10] 9760 	ld	hl, #12
      003EC0 39               [11] 9761 	add	hl, sp
      003EC1 01 04 00         [10] 9762 	ld	bc, #4
      003EC4 ED B0            [21] 9763 	ldir
      003EC6 DD 7E F7         [19] 9764 	ld	a, -9 (ix)
      003EC9 C6 07            [ 7] 9765 	add	a, #0x07
      003ECB DD 77 FB         [19] 9766 	ld	-5 (ix), a
      003ECE DD 7E F8         [19] 9767 	ld	a, -8 (ix)
      003ED1 CE 00            [ 7] 9768 	adc	a, #0x00
      003ED3 DD 77 FC         [19] 9769 	ld	-4 (ix), a
      003ED6 DD 7E F9         [19] 9770 	ld	a, -7 (ix)
      003ED9 CE 00            [ 7] 9771 	adc	a, #0x00
      003EDB DD 77 FD         [19] 9772 	ld	-3 (ix), a
      003EDE DD 7E FA         [19] 9773 	ld	a, -6 (ix)
      003EE1 CE 00            [ 7] 9774 	adc	a, #0x00
      003EE3 DD 77 FE         [19] 9775 	ld	-2 (ix), a
      003EE6 DD CB FA 7E      [20] 9776 	bit	7, -6 (ix)
      003EEA 28 0E            [12] 9777 	jr	Z, 00135$
      003EEC 21 00 00         [10] 9778 	ld	hl, #0
      003EEF 39               [11] 9779 	add	hl, sp
      003EF0 EB               [ 4] 9780 	ex	de, hl
      003EF1 21 10 00         [10] 9781 	ld	hl, #16
      003EF4 39               [11] 9782 	add	hl, sp
      003EF5 01 04 00         [10] 9783 	ld	bc, #4
      003EF8 ED B0            [21] 9784 	ldir
      003EFA                       9785 00135$:
      003EFA C1               [10] 9786 	pop	bc
      003EFB C5               [11] 9787 	push	bc
      003EFC CB 38            [ 8] 9788 	srl	b
      003EFE CB 19            [ 8] 9789 	rr	c
      003F00 CB 38            [ 8] 9790 	srl	b
      003F02 CB 19            [ 8] 9791 	rr	c
      003F04 CB 38            [ 8] 9792 	srl	b
      003F06 CB 19            [ 8] 9793 	rr	c
      003F08 DD 71 FF         [19] 9794 	ld	-1 (ix), c
                                   9795 ;pocket_platformer.c:1535: unsigned char ty_b = (unsigned char)(((player.y >> 8) + PLAYER_H - 1) / TILE_SIZE);
      003F0B DD 4E FB         [19] 9796 	ld	c, -5 (ix)
      003F0E DD 46 FC         [19] 9797 	ld	b, -4 (ix)
      003F11 DD CB FE 7E      [20] 9798 	bit	7, -2 (ix)
      003F15 28 0C            [12] 9799 	jr	Z, 00136$
      003F17 DD 7E F7         [19] 9800 	ld	a, -9 (ix)
      003F1A C6 0E            [ 7] 9801 	add	a, #0x0e
      003F1C 4F               [ 4] 9802 	ld	c, a
      003F1D DD 7E F8         [19] 9803 	ld	a, -8 (ix)
      003F20 CE 00            [ 7] 9804 	adc	a, #0x00
      003F22 47               [ 4] 9805 	ld	b, a
      003F23                       9806 00136$:
      003F23 CB 38            [ 8] 9807 	srl	b
      003F25 CB 19            [ 8] 9808 	rr	c
      003F27 CB 38            [ 8] 9809 	srl	b
      003F29 CB 19            [ 8] 9810 	rr	c
      003F2B CB 38            [ 8] 9811 	srl	b
      003F2D CB 19            [ 8] 9812 	rr	c
      003F2F DD 71 FE         [19] 9813 	ld	-2 (ix), c
                                   9814 ;pocket_platformer.c:1537: for (bx = tx_l; bx <= tx_r; bx++) {
      003F32 DD 4E F5         [19] 9815 	ld	c, -11 (ix)
      003F35                       9816 00125$:
      003F35 DD 7E F6         [19] 9817 	ld	a, -10 (ix)
      003F38 91               [ 4] 9818 	sub	a, c
      003F39 38 2A            [12] 9819 	jr	C, 00127$
                                   9820 ;pocket_platformer.c:1538: for (by = ty_t; by <= ty_b; by++) {
      003F3B DD 46 FF         [19] 9821 	ld	b, -1 (ix)
      003F3E                       9822 00122$:
      003F3E DD 7E FE         [19] 9823 	ld	a, -2 (ix)
      003F41 90               [ 4] 9824 	sub	a, b
      003F42 38 1E            [12] 9825 	jr	C, 00126$
                                   9826 ;pocket_platformer.c:1539: unsigned char bt = get_tile(bx, by);
      003F44 C5               [11] 9827 	push	bc
      003F45 68               [ 4] 9828 	ld	l, b
                                   9829 ;	spillPairReg hl
                                   9830 ;	spillPairReg hl
      003F46 79               [ 4] 9831 	ld	a, c
      003F47 CDr2Er01         [17] 9832 	call	_get_tile
      003F4A C1               [10] 9833 	pop	bc
                                   9834 ;pocket_platformer.c:1540: if (bt == (res_header->fg_disp_vram_idx | 0x80))
      003F4B 2Ar00r00         [16] 9835 	ld	hl, (_res_header)
      003F4E 11 25 00         [10] 9836 	ld	de, #0x0025
      003F51 19               [11] 9837 	add	hl, de
      003F52 5E               [ 7] 9838 	ld	e, (hl)
      003F53 CB FB            [ 8] 9839 	set	7, e
      003F55 93               [ 4] 9840 	sub	a, e
      003F56 20 07            [12] 9841 	jr	NZ, 00123$
                                   9842 ;pocket_platformer.c:1541: fg_disp_touch_connected(bx, by);
      003F58 C5               [11] 9843 	push	bc
      003F59 68               [ 4] 9844 	ld	l, b
                                   9845 ;	spillPairReg hl
                                   9846 ;	spillPairReg hl
      003F5A 79               [ 4] 9847 	ld	a, c
      003F5B CDrE0r02         [17] 9848 	call	_fg_disp_touch_connected
      003F5E C1               [10] 9849 	pop	bc
      003F5F                       9850 00123$:
                                   9851 ;pocket_platformer.c:1538: for (by = ty_t; by <= ty_b; by++) {
      003F5F 04               [ 4] 9852 	inc	b
      003F60 18 DC            [12] 9853 	jr	00122$
      003F62                       9854 00126$:
                                   9855 ;pocket_platformer.c:1537: for (bx = tx_l; bx <= tx_r; bx++) {
      003F62 0C               [ 4] 9856 	inc	c
      003F63 18 D0            [12] 9857 	jr	00125$
      003F65                       9858 00127$:
                                   9859 ;pocket_platformer.c:1545: }
      003F65 DD F9            [10] 9860 	ld	sp, ix
      003F67 DD E1            [14] 9861 	pop	ix
      003F69 C9               [10] 9862 	ret
                                   9863 ;pocket_platformer.c:1547: static void update_disappearing_blocks(void) {
                                   9864 ;	---------------------------------
                                   9865 ; Function update_disappearing_blocks
                                   9866 ; ---------------------------------
      003F6A                       9867 _update_disappearing_blocks:
      003F6A DD E5            [15] 9868 	push	ix
      003F6C DD 21 00 00      [14] 9869 	ld	ix,#0
      003F70 DD 39            [15] 9870 	add	ix,sp
      003F72 21 E8 FF         [10] 9871 	ld	hl, #-24
      003F75 39               [11] 9872 	add	hl, sp
      003F76 F9               [ 6] 9873 	ld	sp, hl
                                   9874 ;pocket_platformer.c:1549: check_disp_touch();
      003F77 CDr47r3B         [17] 9875 	call	_check_disp_touch
                                   9876 ;pocket_platformer.c:1550: for (i = 0; i < MAX_DISP; i++) {
      003F7A DD 36 FF 00      [19] 9877 	ld	-1 (ix), #0x00
      003F7E                       9878 00125$:
                                   9879 ;pocket_platformer.c:1553: disp_entry *e = &disp_blocks[i];
      003F7E DD 7E FF         [19] 9880 	ld	a, -1 (ix)
      003F81 DD 77 FD         [19] 9881 	ld	-3 (ix), a
      003F84 DD 36 FE 00      [19] 9882 	ld	-2 (ix), #0x00
      003F88 DD 7E FD         [19] 9883 	ld	a, -3 (ix)
      003F8B DD 77 FB         [19] 9884 	ld	-5 (ix), a
      003F8E DD 7E FE         [19] 9885 	ld	a, -2 (ix)
      003F91 DD 77 FC         [19] 9886 	ld	-4 (ix), a
      003F94 06 02            [ 7] 9887 	ld	b, #0x02
      003F96                       9888 00269$:
      003F96 DD CB FB 26      [23] 9889 	sla	-5 (ix)
      003F9A DD CB FC 16      [23] 9890 	rl	-4 (ix)
      003F9E 10 F6            [13] 9891 	djnz	00269$
      003FA0 3ErB1            [ 7] 9892 	ld	a, #<(_disp_blocks)
      003FA2 DD 86 FB         [19] 9893 	add	a, -5 (ix)
      003FA5 DD 77 FD         [19] 9894 	ld	-3 (ix), a
      003FA8 3Es07            [ 7] 9895 	ld	a, #>(_disp_blocks)
      003FAA DD 8E FC         [19] 9896 	adc	a, -4 (ix)
      003FAD DD 77 FE         [19] 9897 	ld	-2 (ix), a
      003FB0 DD 7E FD         [19] 9898 	ld	a, -3 (ix)
      003FB3 DD 77 E8         [19] 9899 	ld	-24 (ix), a
      003FB6 DD 7E FE         [19] 9900 	ld	a, -2 (ix)
      003FB9 DD 77 E9         [19] 9901 	ld	-23 (ix), a
                                   9902 ;pocket_platformer.c:1554: if (!e->frame) continue;
      003FBC DD 7E E8         [19] 9903 	ld	a, -24 (ix)
      003FBF C6 02            [ 7] 9904 	add	a, #0x02
      003FC1 DD 77 EA         [19] 9905 	ld	-22 (ix), a
      003FC4 DD 7E E9         [19] 9906 	ld	a, -23 (ix)
      003FC7 CE 00            [ 7] 9907 	adc	a, #0x00
      003FC9 DD 77 EB         [19] 9908 	ld	-21 (ix), a
      003FCC DD 6E EA         [19] 9909 	ld	l, -22 (ix)
      003FCF DD 66 EB         [19] 9910 	ld	h, -21 (ix)
      003FD2 7E               [ 7] 9911 	ld	a, (hl)
      003FD3 DD 77 FE         [19] 9912 	ld	-2 (ix), a
      003FD6 B7               [ 4] 9913 	or	a, a
      003FD7 CAr21r42         [10] 9914 	jp	Z, 00110$
                                   9915 ;pocket_platformer.c:1556: e->frame++;
      003FDA DD 5E FE         [19] 9916 	ld	e, -2 (ix)
      003FDD 1C               [ 4] 9917 	inc	e
      003FDE C1               [10] 9918 	pop	bc
      003FDF E1               [10] 9919 	pop	hl
      003FE0 E5               [11] 9920 	push	hl
      003FE1 C5               [11] 9921 	push	bc
      003FE2 73               [ 7] 9922 	ld	(hl), e
                                   9923 ;pocket_platformer.c:1557: tx = e->tx; ty = e->ty;
      003FE3 E1               [10] 9924 	pop	hl
      003FE4 E5               [11] 9925 	push	hl
      003FE5 46               [ 7] 9926 	ld	b, (hl)
      003FE6 E1               [10] 9927 	pop	hl
      003FE7 E5               [11] 9928 	push	hl
      003FE8 23               [ 6] 9929 	inc	hl
      003FE9 4E               [ 7] 9930 	ld	c, (hl)
                                   9931 ;pocket_platformer.c:1558: scr_x = tx % SCREEN_TILES_W;
      003FEA 78               [ 4] 9932 	ld	a, b
      003FEB E6 1F            [ 7] 9933 	and	a, #0x1f
                                   9934 ;pocket_platformer.c:1559: scr_y = ty;
      003FED DD 71 EC         [19] 9935 	ld	-20 (ix), c
                                   9936 ;pocket_platformer.c:1561: if (e->frame == DISP_GONE_AT) {
      003FF0 DD 6E EA         [19] 9937 	ld	l, -22 (ix)
      003FF3 DD 66 EB         [19] 9938 	ld	h, -21 (ix)
      003FF6 6E               [ 7] 9939 	ld	l, (hl)
                                   9940 ;	spillPairReg hl
                                   9941 ;pocket_platformer.c:1563: SMS_setNextTileatXY(scr_x, scr_y);
      003FF7 16 00            [ 7] 9942 	ld	d, #0x00
      003FF9 DD 77 ED         [19] 9943 	ld	-19 (ix), a
      003FFC DD 72 EE         [19] 9944 	ld	-18 (ix), d
                                   9945 ;pocket_platformer.c:1561: if (e->frame == DISP_GONE_AT) {
      003FFF 7B               [ 4] 9946 	ld	a, e
      004000 D6 28            [ 7] 9947 	sub	a, #0x28
      004002 20 1C            [12] 9948 	jr	NZ, 00108$
                                   9949 ;pocket_platformer.c:1563: SMS_setNextTileatXY(scr_x, scr_y);
      004004 69               [ 4] 9950 	ld	l, c
                                   9951 ;	spillPairReg hl
                                   9952 ;	spillPairReg hl
      004005 26 00            [ 7] 9953 	ld	h, #0x00
                                   9954 ;	spillPairReg hl
                                   9955 ;	spillPairReg hl
      004007 29               [11] 9956 	add	hl, hl
      004008 29               [11] 9957 	add	hl, hl
      004009 29               [11] 9958 	add	hl, hl
      00400A 29               [11] 9959 	add	hl, hl
      00400B 29               [11] 9960 	add	hl, hl
      00400C DD 5E ED         [19] 9961 	ld	e, -19 (ix)
      00400F DD 56 EE         [19] 9962 	ld	d, -18 (ix)
      004012 19               [11] 9963 	add	hl, de
      004013 29               [11] 9964 	add	hl, hl
      004014 7C               [ 4] 9965 	ld	a, h
      004015 F6 78            [ 7] 9966 	or	a, #0x78
      004017 67               [ 4] 9967 	ld	h, a
                                   9968 ;	spillPairReg hl
                                   9969 ;	spillPairReg hl
      004018 CF               [11] 9970 	rst	#0x08
                                   9971 ;pocket_platformer.c:1564: SMS_setTile(0);
      004019 21 00 00         [10] 9972 	ld	hl, #0x0000
      00401C DF               [11] 9973 	rst	#0x18
      00401D C3r21r42         [10] 9974 	jp	00110$
      004020                       9975 00108$:
                                   9976 ;pocket_platformer.c:1566: else if (e->frame >= DISP_RESET_AT) {
      004020 7D               [ 4] 9977 	ld	a, l
      004021 D6 C8            [ 7] 9978 	sub	a, #0xc8
      004023 DAr21r42         [10] 9979 	jp	C, 00110$
                                   9980 ;pocket_platformer.c:1569: long bx = (long)tx * TILE_SIZE, by = (long)ty * TILE_SIZE;
      004026 68               [ 4] 9981 	ld	l, b
                                   9982 ;	spillPairReg hl
                                   9983 ;	spillPairReg hl
                                   9984 ;	spillPairReg hl
                                   9985 ;	spillPairReg hl
      004027 AF               [ 4] 9986 	xor	a, a
      004028 67               [ 4] 9987 	ld	h, a
      004029 5F               [ 4] 9988 	ld	e, a
      00402A 06 03            [ 7] 9989 	ld	b, #0x03
      00402C                       9990 00272$:
      00402C 29               [11] 9991 	add	hl, hl
      00402D 8F               [ 4] 9992 	adc	a, a
      00402E CB 13            [ 8] 9993 	rl	e
      004030 10 FA            [13] 9994 	djnz	00272$
      004032 DD 75 EF         [19] 9995 	ld	-17 (ix), l
      004035 DD 74 F0         [19] 9996 	ld	-16 (ix), h
      004038 DD 77 F1         [19] 9997 	ld	-15 (ix), a
      00403B DD 73 F2         [19] 9998 	ld	-14 (ix), e
      00403E 69               [ 4] 9999 	ld	l, c
                                  10000 ;	spillPairReg hl
                                  10001 ;	spillPairReg hl
                                  10002 ;	spillPairReg hl
                                  10003 ;	spillPairReg hl
      00403F AF               [ 4]10004 	xor	a, a
      004040 67               [ 4]10005 	ld	h, a
      004041 4F               [ 4]10006 	ld	c, a
      004042 06 03            [ 7]10007 	ld	b, #0x03
      004044                      10008 00274$:
      004044 29               [11]10009 	add	hl, hl
      004045 8F               [ 4]10010 	adc	a, a
      004046 CB 11            [ 8]10011 	rl	c
      004048 10 FA            [13]10012 	djnz	00274$
      00404A DD 75 F3         [19]10013 	ld	-13 (ix), l
      00404D DD 74 F4         [19]10014 	ld	-12 (ix), h
      004050 DD 77 F5         [19]10015 	ld	-11 (ix), a
      004053 DD 71 F6         [19]10016 	ld	-10 (ix), c
                                  10017 ;pocket_platformer.c:1570: long ppx = player.x >> 8, ppy = player.y >> 8;
      004056 ED 5Br0Cr00      [20]10018 	ld	de, (#_player + 0)
      00405A 2Ar0Er00         [16]10019 	ld	hl, (#_player + 2)
      00405D 06 08            [ 7]10020 	ld	b, #0x08
      00405F                      10021 00276$:
      00405F CB 2C            [ 8]10022 	sra	h
      004061 CB 1D            [ 8]10023 	rr	l
      004063 CB 1A            [ 8]10024 	rr	d
      004065 CB 1B            [ 8]10025 	rr	e
      004067 10 F6            [13]10026 	djnz	00276$
      004069 DD 73 F7         [19]10027 	ld	-9 (ix), e
      00406C DD 72 F8         [19]10028 	ld	-8 (ix), d
      00406F DD 75 F9         [19]10029 	ld	-7 (ix), l
      004072 DD 74 FA         [19]10030 	ld	-6 (ix), h
      004075 ED 5Br10r00      [20]10031 	ld	de, (#(_player + 4) + 0)
      004079 2Ar12r00         [16]10032 	ld	hl, (#(_player + 4) + 2)
      00407C 06 08            [ 7]10033 	ld	b, #0x08
      00407E                      10034 00278$:
      00407E CB 2C            [ 8]10035 	sra	h
      004080 CB 1D            [ 8]10036 	rr	l
      004082 CB 1A            [ 8]10037 	rr	d
      004084 CB 1B            [ 8]10038 	rr	e
      004086 10 F6            [13]10039 	djnz	00278$
      004088 DD 73 FB         [19]10040 	ld	-5 (ix), e
      00408B DD 72 FC         [19]10041 	ld	-4 (ix), d
      00408E DD 75 FD         [19]10042 	ld	-3 (ix), l
      004091 DD 74 FE         [19]10043 	ld	-2 (ix), h
                                  10044 ;pocket_platformer.c:1571: unsigned char on_top =
      004094 DD 7E F7         [19]10045 	ld	a, -9 (ix)
      004097 C6 06            [ 7]10046 	add	a, #0x06
      004099 4F               [ 4]10047 	ld	c, a
      00409A DD 7E F8         [19]10048 	ld	a, -8 (ix)
      00409D CE 00            [ 7]10049 	adc	a, #0x00
      00409F 47               [ 4]10050 	ld	b, a
      0040A0 DD 7E F9         [19]10051 	ld	a, -7 (ix)
      0040A3 CE 00            [ 7]10052 	adc	a, #0x00
      0040A5 5F               [ 4]10053 	ld	e, a
      0040A6 DD 7E FA         [19]10054 	ld	a, -6 (ix)
      0040A9 CE 00            [ 7]10055 	adc	a, #0x00
      0040AB 57               [ 4]10056 	ld	d, a
      0040AC DD 7E EF         [19]10057 	ld	a, -17 (ix)
      0040AF 91               [ 4]10058 	sub	a, c
      0040B0 DD 7E F0         [19]10059 	ld	a, -16 (ix)
      0040B3 98               [ 4]10060 	sbc	a, b
      0040B4 DD 7E F1         [19]10061 	ld	a, -15 (ix)
      0040B7 9B               [ 4]10062 	sbc	a, e
      0040B8 DD 7E F2         [19]10063 	ld	a, -14 (ix)
      0040BB 9A               [ 4]10064 	sbc	a, d
      0040BC E2rC1r40         [10]10065 	jp	PO, 00280$
      0040BF EE 80            [ 7]10066 	xor	a, #0x80
      0040C1                      10067 00280$:
      0040C1 F2r5Cr41         [10]10068 	jp	P, 00129$
      0040C4 DD 7E EF         [19]10069 	ld	a, -17 (ix)
      0040C7 C6 08            [ 7]10070 	add	a, #0x08
      0040C9 4F               [ 4]10071 	ld	c, a
      0040CA DD 7E F0         [19]10072 	ld	a, -16 (ix)
      0040CD CE 00            [ 7]10073 	adc	a, #0x00
      0040CF 47               [ 4]10074 	ld	b, a
      0040D0 DD 7E F1         [19]10075 	ld	a, -15 (ix)
      0040D3 CE 00            [ 7]10076 	adc	a, #0x00
      0040D5 5F               [ 4]10077 	ld	e, a
      0040D6 DD 7E F2         [19]10078 	ld	a, -14 (ix)
      0040D9 CE 00            [ 7]10079 	adc	a, #0x00
      0040DB 57               [ 4]10080 	ld	d, a
      0040DC DD 7E F7         [19]10081 	ld	a, -9 (ix)
      0040DF 91               [ 4]10082 	sub	a, c
      0040E0 DD 7E F8         [19]10083 	ld	a, -8 (ix)
      0040E3 98               [ 4]10084 	sbc	a, b
      0040E4 DD 7E F9         [19]10085 	ld	a, -7 (ix)
      0040E7 9B               [ 4]10086 	sbc	a, e
      0040E8 DD 7E FA         [19]10087 	ld	a, -6 (ix)
      0040EB 9A               [ 4]10088 	sbc	a, d
      0040EC E2rF1r40         [10]10089 	jp	PO, 00281$
      0040EF EE 80            [ 7]10090 	xor	a, #0x80
      0040F1                      10091 00281$:
      0040F1 F2r5Cr41         [10]10092 	jp	P, 00129$
      0040F4 DD 7E FB         [19]10093 	ld	a, -5 (ix)
      0040F7 C6 08            [ 7]10094 	add	a, #0x08
      0040F9 4F               [ 4]10095 	ld	c, a
      0040FA DD 7E FC         [19]10096 	ld	a, -4 (ix)
      0040FD CE 00            [ 7]10097 	adc	a, #0x00
      0040FF 47               [ 4]10098 	ld	b, a
      004100 DD 7E FD         [19]10099 	ld	a, -3 (ix)
      004103 CE 00            [ 7]10100 	adc	a, #0x00
      004105 5F               [ 4]10101 	ld	e, a
      004106 DD 7E FE         [19]10102 	ld	a, -2 (ix)
      004109 CE 00            [ 7]10103 	adc	a, #0x00
      00410B 57               [ 4]10104 	ld	d, a
      00410C 79               [ 4]10105 	ld	a, c
      00410D DD 96 F3         [19]10106 	sub	a, -13 (ix)
      004110 78               [ 4]10107 	ld	a, b
      004111 DD 9E F4         [19]10108 	sbc	a, -12 (ix)
      004114 7B               [ 4]10109 	ld	a, e
      004115 DD 9E F5         [19]10110 	sbc	a, -11 (ix)
      004118 7A               [ 4]10111 	ld	a, d
      004119 DD 9E F6         [19]10112 	sbc	a, -10 (ix)
      00411C E2r21r41         [10]10113 	jp	PO, 00282$
      00411F EE 80            [ 7]10114 	xor	a, #0x80
      004121                      10115 00282$:
      004121 FAr5Cr41         [10]10116 	jp	M, 00129$
      004124 DD 7E F3         [19]10117 	ld	a, -13 (ix)
      004127 C6 02            [ 7]10118 	add	a, #0x02
      004129 DD 77 FB         [19]10119 	ld	-5 (ix), a
      00412C DD 7E F4         [19]10120 	ld	a, -12 (ix)
      00412F CE 00            [ 7]10121 	adc	a, #0x00
      004131 DD 77 FC         [19]10122 	ld	-4 (ix), a
      004134 DD 7E F5         [19]10123 	ld	a, -11 (ix)
      004137 CE 00            [ 7]10124 	adc	a, #0x00
      004139 DD 77 FD         [19]10125 	ld	-3 (ix), a
      00413C DD 7E F6         [19]10126 	ld	a, -10 (ix)
      00413F CE 00            [ 7]10127 	adc	a, #0x00
      004141 DD 77 FE         [19]10128 	ld	-2 (ix), a
      004144 DD 7E FB         [19]10129 	ld	a, -5 (ix)
      004147 91               [ 4]10130 	sub	a, c
      004148 DD 7E FC         [19]10131 	ld	a, -4 (ix)
      00414B 98               [ 4]10132 	sbc	a, b
      00414C DD 7E FD         [19]10133 	ld	a, -3 (ix)
      00414F 9B               [ 4]10134 	sbc	a, e
      004150 DD 7E FE         [19]10135 	ld	a, -2 (ix)
      004153 9A               [ 4]10136 	sbc	a, d
      004154 E2r59r41         [10]10137 	jp	PO, 00283$
      004157 EE 80            [ 7]10138 	xor	a, #0x80
      004159                      10139 00283$:
      004159 F2r62r41         [10]10140 	jp	P, 00130$
      00415C                      10141 00129$:
      00415C DD 36 FE 00      [19]10142 	ld	-2 (ix), #0x00
      004160 18 04            [12]10143 	jr	00131$
      004162                      10144 00130$:
      004162 DD 36 FE 01      [19]10145 	ld	-2 (ix), #0x01
      004166                      10146 00131$:
      004166 DD 7E FE         [19]10147 	ld	a, -2 (ix)
                                  10148 ;pocket_platformer.c:1574: if (!on_top) {
      004169 B7               [ 4]10149 	or	a, a
      00416A C2r21r42         [10]10150 	jp	NZ, 00110$
                                  10151 ;pocket_platformer.c:1575: unsigned char orig_vram = e->is_connected
      00416D E1               [10]10152 	pop	hl
      00416E E5               [11]10153 	push	hl
      00416F 23               [ 6]10154 	inc	hl
      004170 23               [ 6]10155 	inc	hl
      004171 23               [ 6]10156 	inc	hl
      004172 4E               [ 7]10157 	ld	c, (hl)
      004173 2Ar00r00         [16]10158 	ld	hl, (_res_header)
      004176 DD 75 FD         [19]10159 	ld	-3 (ix), l
      004179 DD 74 FE         [19]10160 	ld	-2 (ix), h
      00417C 79               [ 4]10161 	ld	a, c
      00417D B7               [ 4]10162 	or	a, a
      00417E 28 10            [12]10163 	jr	Z, 00138$
      004180 DD 6E FD         [19]10164 	ld	l, -3 (ix)
      004183 DD 66 FE         [19]10165 	ld	h, -2 (ix)
      004186 11 08 00         [10]10166 	ld	de, #0x0008
      004189 19               [11]10167 	add	hl, de
      00418A 7E               [ 7]10168 	ld	a, (hl)
      00418B DD 77 FE         [19]10169 	ld	-2 (ix), a
      00418E 18 0E            [12]10170 	jr	00139$
      004190                      10171 00138$:
      004190 DD 5E FD         [19]10172 	ld	e, -3 (ix)
      004193 DD 56 FE         [19]10173 	ld	d, -2 (ix)
      004196 21 07 00         [10]10174 	ld	hl, #7
      004199 19               [11]10175 	add	hl, de
      00419A 7E               [ 7]10176 	ld	a, (hl)
      00419B DD 77 FE         [19]10177 	ld	-2 (ix), a
      00419E                      10178 00139$:
      00419E DD 4E FE         [19]10179 	ld	c, -2 (ix)
                                  10180 ;pocket_platformer.c:1578: vt = orig_vram ? (unsigned int)(VRAM_BG_BASE + orig_vram - 1) : 0u;
      0041A1 DD 7E FE         [19]10181 	ld	a, -2 (ix)
      0041A4 B7               [ 4]10182 	or	a, a
      0041A5 28 09            [12]10183 	jr	Z, 00140$
      0041A7 AF               [ 4]10184 	xor	a, a
      0041A8 DD 71 FD         [19]10185 	ld	-3 (ix), c
      0041AB DD 77 FE         [19]10186 	ld	-2 (ix), a
      0041AE 18 07            [12]10187 	jr	00141$
      0041B0                      10188 00140$:
      0041B0 AF               [ 4]10189 	xor	a, a
      0041B1 DD 77 FD         [19]10190 	ld	-3 (ix), a
      0041B4 DD 77 FE         [19]10191 	ld	-2 (ix), a
      0041B7                      10192 00141$:
      0041B7 DD 7E FD         [19]10193 	ld	a, -3 (ix)
      0041BA DD 77 FB         [19]10194 	ld	-5 (ix), a
      0041BD DD 7E FE         [19]10195 	ld	a, -2 (ix)
      0041C0 DD 77 FC         [19]10196 	ld	-4 (ix), a
                                  10197 ;pocket_platformer.c:1579: SMS_setNextTileatXY(scr_x, scr_y);
      0041C3 DD 7E EC         [19]10198 	ld	a, -20 (ix)
      0041C6 DD 77 FD         [19]10199 	ld	-3 (ix), a
      0041C9 DD 36 FE 00      [19]10200 	ld	-2 (ix), #0x00
      0041CD 06 05            [ 7]10201 	ld	b, #0x05
      0041CF                      10202 00284$:
      0041CF DD CB FD 26      [23]10203 	sla	-3 (ix)
      0041D3 DD CB FE 16      [23]10204 	rl	-2 (ix)
      0041D7 10 F6            [13]10205 	djnz	00284$
      0041D9 DD 7E FD         [19]10206 	ld	a, -3 (ix)
      0041DC DD 86 ED         [19]10207 	add	a, -19 (ix)
      0041DF DD 77 F9         [19]10208 	ld	-7 (ix), a
      0041E2 DD 7E FE         [19]10209 	ld	a, -2 (ix)
      0041E5 DD 8E EE         [19]10210 	adc	a, -18 (ix)
      0041E8 DD 77 FA         [19]10211 	ld	-6 (ix), a
      0041EB DD 7E F9         [19]10212 	ld	a, -7 (ix)
      0041EE DD 77 FD         [19]10213 	ld	-3 (ix), a
      0041F1 DD 7E FA         [19]10214 	ld	a, -6 (ix)
      0041F4 DD 77 FE         [19]10215 	ld	-2 (ix), a
      0041F7 DD CB FD 26      [23]10216 	sla	-3 (ix)
      0041FB DD CB FE 16      [23]10217 	rl	-2 (ix)
      0041FF DD 7E FD         [19]10218 	ld	a, -3 (ix)
      004202 DD 77 F9         [19]10219 	ld	-7 (ix), a
      004205 DD 7E FE         [19]10220 	ld	a, -2 (ix)
      004208 F6 78            [ 7]10221 	or	a, #0x78
      00420A DD 77 FA         [19]10222 	ld	-6 (ix), a
      00420D DD 6E F9         [19]10223 	ld	l, -7 (ix)
                                  10224 ;	spillPairReg hl
                                  10225 ;	spillPairReg hl
      004210 DD 66 FA         [19]10226 	ld	h, -6 (ix)
                                  10227 ;	spillPairReg hl
                                  10228 ;	spillPairReg hl
      004213 CF               [11]10229 	rst	#0x08
                                  10230 ;pocket_platformer.c:1580: SMS_setTile(vt);
      004214 DD 6E FB         [19]10231 	ld	l, -5 (ix)
                                  10232 ;	spillPairReg hl
                                  10233 ;	spillPairReg hl
      004217 DD 66 FC         [19]10234 	ld	h, -4 (ix)
                                  10235 ;	spillPairReg hl
                                  10236 ;	spillPairReg hl
      00421A DF               [11]10237 	rst	#0x18
                                  10238 ;pocket_platformer.c:1581: e->frame = 0;
      00421B C1               [10]10239 	pop	bc
      00421C E1               [10]10240 	pop	hl
      00421D E5               [11]10241 	push	hl
      00421E C5               [11]10242 	push	bc
      00421F 36 00            [10]10243 	ld	(hl), #0x00
      004221                      10244 00110$:
                                  10245 ;pocket_platformer.c:1550: for (i = 0; i < MAX_DISP; i++) {
      004221 DD 34 FF         [23]10246 	inc	-1 (ix)
      004224 DD 7E FF         [19]10247 	ld	a, -1 (ix)
      004227 D6 10            [ 7]10248 	sub	a, #0x10
      004229 DAr7Er3F         [10]10249 	jp	C, 00125$
                                  10250 ;pocket_platformer.c:1586: if (res_header->fg_disp_vram_idx) {
      00422C 2Ar00r00         [16]10251 	ld	hl, (_res_header)
      00422F 11 25 00         [10]10252 	ld	de, #0x0025
      004232 19               [11]10253 	add	hl, de
      004233 7E               [ 7]10254 	ld	a, (hl)
      004234 B7               [ 4]10255 	or	a, a
      004235 CArA1r44         [10]10256 	jp	Z, 00127$
                                  10257 ;pocket_platformer.c:1588: for (j = 0; j < MAX_FG_DISP; j++) {
      004238 DD 36 FF 00      [19]10258 	ld	-1 (ix), #0x00
      00423C                      10259 00126$:
                                  10260 ;pocket_platformer.c:1590: fg_disp_entry *e = &fg_disp_blocks[j];
      00423C DD 4E FF         [19]10261 	ld	c, -1 (ix)
      00423F 06 00            [ 7]10262 	ld	b, #0x00
      004241 69               [ 4]10263 	ld	l, c
      004242 60               [ 4]10264 	ld	h, b
      004243 29               [11]10265 	add	hl, hl
      004244 09               [11]10266 	add	hl, bc
      004245 11rF1r07         [10]10267 	ld	de, #_fg_disp_blocks
      004248 19               [11]10268 	add	hl, de
      004249 DD 75 FD         [19]10269 	ld	-3 (ix), l
      00424C DD 74 FE         [19]10270 	ld	-2 (ix), h
                                  10271 ;pocket_platformer.c:1591: if (!e->frame) continue;
      00424F DD 7E FD         [19]10272 	ld	a, -3 (ix)
      004252 C6 02            [ 7]10273 	add	a, #0x02
      004254 DD 77 EA         [19]10274 	ld	-22 (ix), a
      004257 DD 7E FE         [19]10275 	ld	a, -2 (ix)
      00425A CE 00            [ 7]10276 	adc	a, #0x00
      00425C DD 77 EB         [19]10277 	ld	-21 (ix), a
      00425F DD 6E EA         [19]10278 	ld	l, -22 (ix)
      004262 DD 66 EB         [19]10279 	ld	h, -21 (ix)
      004265 4E               [ 7]10280 	ld	c, (hl)
      004266 79               [ 4]10281 	ld	a, c
      004267 B7               [ 4]10282 	or	a, a
      004268 CAr96r44         [10]10283 	jp	Z, 00121$
                                  10284 ;pocket_platformer.c:1592: e->frame++;
      00426B 0C               [ 4]10285 	inc	c
      00426C D1               [10]10286 	pop	de
      00426D E1               [10]10287 	pop	hl
      00426E E5               [11]10288 	push	hl
      00426F D5               [11]10289 	push	de
      004270 71               [ 7]10290 	ld	(hl), c
                                  10291 ;pocket_platformer.c:1593: tx = e->tx; ty = e->ty;
      004271 DD 6E FD         [19]10292 	ld	l, -3 (ix)
      004274 DD 66 FE         [19]10293 	ld	h, -2 (ix)
      004277 5E               [ 7]10294 	ld	e, (hl)
      004278 DD 6E FD         [19]10295 	ld	l, -3 (ix)
                                  10296 ;	spillPairReg hl
                                  10297 ;	spillPairReg hl
      00427B DD 66 FE         [19]10298 	ld	h, -2 (ix)
                                  10299 ;	spillPairReg hl
                                  10300 ;	spillPairReg hl
      00427E 23               [ 6]10301 	inc	hl
      00427F 7E               [ 7]10302 	ld	a, (hl)
      004280 DD 77 FE         [19]10303 	ld	-2 (ix), a
                                  10304 ;pocket_platformer.c:1594: scr_x = tx % SCREEN_TILES_W;
      004283 7B               [ 4]10305 	ld	a, e
      004284 E6 1F            [ 7]10306 	and	a, #0x1f
                                  10307 ;pocket_platformer.c:1595: scr_y = ty;
      004286 F5               [11]10308 	push	af
      004287 DD 7E FE         [19]10309 	ld	a, -2 (ix)
      00428A DD 77 EC         [19]10310 	ld	-20 (ix), a
      00428D F1               [10]10311 	pop	af
                                  10312 ;pocket_platformer.c:1596: if (e->frame == FG_DISP_GONE_AT) {
      00428E DD 6E EA         [19]10313 	ld	l, -22 (ix)
      004291 DD 66 EB         [19]10314 	ld	h, -21 (ix)
      004294 6E               [ 7]10315 	ld	l, (hl)
                                  10316 ;	spillPairReg hl
                                  10317 ;pocket_platformer.c:1598: SMS_setNextTileatXY(scr_x, scr_y);
      004295 06 00            [ 7]10318 	ld	b, #0x00
      004297 DD 77 ED         [19]10319 	ld	-19 (ix), a
      00429A DD 70 EE         [19]10320 	ld	-18 (ix), b
                                  10321 ;pocket_platformer.c:1596: if (e->frame == FG_DISP_GONE_AT) {
      00429D 79               [ 4]10322 	ld	a, c
      00429E D6 05            [ 7]10323 	sub	a, #0x05
      0042A0 20 1E            [12]10324 	jr	NZ, 00119$
                                  10325 ;pocket_platformer.c:1598: SMS_setNextTileatXY(scr_x, scr_y);
      0042A2 DD 6E FE         [19]10326 	ld	l, -2 (ix)
                                  10327 ;	spillPairReg hl
                                  10328 ;	spillPairReg hl
      0042A5 26 00            [ 7]10329 	ld	h, #0x00
                                  10330 ;	spillPairReg hl
                                  10331 ;	spillPairReg hl
      0042A7 29               [11]10332 	add	hl, hl
      0042A8 29               [11]10333 	add	hl, hl
      0042A9 29               [11]10334 	add	hl, hl
      0042AA 29               [11]10335 	add	hl, hl
      0042AB 29               [11]10336 	add	hl, hl
      0042AC DD 5E ED         [19]10337 	ld	e, -19 (ix)
      0042AF DD 56 EE         [19]10338 	ld	d, -18 (ix)
      0042B2 19               [11]10339 	add	hl, de
      0042B3 29               [11]10340 	add	hl, hl
      0042B4 7C               [ 4]10341 	ld	a, h
      0042B5 F6 78            [ 7]10342 	or	a, #0x78
      0042B7 67               [ 4]10343 	ld	h, a
                                  10344 ;	spillPairReg hl
                                  10345 ;	spillPairReg hl
      0042B8 CF               [11]10346 	rst	#0x08
                                  10347 ;pocket_platformer.c:1599: SMS_setTile(0);
      0042B9 21 00 00         [10]10348 	ld	hl, #0x0000
      0042BC DF               [11]10349 	rst	#0x18
      0042BD C3r96r44         [10]10350 	jp	00121$
      0042C0                      10351 00119$:
                                  10352 ;pocket_platformer.c:1600: } else if (e->frame >= FG_DISP_RESET_AT) {
      0042C0 7D               [ 4]10353 	ld	a, l
      0042C1 D6 78            [ 7]10354 	sub	a, #0x78
      0042C3 DAr96r44         [10]10355 	jp	C, 00121$
                                  10356 ;pocket_platformer.c:1602: long bx = (long)tx * TILE_SIZE, by = (long)ty * TILE_SIZE;
      0042C6 4B               [ 4]10357 	ld	c, e
      0042C7 06 00            [ 7]10358 	ld	b, #0x00
      0042C9 11 00 00         [10]10359 	ld	de, #0x0000
      0042CC 3E 03            [ 7]10360 	ld	a, #0x03
      0042CE                      10361 00288$:
      0042CE CB 21            [ 8]10362 	sla	c
      0042D0 CB 10            [ 8]10363 	rl	b
      0042D2 CB 13            [ 8]10364 	rl	e
      0042D4 CB 12            [ 8]10365 	rl	d
      0042D6 3D               [ 4]10366 	dec	a
      0042D7 20 F5            [12]10367 	jr	NZ,00288$
      0042D9 DD 7E FE         [19]10368 	ld	a, -2 (ix)
      0042DC DD 77 FB         [19]10369 	ld	-5 (ix), a
      0042DF AF               [ 4]10370 	xor	a, a
      0042E0 DD 77 FC         [19]10371 	ld	-4 (ix), a
      0042E3 DD 77 FD         [19]10372 	ld	-3 (ix), a
      0042E6 DD 77 FE         [19]10373 	ld	-2 (ix), a
      0042E9 F5               [11]10374 	push	af
      0042EA DD 7E FB         [19]10375 	ld	a, -5 (ix)
      0042ED DD 77 EF         [19]10376 	ld	-17 (ix), a
      0042F0 DD 7E FC         [19]10377 	ld	a, -4 (ix)
      0042F3 DD 77 F0         [19]10378 	ld	-16 (ix), a
      0042F6 DD 7E FD         [19]10379 	ld	a, -3 (ix)
      0042F9 DD 77 F1         [19]10380 	ld	-15 (ix), a
      0042FC DD 7E FE         [19]10381 	ld	a, -2 (ix)
      0042FF DD 77 F2         [19]10382 	ld	-14 (ix), a
      004302 F1               [10]10383 	pop	af
      004303 3E 03            [ 7]10384 	ld	a, #0x03
      004305                      10385 00290$:
      004305 DD CB EF 26      [23]10386 	sla	-17 (ix)
      004309 DD CB F0 16      [23]10387 	rl	-16 (ix)
      00430D DD CB F1 16      [23]10388 	rl	-15 (ix)
      004311 DD CB F2 16      [23]10389 	rl	-14 (ix)
      004315 3D               [ 4]10390 	dec	a
      004316 20 ED            [12]10391 	jr	NZ,00290$
                                  10392 ;pocket_platformer.c:1603: long ppx = player.x >> 8, ppy = player.y >> 8;
      004318 D5               [11]10393 	push	de
      004319 C5               [11]10394 	push	bc
      00431A 11r0Cr00         [10]10395 	ld	de, #_player
      00431D 21 17 00         [10]10396 	ld	hl, #23
      004320 39               [11]10397 	add	hl, sp
      004321 EB               [ 4]10398 	ex	de, hl
      004322 01 04 00         [10]10399 	ld	bc, #0x0004
      004325 ED B0            [21]10400 	ldir
      004327 C1               [10]10401 	pop	bc
      004328 D1               [10]10402 	pop	de
      004329 DD 7E FB         [19]10403 	ld	a, -5 (ix)
      00432C DD 77 F3         [19]10404 	ld	-13 (ix), a
      00432F DD 7E FC         [19]10405 	ld	a, -4 (ix)
      004332 DD 77 F4         [19]10406 	ld	-12 (ix), a
      004335 DD 7E FD         [19]10407 	ld	a, -3 (ix)
      004338 DD 77 F5         [19]10408 	ld	-11 (ix), a
      00433B DD 7E FE         [19]10409 	ld	a, -2 (ix)
      00433E DD 77 F6         [19]10410 	ld	-10 (ix), a
      004341 3E 08            [ 7]10411 	ld	a, #0x08
      004343                      10412 00292$:
      004343 DD CB F6 2E      [23]10413 	sra	-10 (ix)
      004347 DD CB F5 1E      [23]10414 	rr	-11 (ix)
      00434B DD CB F4 1E      [23]10415 	rr	-12 (ix)
      00434F DD CB F3 1E      [23]10416 	rr	-13 (ix)
      004353 3D               [ 4]10417 	dec	a
      004354 20 ED            [12]10418 	jr	NZ, 00292$
      004356 D5               [11]10419 	push	de
      004357 C5               [11]10420 	push	bc
      004358 11r10r00         [10]10421 	ld	de, #(_player + 4)
      00435B 21 17 00         [10]10422 	ld	hl, #23
      00435E 39               [11]10423 	add	hl, sp
      00435F EB               [ 4]10424 	ex	de, hl
      004360 01 04 00         [10]10425 	ld	bc, #0x0004
      004363 ED B0            [21]10426 	ldir
      004365 C1               [10]10427 	pop	bc
      004366 D1               [10]10428 	pop	de
      004367 DD 7E FB         [19]10429 	ld	a, -5 (ix)
      00436A DD 77 F7         [19]10430 	ld	-9 (ix), a
      00436D DD 7E FC         [19]10431 	ld	a, -4 (ix)
      004370 DD 77 F8         [19]10432 	ld	-8 (ix), a
      004373 DD 7E FD         [19]10433 	ld	a, -3 (ix)
      004376 DD 77 F9         [19]10434 	ld	-7 (ix), a
      004379 DD 7E FE         [19]10435 	ld	a, -2 (ix)
      00437C DD 77 FA         [19]10436 	ld	-6 (ix), a
      00437F 3E 08            [ 7]10437 	ld	a, #0x08
      004381                      10438 00294$:
      004381 DD CB FA 2E      [23]10439 	sra	-6 (ix)
      004385 DD CB F9 1E      [23]10440 	rr	-7 (ix)
      004389 DD CB F8 1E      [23]10441 	rr	-8 (ix)
      00438D DD CB F7 1E      [23]10442 	rr	-9 (ix)
      004391 3D               [ 4]10443 	dec	a
      004392 20 ED            [12]10444 	jr	NZ, 00294$
                                  10445 ;pocket_platformer.c:1604: unsigned char overlap =
      004394 DD 7E F3         [19]10446 	ld	a, -13 (ix)
      004397 C6 06            [ 7]10447 	add	a, #0x06
      004399 DD 77 FB         [19]10448 	ld	-5 (ix), a
      00439C DD 7E F4         [19]10449 	ld	a, -12 (ix)
      00439F CE 00            [ 7]10450 	adc	a, #0x00
      0043A1 DD 77 FC         [19]10451 	ld	-4 (ix), a
      0043A4 DD 7E F5         [19]10452 	ld	a, -11 (ix)
      0043A7 CE 00            [ 7]10453 	adc	a, #0x00
      0043A9 DD 77 FD         [19]10454 	ld	-3 (ix), a
      0043AC DD 7E F6         [19]10455 	ld	a, -10 (ix)
      0043AF CE 00            [ 7]10456 	adc	a, #0x00
      0043B1 DD 77 FE         [19]10457 	ld	-2 (ix), a
      0043B4 79               [ 4]10458 	ld	a, c
      0043B5 DD 96 FB         [19]10459 	sub	a, -5 (ix)
      0043B8 78               [ 4]10460 	ld	a, b
      0043B9 DD 9E FC         [19]10461 	sbc	a, -4 (ix)
      0043BC 7B               [ 4]10462 	ld	a, e
      0043BD DD 9E FD         [19]10463 	sbc	a, -3 (ix)
      0043C0 7A               [ 4]10464 	ld	a, d
      0043C1 DD 9E FE         [19]10465 	sbc	a, -2 (ix)
      0043C4 E2rC9r43         [10]10466 	jp	PO, 00296$
      0043C7 EE 80            [ 7]10467 	xor	a, #0x80
      0043C9                      10468 00296$:
      0043C9 F2r64r44         [10]10469 	jp	P, 00142$
      0043CC 79               [ 4]10470 	ld	a, c
      0043CD C6 08            [ 7]10471 	add	a, #0x08
      0043CF DD 77 FB         [19]10472 	ld	-5 (ix), a
      0043D2 78               [ 4]10473 	ld	a, b
      0043D3 CE 00            [ 7]10474 	adc	a, #0x00
      0043D5 DD 77 FC         [19]10475 	ld	-4 (ix), a
      0043D8 7B               [ 4]10476 	ld	a, e
      0043D9 CE 00            [ 7]10477 	adc	a, #0x00
      0043DB DD 77 FD         [19]10478 	ld	-3 (ix), a
      0043DE 7A               [ 4]10479 	ld	a, d
      0043DF CE 00            [ 7]10480 	adc	a, #0x00
      0043E1 DD 77 FE         [19]10481 	ld	-2 (ix), a
      0043E4 DD 7E F3         [19]10482 	ld	a, -13 (ix)
      0043E7 DD 96 FB         [19]10483 	sub	a, -5 (ix)
      0043EA DD 7E F4         [19]10484 	ld	a, -12 (ix)
      0043ED DD 9E FC         [19]10485 	sbc	a, -4 (ix)
      0043F0 DD 7E F5         [19]10486 	ld	a, -11 (ix)
      0043F3 DD 9E FD         [19]10487 	sbc	a, -3 (ix)
      0043F6 DD 7E F6         [19]10488 	ld	a, -10 (ix)
      0043F9 DD 9E FE         [19]10489 	sbc	a, -2 (ix)
      0043FC E2r01r44         [10]10490 	jp	PO, 00297$
      0043FF EE 80            [ 7]10491 	xor	a, #0x80
      004401                      10492 00297$:
      004401 F2r64r44         [10]10493 	jp	P, 00142$
      004404 DD 7E F7         [19]10494 	ld	a, -9 (ix)
      004407 C6 08            [ 7]10495 	add	a, #0x08
      004409 4F               [ 4]10496 	ld	c, a
      00440A DD 7E F8         [19]10497 	ld	a, -8 (ix)
      00440D CE 00            [ 7]10498 	adc	a, #0x00
      00440F 47               [ 4]10499 	ld	b, a
      004410 DD 7E F9         [19]10500 	ld	a, -7 (ix)
      004413 CE 00            [ 7]10501 	adc	a, #0x00
      004415 5F               [ 4]10502 	ld	e, a
      004416 DD 7E FA         [19]10503 	ld	a, -6 (ix)
      004419 CE 00            [ 7]10504 	adc	a, #0x00
      00441B 57               [ 4]10505 	ld	d, a
      00441C DD 7E EF         [19]10506 	ld	a, -17 (ix)
      00441F 91               [ 4]10507 	sub	a, c
      004420 DD 7E F0         [19]10508 	ld	a, -16 (ix)
      004423 98               [ 4]10509 	sbc	a, b
      004424 DD 7E F1         [19]10510 	ld	a, -15 (ix)
      004427 9B               [ 4]10511 	sbc	a, e
      004428 DD 7E F2         [19]10512 	ld	a, -14 (ix)
      00442B 9A               [ 4]10513 	sbc	a, d
      00442C E2r31r44         [10]10514 	jp	PO, 00298$
      00442F EE 80            [ 7]10515 	xor	a, #0x80
      004431                      10516 00298$:
      004431 F2r64r44         [10]10517 	jp	P, 00142$
      004434 DD 7E EF         [19]10518 	ld	a, -17 (ix)
      004437 C6 08            [ 7]10519 	add	a, #0x08
      004439 4F               [ 4]10520 	ld	c, a
      00443A DD 7E F0         [19]10521 	ld	a, -16 (ix)
      00443D CE 00            [ 7]10522 	adc	a, #0x00
      00443F 47               [ 4]10523 	ld	b, a
      004440 DD 7E F1         [19]10524 	ld	a, -15 (ix)
      004443 CE 00            [ 7]10525 	adc	a, #0x00
      004445 5F               [ 4]10526 	ld	e, a
      004446 DD 7E F2         [19]10527 	ld	a, -14 (ix)
      004449 CE 00            [ 7]10528 	adc	a, #0x00
      00444B 57               [ 4]10529 	ld	d, a
      00444C DD 7E F7         [19]10530 	ld	a, -9 (ix)
      00444F 91               [ 4]10531 	sub	a, c
      004450 DD 7E F8         [19]10532 	ld	a, -8 (ix)
      004453 98               [ 4]10533 	sbc	a, b
      004454 DD 7E F9         [19]10534 	ld	a, -7 (ix)
      004457 9B               [ 4]10535 	sbc	a, e
      004458 DD 7E FA         [19]10536 	ld	a, -6 (ix)
      00445B 9A               [ 4]10537 	sbc	a, d
      00445C E2r61r44         [10]10538 	jp	PO, 00299$
      00445F EE 80            [ 7]10539 	xor	a, #0x80
      004461                      10540 00299$:
      004461 FAr67r44         [10]10541 	jp	M, 00143$
      004464                      10542 00142$:
      004464 AF               [ 4]10543 	xor	a, a
      004465 18 02            [12]10544 	jr	00144$
      004467                      10545 00143$:
      004467 3E 01            [ 7]10546 	ld	a, #0x01
      004469                      10547 00144$:
                                  10548 ;pocket_platformer.c:1607: if (!overlap) {
      004469 B7               [ 4]10549 	or	a, a
      00446A 20 2A            [12]10550 	jr	NZ, 00121$
                                  10551 ;pocket_platformer.c:1608: unsigned int vt = (unsigned int)(VRAM_BG_BASE + res_header->fg_disp_vram_idx - 1) | TILE_PRIORITY;
      00446C FD 2Ar00r00      [20]10552 	ld	iy, (_res_header)
      004470 FD 5E 25         [19]10553 	ld	e, 37 (iy)
      004473 16 00            [ 7]10554 	ld	d, #0x00
      004475 CB E2            [ 8]10555 	set	4, d
                                  10556 ;pocket_platformer.c:1609: SMS_setNextTileatXY(scr_x, scr_y);
      004477 DD 6E EC         [19]10557 	ld	l, -20 (ix)
                                  10558 ;	spillPairReg hl
                                  10559 ;	spillPairReg hl
      00447A 26 00            [ 7]10560 	ld	h, #0x00
                                  10561 ;	spillPairReg hl
                                  10562 ;	spillPairReg hl
      00447C 29               [11]10563 	add	hl, hl
      00447D 29               [11]10564 	add	hl, hl
      00447E 29               [11]10565 	add	hl, hl
      00447F 29               [11]10566 	add	hl, hl
      004480 29               [11]10567 	add	hl, hl
      004481 DD 4E ED         [19]10568 	ld	c, -19 (ix)
      004484 DD 46 EE         [19]10569 	ld	b, -18 (ix)
      004487 09               [11]10570 	add	hl, bc
      004488 29               [11]10571 	add	hl, hl
      004489 7C               [ 4]10572 	ld	a, h
      00448A F6 78            [ 7]10573 	or	a, #0x78
      00448C 67               [ 4]10574 	ld	h, a
                                  10575 ;	spillPairReg hl
                                  10576 ;	spillPairReg hl
      00448D CF               [11]10577 	rst	#0x08
                                  10578 ;pocket_platformer.c:1610: SMS_setTile(vt);
      00448E EB               [ 4]10579 	ex	de, hl
      00448F DF               [11]10580 	rst	#0x18
                                  10581 ;pocket_platformer.c:1611: e->frame = 0;
      004490 C1               [10]10582 	pop	bc
      004491 E1               [10]10583 	pop	hl
      004492 E5               [11]10584 	push	hl
      004493 C5               [11]10585 	push	bc
      004494 36 00            [10]10586 	ld	(hl), #0x00
      004496                      10587 00121$:
                                  10588 ;pocket_platformer.c:1588: for (j = 0; j < MAX_FG_DISP; j++) {
      004496 DD 34 FF         [23]10589 	inc	-1 (ix)
      004499 DD 7E FF         [19]10590 	ld	a, -1 (ix)
      00449C D6 10            [ 7]10591 	sub	a, #0x10
      00449E DAr3Cr42         [10]10592 	jp	C, 00126$
      0044A1                      10593 00127$:
                                  10594 ;pocket_platformer.c:1616: }
      0044A1 DD F9            [10]10595 	ld	sp, ix
      0044A3 DD E1            [14]10596 	pop	ix
      0044A5 C9               [10]10597 	ret
                                  10598 ;pocket_platformer.c:1623: static void update_camera(void) {
                                  10599 ;	---------------------------------
                                  10600 ; Function update_camera
                                  10601 ; ---------------------------------
      0044A6                      10602 _update_camera:
                                  10603 ;pocket_platformer.c:1625: camera_x = 0;
      0044A6 21 00 00         [10]10604 	ld	hl, #0x0000
      0044A9 22r2Br00         [16]10605 	ld	(_camera_x), hl
                                  10606 ;pocket_platformer.c:1626: SMS_setBGScrollX(0);
      0044AC 2E 00            [ 7]10607 	ld	l, #0x00
                                  10608 ;	spillPairReg hl
                                  10609 ;	spillPairReg hl
                                  10610 ;pocket_platformer.c:1627: }
      0044AE C3r00r00         [10]10611 	jp	_SMS_setBGScrollX
                                  10612 ;pocket_platformer.c:1632: static void update_anim(void) {
                                  10613 ;	---------------------------------
                                  10614 ; Function update_anim
                                  10615 ; ---------------------------------
      0044B1                      10616 _update_anim:
                                  10617 ;pocket_platformer.c:1633: if (player.anim_timer) { player.anim_timer--; }
      0044B1 21r26r00         [10]10618 	ld	hl, #_player + 26
      0044B4 7E               [ 7]10619 	ld	a, (hl)
      0044B5 B7               [ 4]10620 	or	a, a
      0044B6 28 03            [12]10621 	jr	Z, 00102$
      0044B8 3D               [ 4]10622 	dec	a
      0044B9 77               [ 7]10623 	ld	(hl), a
      0044BA C9               [10]10624 	ret
      0044BB                      10625 00102$:
                                  10626 ;pocket_platformer.c:1634: else { player.anim_timer = 5; player.anim_frame = (player.anim_frame + 1) & 3; }
      0044BB 36 05            [10]10627 	ld	(hl), #0x05
      0044BD 01r25r00         [10]10628 	ld	bc, #_player + 25
      0044C0 0A               [ 7]10629 	ld	a, (bc)
      0044C1 3C               [ 4]10630 	inc	a
      0044C2 E6 03            [ 7]10631 	and	a, #0x03
      0044C4 02               [ 7]10632 	ld	(bc), a
                                  10633 ;pocket_platformer.c:1635: }
      0044C5 C9               [10]10634 	ret
                                  10635 ;pocket_platformer.c:1637: static void load_level(unsigned char n) {
                                  10636 ;	---------------------------------
                                  10637 ; Function load_level
                                  10638 ; ---------------------------------
      0044C6                      10639 _load_level:
      0044C6 DD E5            [15]10640 	push	ix
      0044C8 DD 21 00 00      [14]10641 	ld	ix,#0
      0044CC DD 39            [15]10642 	add	ix,sp
      0044CE 21 F6 FF         [10]10643 	ld	hl, #-10
      0044D1 39               [11]10644 	add	hl, sp
      0044D2 F9               [ 6]10645 	ld	sp, hl
      0044D3 DD 77 FE         [19]10646 	ld	-2 (ix), a
                                  10647 ;pocket_platformer.c:1639: map_res_bank();
      0044D6 3E 02            [ 7]10648 	ld	a, #0x02
      0044D8 32 FF FF         [13]10649 	ld	(#_ROM_bank_to_be_mapped_on_slot2), a
                                  10650 ;pocket_platformer.c:1640: level_n_global = n;
      0044DB DD 7E FE         [19]10651 	ld	a, -2 (ix)
      0044DE 32rB1r00         [13]10652 	ld	(_level_n_global+0), a
                                  10653 ;pocket_platformer.c:1641: cur_level   = get_level(n);
      0044E1 DD 7E FE         [19]10654 	ld	a, -2 (ix)
      0044E4 CDr6Dr00         [17]10655 	call	_get_level
      0044E7 ED 53r21r08      [20]10656 	ld	(_cur_level), de
                                  10657 ;pocket_platformer.c:1642: cur_map     = (unsigned char *)cur_level + sizeof(level_header);
      0044EB ED 4Br21r08      [20]10658 	ld	bc, (_cur_level)
      0044EF 21 04 00         [10]10659 	ld	hl, #0x0004
      0044F2 09               [11]10660 	add	hl, bc
      0044F3 22r23r08         [16]10661 	ld	(_cur_map), hl
                                  10662 ;pocket_platformer.c:1644: (unsigned int)cur_level->map_w * cur_level->map_h);
      0044F6 2Ar21r08         [16]10663 	ld	hl, (_cur_level)
      0044F9 4E               [ 7]10664 	ld	c, (hl)
      0044FA 23               [ 6]10665 	inc	hl
      0044FB 06 00            [ 7]10666 	ld	b, #0x00
      0044FD 5E               [ 7]10667 	ld	e, (hl)
      0044FE 16 00            [ 7]10668 	ld	d, #0x00
      004500 69               [ 4]10669 	ld	l, c
                                  10670 ;	spillPairReg hl
                                  10671 ;	spillPairReg hl
      004501 60               [ 4]10672 	ld	h, b
                                  10673 ;	spillPairReg hl
                                  10674 ;	spillPairReg hl
      004502 CDr00r00         [17]10675 	call	__mulint
      004505 2Ar23r08         [16]10676 	ld	hl, (_cur_map)
      004508 19               [11]10677 	add	hl, de
      004509 22r25r08         [16]10678 	ld	(_cur_objects), hl
                                  10679 ;pocket_platformer.c:1646: for (i = 0; i < MAX_OBJECTS; i++) coin_collected[i] = 0;
      00450C 0E 00            [ 7]10680 	ld	c, #0x00
      00450E                      10681 00118$:
      00450E 21r2Fr00         [10]10682 	ld	hl, #_coin_collected
      004511 06 00            [ 7]10683 	ld	b, #0x00
      004513 09               [11]10684 	add	hl, bc
      004514 36 00            [10]10685 	ld	(hl), #0x00
      004516 0C               [ 4]10686 	inc	c
      004517 79               [ 4]10687 	ld	a, c
      004518 D6 80            [ 7]10688 	sub	a, #0x80
      00451A 38 F2            [12]10689 	jr	C, 00118$
                                  10690 ;pocket_platformer.c:1647: dialogue_active = 0;
      00451C 21rB2r00         [10]10691 	ld	hl, #_dialogue_active
      00451F 36 00            [10]10692 	ld	(hl), #0x00
                                  10693 ;pocket_platformer.c:1648: for (i = 0; i < MAX_DISP; i++) disp_blocks[i].frame = 0;
      004521 01rB1r07         [10]10694 	ld	bc, #_disp_blocks+0
      004524 1E 00            [ 7]10695 	ld	e, #0x00
      004526                      10696 00120$:
      004526 6B               [ 4]10697 	ld	l, e
                                  10698 ;	spillPairReg hl
                                  10699 ;	spillPairReg hl
      004527 26 00            [ 7]10700 	ld	h, #0x00
                                  10701 ;	spillPairReg hl
                                  10702 ;	spillPairReg hl
      004529 29               [11]10703 	add	hl, hl
      00452A 29               [11]10704 	add	hl, hl
      00452B 09               [11]10705 	add	hl, bc
      00452C 23               [ 6]10706 	inc	hl
      00452D 23               [ 6]10707 	inc	hl
      00452E 36 00            [10]10708 	ld	(hl), #0x00
      004530 1C               [ 4]10709 	inc	e
      004531 7B               [ 4]10710 	ld	a, e
      004532 D6 10            [ 7]10711 	sub	a, #0x10
      004534 38 F0            [12]10712 	jr	C, 00120$
                                  10713 ;pocket_platformer.c:1651: rb_block_count  = 0;
      004536 21rA9r07         [10]10714 	ld	hl, #_rb_block_count
      004539 36 00            [10]10715 	ld	(hl), #0x00
                                  10716 ;pocket_platformer.c:1652: rb_switch_count = 0;
      00453B 21rAAr07         [10]10717 	ld	hl, #_rb_switch_count
      00453E 36 00            [10]10718 	ld	(hl), #0x00
                                  10719 ;pocket_platformer.c:1653: rb_red_active   = 1;   /* red starts solid per pocket-platformer default */
      004540 21rABr07         [10]10720 	ld	hl, #_rb_red_active
      004543 36 01            [10]10721 	ld	(hl), #0x01
                                  10722 ;pocket_platformer.c:1654: rb_switch_locked = 0;
      004545 21rACr07         [10]10723 	ld	hl, #_rb_switch_locked
      004548 36 00            [10]10724 	ld	(hl), #0x00
                                  10725 ;pocket_platformer.c:1656: vp_block_count  = 0;
      00454A 21r07r07         [10]10726 	ld	hl, #_vp_block_count
      00454D 36 00            [10]10727 	ld	(hl), #0x00
                                  10728 ;pocket_platformer.c:1657: vp_violet_active = 0;  /* state = "violet turn" (violet passable, pink solid) */
      00454F 21r08r07         [10]10729 	ld	hl, #_vp_violet_active
      004552 36 00            [10]10730 	ld	(hl), #0x00
                                  10731 ;pocket_platformer.c:1658: map_res_bank();
      004554 21 FF FF         [10]10732 	ld	hl, #_ROM_bank_to_be_mapped_on_slot2
      004557 36 02            [10]10733 	ld	(hl), #0x02
                                  10734 ;pocket_platformer.c:1659: for (i = 0; i < cur_level->obj_count; i++) {
      004559 DD 36 FF 00      [19]10735 	ld	-1 (ix), #0x00
      00455D                      10736 00123$:
      00455D 2Ar21r08         [16]10737 	ld	hl, (_cur_level)
      004560 23               [ 6]10738 	inc	hl
      004561 23               [ 6]10739 	inc	hl
      004562 4E               [ 7]10740 	ld	c, (hl)
      004563 DD 7E FF         [19]10741 	ld	a, -1 (ix)
      004566 91               [ 4]10742 	sub	a, c
      004567 D2rFBr46         [10]10743 	jp	NC, 00114$
                                  10744 ;pocket_platformer.c:1660: level_object *obj = &cur_objects[i];
      00456A DD 4E FF         [19]10745 	ld	c, -1 (ix)
      00456D 06 00            [ 7]10746 	ld	b, #0x00
      00456F 69               [ 4]10747 	ld	l, c
      004570 60               [ 4]10748 	ld	h, b
      004571 29               [11]10749 	add	hl, hl
      004572 09               [11]10750 	add	hl, bc
      004573 EB               [ 4]10751 	ex	de, hl
      004574 2Ar25r08         [16]10752 	ld	hl, (_cur_objects)
      004577 19               [11]10753 	add	hl, de
      004578 E3               [19]10754 	ex	(sp), hl
                                  10755 ;pocket_platformer.c:1661: if ((obj->type == 7 || obj->type == 8) && rb_block_count < MAX_RB_BLOCKS) {
      004579 DD 7E F6         [19]10756 	ld	a, -10 (ix)
      00457C C6 02            [ 7]10757 	add	a, #0x02
      00457E DD 77 FC         [19]10758 	ld	-4 (ix), a
      004581 DD 7E F7         [19]10759 	ld	a, -9 (ix)
      004584 CE 00            [ 7]10760 	adc	a, #0x00
      004586 DD 77 FD         [19]10761 	ld	-3 (ix), a
      004589 DD 6E FC         [19]10762 	ld	l, -4 (ix)
      00458C DD 66 FD         [19]10763 	ld	h, -3 (ix)
      00458F 4E               [ 7]10764 	ld	c, (hl)
                                  10765 ;pocket_platformer.c:1663: rb_blocks[rb_block_count].ty     = obj->y;
      004590 DD 7E F6         [19]10766 	ld	a, -10 (ix)
      004593 C6 01            [ 7]10767 	add	a, #0x01
      004595 DD 77 F8         [19]10768 	ld	-8 (ix), a
      004598 DD 7E F7         [19]10769 	ld	a, -9 (ix)
      00459B CE 00            [ 7]10770 	adc	a, #0x00
      00459D DD 77 F9         [19]10771 	ld	-7 (ix), a
                                  10772 ;pocket_platformer.c:1661: if ((obj->type == 7 || obj->type == 8) && rb_block_count < MAX_RB_BLOCKS) {
      0045A0 79               [ 4]10773 	ld	a,c
      0045A1 FE 07            [ 7]10774 	cp	a,#0x07
      0045A3 28 04            [12]10775 	jr	Z, 00106$
      0045A5 D6 08            [ 7]10776 	sub	a, #0x08
      0045A7 20 57            [12]10777 	jr	NZ, 00104$
      0045A9                      10778 00106$:
      0045A9 3ArA9r07         [13]10779 	ld	a, (_rb_block_count+0)
      0045AC D6 30            [ 7]10780 	sub	a, #0x30
      0045AE 30 50            [12]10781 	jr	NC, 00104$
                                  10782 ;pocket_platformer.c:1662: rb_blocks[rb_block_count].tx     = obj->x;
      0045B0 ED 4BrA9r07      [20]10783 	ld	bc, (_rb_block_count)
      0045B4 06 00            [ 7]10784 	ld	b, #0x00
      0045B6 69               [ 4]10785 	ld	l, c
      0045B7 60               [ 4]10786 	ld	h, b
      0045B8 29               [11]10787 	add	hl, hl
      0045B9 09               [11]10788 	add	hl, bc
      0045BA EB               [ 4]10789 	ex	de, hl
      0045BB 21r09r07         [10]10790 	ld	hl, #_rb_blocks
      0045BE 19               [11]10791 	add	hl, de
      0045BF EB               [ 4]10792 	ex	de, hl
      0045C0 E1               [10]10793 	pop	hl
      0045C1 E5               [11]10794 	push	hl
      0045C2 7E               [ 7]10795 	ld	a, (hl)
      0045C3 12               [ 7]10796 	ld	(de), a
                                  10797 ;pocket_platformer.c:1663: rb_blocks[rb_block_count].ty     = obj->y;
      0045C4 ED 4BrA9r07      [20]10798 	ld	bc, (_rb_block_count)
      0045C8 06 00            [ 7]10799 	ld	b, #0x00
      0045CA 69               [ 4]10800 	ld	l, c
      0045CB 60               [ 4]10801 	ld	h, b
      0045CC 29               [11]10802 	add	hl, hl
      0045CD 09               [11]10803 	add	hl, bc
      0045CE 11r09r07         [10]10804 	ld	de, #_rb_blocks
      0045D1 19               [11]10805 	add	hl, de
      0045D2 EB               [ 4]10806 	ex	de, hl
      0045D3 13               [ 6]10807 	inc	de
      0045D4 DD 6E F8         [19]10808 	ld	l, -8 (ix)
      0045D7 DD 66 F9         [19]10809 	ld	h, -7 (ix)
      0045DA 7E               [ 7]10810 	ld	a, (hl)
      0045DB 12               [ 7]10811 	ld	(de), a
                                  10812 ;pocket_platformer.c:1664: rb_blocks[rb_block_count].is_red = (obj->type == 7);
      0045DC ED 4BrA9r07      [20]10813 	ld	bc, (_rb_block_count)
      0045E0 06 00            [ 7]10814 	ld	b, #0x00
      0045E2 69               [ 4]10815 	ld	l, c
      0045E3 60               [ 4]10816 	ld	h, b
      0045E4 29               [11]10817 	add	hl, hl
      0045E5 09               [11]10818 	add	hl, bc
      0045E6 11r09r07         [10]10819 	ld	de, #_rb_blocks
      0045E9 19               [11]10820 	add	hl, de
      0045EA EB               [ 4]10821 	ex	de, hl
      0045EB 13               [ 6]10822 	inc	de
      0045EC 13               [ 6]10823 	inc	de
      0045ED DD 6E FC         [19]10824 	ld	l, -4 (ix)
      0045F0 DD 66 FD         [19]10825 	ld	h, -3 (ix)
      0045F3 7E               [ 7]10826 	ld	a, (hl)
      0045F4 D6 07            [ 7]10827 	sub	a, #0x07
      0045F6 3E 01            [ 7]10828 	ld	a, #0x01
      0045F8 28 01            [12]10829 	jr	Z, 00212$
      0045FA AF               [ 4]10830 	xor	a, a
      0045FB                      10831 00212$:
      0045FB 12               [ 7]10832 	ld	(de), a
                                  10833 ;pocket_platformer.c:1665: rb_block_count++;
      0045FC 21rA9r07         [10]10834 	ld	hl, #_rb_block_count
      0045FF 34               [11]10835 	inc	(hl)
      004600                      10836 00104$:
                                  10837 ;pocket_platformer.c:1667: if ((obj->type == 10 || obj->type == 11) && vp_block_count < MAX_VP_BLOCKS) {
      004600 DD 6E FC         [19]10838 	ld	l, -4 (ix)
      004603 DD 66 FD         [19]10839 	ld	h, -3 (ix)
      004606 7E               [ 7]10840 	ld	a, (hl)
      004607 FE 0A            [ 7]10841 	cp	a, #0x0a
      004609 28 04            [12]10842 	jr	Z, 00110$
      00460B D6 0B            [ 7]10843 	sub	a, #0x0b
      00460D 20 57            [12]10844 	jr	NZ, 00108$
      00460F                      10845 00110$:
      00460F 3Ar07r07         [13]10846 	ld	a, (_vp_block_count+0)
      004612 D6 30            [ 7]10847 	sub	a, #0x30
      004614 30 50            [12]10848 	jr	NC, 00108$
                                  10849 ;pocket_platformer.c:1668: vp_blocks[vp_block_count].tx        = obj->x;
      004616 ED 4Br07r07      [20]10850 	ld	bc, (_vp_block_count)
      00461A 06 00            [ 7]10851 	ld	b, #0x00
      00461C 69               [ 4]10852 	ld	l, c
      00461D 60               [ 4]10853 	ld	h, b
      00461E 29               [11]10854 	add	hl, hl
      00461F 09               [11]10855 	add	hl, bc
      004620 EB               [ 4]10856 	ex	de, hl
      004621 21r77r06         [10]10857 	ld	hl, #_vp_blocks
      004624 19               [11]10858 	add	hl, de
      004625 EB               [ 4]10859 	ex	de, hl
      004626 E1               [10]10860 	pop	hl
      004627 E5               [11]10861 	push	hl
      004628 7E               [ 7]10862 	ld	a, (hl)
      004629 12               [ 7]10863 	ld	(de), a
                                  10864 ;pocket_platformer.c:1669: vp_blocks[vp_block_count].ty        = obj->y;
      00462A ED 4Br07r07      [20]10865 	ld	bc, (_vp_block_count)
      00462E 06 00            [ 7]10866 	ld	b, #0x00
      004630 69               [ 4]10867 	ld	l, c
      004631 60               [ 4]10868 	ld	h, b
      004632 29               [11]10869 	add	hl, hl
      004633 09               [11]10870 	add	hl, bc
      004634 11r77r06         [10]10871 	ld	de, #_vp_blocks
      004637 19               [11]10872 	add	hl, de
      004638 EB               [ 4]10873 	ex	de, hl
      004639 13               [ 6]10874 	inc	de
      00463A DD 6E F8         [19]10875 	ld	l, -8 (ix)
      00463D DD 66 F9         [19]10876 	ld	h, -7 (ix)
      004640 7E               [ 7]10877 	ld	a, (hl)
      004641 12               [ 7]10878 	ld	(de), a
                                  10879 ;pocket_platformer.c:1670: vp_blocks[vp_block_count].is_violet = (obj->type == 10);
      004642 ED 4Br07r07      [20]10880 	ld	bc, (_vp_block_count)
      004646 06 00            [ 7]10881 	ld	b, #0x00
      004648 69               [ 4]10882 	ld	l, c
      004649 60               [ 4]10883 	ld	h, b
      00464A 29               [11]10884 	add	hl, hl
      00464B 09               [11]10885 	add	hl, bc
      00464C 11r77r06         [10]10886 	ld	de, #_vp_blocks
      00464F 19               [11]10887 	add	hl, de
      004650 EB               [ 4]10888 	ex	de, hl
      004651 13               [ 6]10889 	inc	de
      004652 13               [ 6]10890 	inc	de
      004653 DD 6E FC         [19]10891 	ld	l, -4 (ix)
      004656 DD 66 FD         [19]10892 	ld	h, -3 (ix)
      004659 7E               [ 7]10893 	ld	a, (hl)
      00465A D6 0A            [ 7]10894 	sub	a, #0x0a
      00465C 3E 01            [ 7]10895 	ld	a, #0x01
      00465E 28 01            [12]10896 	jr	Z, 00217$
      004660 AF               [ 4]10897 	xor	a, a
      004661                      10898 00217$:
      004661 12               [ 7]10899 	ld	(de), a
                                  10900 ;pocket_platformer.c:1671: vp_block_count++;
      004662 21r07r07         [10]10901 	ld	hl, #_vp_block_count
      004665 34               [11]10902 	inc	(hl)
      004666                      10903 00108$:
                                  10904 ;pocket_platformer.c:1673: if (obj->type == 9 && rb_switch_count < MAX_RB_SWITCHES) {
      004666 DD 6E FC         [19]10905 	ld	l, -4 (ix)
      004669 DD 66 FD         [19]10906 	ld	h, -3 (ix)
      00466C 7E               [ 7]10907 	ld	a, (hl)
      00466D D6 09            [ 7]10908 	sub	a, #0x09
      00466F C2rF5r46         [10]10909 	jp	NZ,00124$
      004672 3ArAAr07         [13]10910 	ld	a, (_rb_switch_count+0)
      004675 D6 08            [ 7]10911 	sub	a, #0x08
      004677 30 7C            [12]10912 	jr	NC, 00124$
                                  10913 ;pocket_platformer.c:1674: rb_switches[rb_switch_count].tx = obj->x;
      004679 3ArAAr07         [13]10914 	ld	a, (_rb_switch_count+0)
      00467C DD 77 FC         [19]10915 	ld	-4 (ix), a
      00467F DD 36 FD 00      [19]10916 	ld	-3 (ix), #0x00
      004683 DD 7E FC         [19]10917 	ld	a, -4 (ix)
      004686 DD 77 FA         [19]10918 	ld	-6 (ix), a
      004689 DD 7E FD         [19]10919 	ld	a, -3 (ix)
      00468C DD 77 FB         [19]10920 	ld	-5 (ix), a
      00468F DD CB FA 26      [23]10921 	sla	-6 (ix)
      004693 DD CB FB 16      [23]10922 	rl	-5 (ix)
      004697 3Er99            [ 7]10923 	ld	a, #<(_rb_switches)
      004699 DD 86 FA         [19]10924 	add	a, -6 (ix)
      00469C DD 77 FC         [19]10925 	ld	-4 (ix), a
      00469F 3Es07            [ 7]10926 	ld	a, #>(_rb_switches)
      0046A1 DD 8E FB         [19]10927 	adc	a, -5 (ix)
      0046A4 DD 77 FD         [19]10928 	ld	-3 (ix), a
      0046A7 E1               [10]10929 	pop	hl
      0046A8 E5               [11]10930 	push	hl
      0046A9 7E               [ 7]10931 	ld	a, (hl)
      0046AA DD 6E FC         [19]10932 	ld	l, -4 (ix)
      0046AD DD 66 FD         [19]10933 	ld	h, -3 (ix)
      0046B0 77               [ 7]10934 	ld	(hl), a
                                  10935 ;pocket_platformer.c:1675: rb_switches[rb_switch_count].ty = obj->y;
      0046B1 3ArAAr07         [13]10936 	ld	a, (_rb_switch_count+0)
      0046B4 DD 77 FC         [19]10937 	ld	-4 (ix), a
      0046B7 DD 36 FD 00      [19]10938 	ld	-3 (ix), #0x00
      0046BB DD CB FC 26      [23]10939 	sla	-4 (ix)
      0046BF DD CB FD 16      [23]10940 	rl	-3 (ix)
      0046C3 3Er99            [ 7]10941 	ld	a, #<(_rb_switches)
      0046C5 DD 86 FC         [19]10942 	add	a, -4 (ix)
      0046C8 DD 77 FA         [19]10943 	ld	-6 (ix), a
      0046CB 3Es07            [ 7]10944 	ld	a, #>(_rb_switches)
      0046CD DD 8E FD         [19]10945 	adc	a, -3 (ix)
      0046D0 DD 77 FB         [19]10946 	ld	-5 (ix), a
      0046D3 DD 7E FA         [19]10947 	ld	a, -6 (ix)
      0046D6 C6 01            [ 7]10948 	add	a, #0x01
      0046D8 DD 77 FC         [19]10949 	ld	-4 (ix), a
      0046DB DD 7E FB         [19]10950 	ld	a, -5 (ix)
      0046DE CE 00            [ 7]10951 	adc	a, #0x00
      0046E0 DD 77 FD         [19]10952 	ld	-3 (ix), a
      0046E3 DD 6E F8         [19]10953 	ld	l, -8 (ix)
      0046E6 DD 66 F9         [19]10954 	ld	h, -7 (ix)
      0046E9 7E               [ 7]10955 	ld	a, (hl)
      0046EA DD 6E FC         [19]10956 	ld	l, -4 (ix)
      0046ED DD 66 FD         [19]10957 	ld	h, -3 (ix)
      0046F0 77               [ 7]10958 	ld	(hl), a
                                  10959 ;pocket_platformer.c:1676: rb_switch_count++;
      0046F1 21rAAr07         [10]10960 	ld	hl, #_rb_switch_count
      0046F4 34               [11]10961 	inc	(hl)
      0046F5                      10962 00124$:
                                  10963 ;pocket_platformer.c:1659: for (i = 0; i < cur_level->obj_count; i++) {
      0046F5 DD 34 FF         [23]10964 	inc	-1 (ix)
      0046F8 C3r5Dr45         [10]10965 	jp	00123$
      0046FB                      10966 00114$:
                                  10967 ;pocket_platformer.c:1679: level_complete = player_died = 0;
      0046FB 21rB0r00         [10]10968 	ld	hl, #_player_died
      0046FE 36 00            [10]10969 	ld	(hl), #0x00
      004700 21rAFr00         [10]10970 	ld	hl, #_level_complete
      004703 36 00            [10]10971 	ld	(hl), #0x00
                                  10972 ;pocket_platformer.c:1680: camera_x = prev_cam_x = 0;
      004705 21 00 00         [10]10973 	ld	hl, #0x0000
      004708 22r2Dr00         [16]10974 	ld	(_prev_cam_x), hl
      00470B 22r2Br00         [16]10975 	ld	(_camera_x), hl
                                  10976 ;pocket_platformer.c:1683: player.x  = FP(2 * TILE_SIZE);
      00470E 26 10            [ 7]10977 	ld	h, #0x10
      004710 22r0Cr00         [16]10978 	ld	(_player), hl
      004713 65               [ 4]10979 	ld	h, l
      004714 22r0Er00         [16]10980 	ld	(_player+2), hl
                                  10981 ;pocket_platformer.c:1684: player.y  = FP(4 * TILE_SIZE);
      004717 11r0Cr00         [10]10982 	ld	de, #_player+0
      00471A 26 20            [ 7]10983 	ld	h, #0x20
      00471C 22r10r00         [16]10984 	ld	((_player + 4)), hl
      00471F 65               [ 4]10985 	ld	h, l
      004720 22r12r00         [16]10986 	ld	((_player + 4)+2), hl
                                  10987 ;pocket_platformer.c:1685: player.vx = player.vy = 0;
      004723 22r18r00         [16]10988 	ld	((_player + 12)), hl
      004726 22r1Ar00         [16]10989 	ld	((_player + 12)+2), hl
      004729 22r14r00         [16]10990 	ld	((_player + 8)), hl
      00472C 22r16r00         [16]10991 	ld	((_player + 8)+2), hl
                                  10992 ;pocket_platformer.c:1686: player.on_ground = player.jump_frames = player.double_jump_used = 0;
      00472F 21r24r00         [10]10993 	ld	hl, #(_player + 24)
      004732 36 00            [10]10994 	ld	(hl), #0x00
      004734 21r22r00         [10]10995 	ld	hl, #(_player + 22)
      004737 36 00            [10]10996 	ld	(hl), #0x00
      004739 21r1Cr00         [10]10997 	ld	hl, #(_player + 16)
      00473C 36 00            [10]10998 	ld	(hl), #0x00
                                  10999 ;pocket_platformer.c:1687: player.falling = 1; player.jumping = 0; player.wall_jumping = 0; player.wall_push_frames = 0;
      00473E 21r1Dr00         [10]11000 	ld	hl, #(_player + 17)
      004741 36 01            [10]11001 	ld	(hl), #0x01
      004743 21r1Er00         [10]11002 	ld	hl, #(_player + 18)
      004746 36 00            [10]11003 	ld	(hl), #0x00
      004748 21r1Fr00         [10]11004 	ld	hl, #(_player + 19)
      00474B 36 00            [10]11005 	ld	(hl), #0x00
      00474D 21r21r00         [10]11006 	ld	hl, #(_player + 21)
      004750 36 00            [10]11007 	ld	(hl), #0x00
                                  11008 ;pocket_platformer.c:1688: player.facing_left = player.anim_frame = player.anim_timer = 0;
      004752 21r26r00         [10]11009 	ld	hl, #(_player + 26)
      004755 36 00            [10]11010 	ld	(hl), #0x00
      004757 21r25r00         [10]11011 	ld	hl, #(_player + 25)
      00475A 36 00            [10]11012 	ld	(hl), #0x00
      00475C 21r23r00         [10]11013 	ld	hl, #(_player + 23)
      00475F 36 00            [10]11014 	ld	(hl), #0x00
                                  11015 ;pocket_platformer.c:1690: for (i = 0; i < cur_level->obj_count; i++) {
      004761 DD 36 FF 00      [19]11016 	ld	-1 (ix), #0x00
      004765                      11017 00126$:
      004765 2Ar21r08         [16]11018 	ld	hl, (_cur_level)
      004768 23               [ 6]11019 	inc	hl
      004769 23               [ 6]11020 	inc	hl
      00476A DD 7E FF         [19]11021 	ld	a,-1 (ix)
      00476D 96               [ 7]11022 	sub	a,(hl)
      00476E D2rF7r47         [10]11023 	jp	NC, 00117$
                                  11024 ;pocket_platformer.c:1691: if (cur_objects[i].type == OBJ_START_FLAG) {
      004771 DD 4E FF         [19]11025 	ld	c, -1 (ix)
      004774 06 00            [ 7]11026 	ld	b, #0x00
      004776 69               [ 4]11027 	ld	l, c
      004777 60               [ 4]11028 	ld	h, b
      004778 29               [11]11029 	add	hl, hl
      004779 09               [11]11030 	add	hl, bc
      00477A 4D               [ 4]11031 	ld	c, l
      00477B 44               [ 4]11032 	ld	b, h
      00477C 3Ar25r08         [13]11033 	ld	a, (_cur_objects+0)
      00477F 81               [ 4]11034 	add	a, c
      004780 DD 77 FC         [19]11035 	ld	-4 (ix), a
      004783 3Ar26r08         [13]11036 	ld	a, (_cur_objects+1)
      004786 88               [ 4]11037 	adc	a, b
      004787 DD 77 FD         [19]11038 	ld	-3 (ix), a
      00478A DD 6E FC         [19]11039 	ld	l, -4 (ix)
                                  11040 ;	spillPairReg hl
                                  11041 ;	spillPairReg hl
      00478D DD 66 FD         [19]11042 	ld	h, -3 (ix)
                                  11043 ;	spillPairReg hl
                                  11044 ;	spillPairReg hl
      004790 23               [ 6]11045 	inc	hl
      004791 23               [ 6]11046 	inc	hl
      004792 7E               [ 7]11047 	ld	a, (hl)
      004793 3D               [ 4]11048 	dec	a
      004794 20 5B            [12]11049 	jr	NZ, 00127$
                                  11050 ;pocket_platformer.c:1692: player.x = (long)cur_objects[i].x * TILE_SIZE * FP_ONE;
      004796 DD 6E FC         [19]11051 	ld	l, -4 (ix)
      004799 DD 66 FD         [19]11052 	ld	h, -3 (ix)
      00479C 7E               [ 7]11053 	ld	a, (hl)
      00479D DD 77 FA         [19]11054 	ld	-6 (ix), a
      0047A0 AF               [ 4]11055 	xor	a, a
      0047A1 DD 77 FB         [19]11056 	ld	-5 (ix), a
      0047A4 DD 77 FC         [19]11057 	ld	-4 (ix), a
      0047A7 DD 77 FD         [19]11058 	ld	-3 (ix), a
      0047AA 3E 0B            [ 7]11059 	ld	a, #0x0b
      0047AC                      11060 00224$:
      0047AC DD CB FA 26      [23]11061 	sla	-6 (ix)
      0047B0 DD CB FB 16      [23]11062 	rl	-5 (ix)
      0047B4 DD CB FC 16      [23]11063 	rl	-4 (ix)
      0047B8 DD CB FD 16      [23]11064 	rl	-3 (ix)
      0047BC 3D               [ 4]11065 	dec	a
      0047BD 20 ED            [12]11066 	jr	NZ,00224$
      0047BF C5               [11]11067 	push	bc
      0047C0 21 06 00         [10]11068 	ld	hl, #6
      0047C3 39               [11]11069 	add	hl, sp
      0047C4 01 04 00         [10]11070 	ld	bc, #0x0004
      0047C7 ED B0            [21]11071 	ldir
      0047C9 C1               [10]11072 	pop	bc
                                  11073 ;pocket_platformer.c:1694: player.y = (long)(cur_objects[i].y - 1) * TILE_SIZE * FP_ONE;
      0047CA 2Ar25r08         [16]11074 	ld	hl, (_cur_objects)
      0047CD 09               [11]11075 	add	hl, bc
      0047CE 23               [ 6]11076 	inc	hl
      0047CF 4E               [ 7]11077 	ld	c, (hl)
      0047D0 06 00            [ 7]11078 	ld	b, #0x00
      0047D2 0B               [ 6]11079 	dec	bc
      0047D3 78               [ 4]11080 	ld	a, b
      0047D4 07               [ 4]11081 	rlca
      0047D5 ED 62            [15]11082 	sbc	hl, hl
      0047D7 58               [ 4]11083 	ld	e, b
      0047D8 41               [ 4]11084 	ld	b, c
      0047D9 55               [ 4]11085 	ld	d, l
      0047DA 0E 00            [ 7]11086 	ld	c, #0x00
      0047DC 3E 03            [ 7]11087 	ld	a, #0x03
      0047DE                      11088 00226$:
      0047DE CB 20            [ 8]11089 	sla	b
      0047E0 CB 13            [ 8]11090 	rl	e
      0047E2 CB 12            [ 8]11091 	rl	d
      0047E4 3D               [ 4]11092 	dec	a
      0047E5 20 F7            [12]11093 	jr	NZ,00226$
      0047E7 ED 43r10r00      [20]11094 	ld	((_player + 4)), bc
      0047EB ED 53r12r00      [20]11095 	ld	((_player + 4)+2), de
                                  11096 ;pocket_platformer.c:1695: break;
      0047EF 18 06            [12]11097 	jr	00117$
      0047F1                      11098 00127$:
                                  11099 ;pocket_platformer.c:1690: for (i = 0; i < cur_level->obj_count; i++) {
      0047F1 DD 34 FF         [23]11100 	inc	-1 (ix)
      0047F4 C3r65r47         [10]11101 	jp	00126$
      0047F7                      11102 00117$:
                                  11103 ;pocket_platformer.c:1699: load_tp_level(n);
      0047F7 DD 7E FE         [19]11104 	ld	a, -2 (ix)
      0047FA CDr3Cr13         [17]11105 	call	_load_tp_level
                                  11106 ;pocket_platformer.c:1700: SMS_waitForVBlank();
      0047FD CDr00r00         [17]11107 	call	_SMS_waitForVBlank
                                  11108 ;pocket_platformer.c:1701: SMS_displayOff();
      004800 21 40 01         [10]11109 	ld	hl, #0x0140
      004803 CDr00r00         [17]11110 	call	_SMS_VDPturnOffFeature
                                  11111 ;pocket_platformer.c:1702: SMS_VRAMmemsetW(0x3800, 0, 0x700);
      004806 21 00 07         [10]11112 	ld	hl, #0x0700
      004809 E5               [11]11113 	push	hl
      00480A 11 00 00         [10]11114 	ld	de, #0x0000
      00480D 26 38            [ 7]11115 	ld	h, #0x38
      00480F CDr00r00         [17]11116 	call	_SMS_VRAMmemsetW
                                  11117 ;pocket_platformer.c:1703: draw_tilemap_full();
      004812 CDr7Br0A         [17]11118 	call	_draw_tilemap_full
                                  11119 ;pocket_platformer.c:1704: SMS_displayOn();
      004815 21 40 01         [10]11120 	ld	hl, #0x0140
      004818 CDr00r00         [17]11121 	call	_SMS_VDPturnOnFeature
                                  11122 ;pocket_platformer.c:1705: }
      00481B DD F9            [10]11123 	ld	sp, ix
      00481D DD E1            [14]11124 	pop	ix
      00481F C9               [10]11125 	ret
                                  11126 ;pocket_platformer.c:1707: static void death_sequence(unsigned char n) {
                                  11127 ;	---------------------------------
                                  11128 ; Function death_sequence
                                  11129 ; ---------------------------------
      004820                      11130 _death_sequence:
      004820 4F               [ 4]11131 	ld	c, a
                                  11132 ;pocket_platformer.c:1709: for (i = 0; i < 8; i++) {
      004821 06 00            [ 7]11133 	ld	b, #0x00
      004823                      11134 00102$:
                                  11135 ;pocket_platformer.c:1710: SMS_waitForVBlank();
      004823 C5               [11]11136 	push	bc
      004824 CDr00r00         [17]11137 	call	_SMS_waitForVBlank
      004827 C1               [10]11138 	pop	bc
                                  11139 ;pocket_platformer.c:1711: SMS_setBackdropColor(i & 1 ? 0x3F : 0);
      004828 CB 40            [ 8]11140 	bit	0, b
      00482A 28 05            [12]11141 	jr	Z, 00106$
      00482C 21 3F 00         [10]11142 	ld	hl, #0x003f
      00482F 18 03            [12]11143 	jr	00107$
      004831                      11144 00106$:
      004831 21 00 00         [10]11145 	ld	hl, #0x0000
      004834                      11146 00107$:
      004834 C5               [11]11147 	push	bc
      004835 CDr00r00         [17]11148 	call	_SMS_setBackdropColor
      004838 C1               [10]11149 	pop	bc
                                  11150 ;pocket_platformer.c:1709: for (i = 0; i < 8; i++) {
      004839 04               [ 4]11151 	inc	b
      00483A 78               [ 4]11152 	ld	a, b
      00483B D6 08            [ 7]11153 	sub	a, #0x08
      00483D 38 E4            [12]11154 	jr	C, 00102$
                                  11155 ;pocket_platformer.c:1713: SMS_setBackdropColor(0);
      00483F C5               [11]11156 	push	bc
      004840 2E 00            [ 7]11157 	ld	l, #0x00
                                  11158 ;	spillPairReg hl
                                  11159 ;	spillPairReg hl
      004842 CDr00r00         [17]11160 	call	_SMS_setBackdropColor
      004845 C1               [10]11161 	pop	bc
                                  11162 ;pocket_platformer.c:1714: load_level(n);
      004846 79               [ 4]11163 	ld	a, c
                                  11164 ;pocket_platformer.c:1715: }
      004847 C3rC6r44         [10]11165 	jp	_load_level
                                  11166 ;pocket_platformer.c:1720: static void gameplay_loop(void) {
                                  11167 ;	---------------------------------
                                  11168 ; Function gameplay_loop
                                  11169 ; ---------------------------------
      00484A                      11170 _gameplay_loop:
      00484A DD E5            [15]11171 	push	ix
      00484C DD 21 00 00      [14]11172 	ld	ix,#0
      004850 DD 39            [15]11173 	add	ix,sp
      004852 21 E4 FF         [10]11174 	ld	hl, #-28
      004855 39               [11]11175 	add	hl, sp
      004856 F9               [ 6]11176 	ld	sp, hl
                                  11177 ;pocket_platformer.c:1721: unsigned int joy = 0, joy_prev = 0, joy_pressed;
      004857 21 00 00         [10]11178 	ld	hl, #0x0000
      00485A E3               [19]11179 	ex	(sp), hl
                                  11180 ;pocket_platformer.c:1722: unsigned char level_n = 0, total;
      00485B DD 36 E6 00      [19]11181 	ld	-26 (ix), #0x00
                                  11182 ;pocket_platformer.c:1724: map_res_bank();
      00485F 21 FF FF         [10]11183 	ld	hl, #_ROM_bank_to_be_mapped_on_slot2
      004862 36 02            [10]11184 	ld	(hl), #0x02
                                  11185 ;pocket_platformer.c:1725: total = res_header->level_count;
      004864 2Ar00r00         [16]11186 	ld	hl, (_res_header)
      004867 DD 75 FE         [19]11187 	ld	-2 (ix), l
      00486A DD 74 FF         [19]11188 	ld	-1 (ix), h
      00486D 11 04 00         [10]11189 	ld	de, #0x0004
      004870 19               [11]11190 	add	hl, de
      004871 7E               [ 7]11191 	ld	a, (hl)
      004872 DD 77 E7         [19]11192 	ld	-25 (ix), a
                                  11193 ;pocket_platformer.c:1726: load_level(0);
      004875 AF               [ 4]11194 	xor	a, a
      004876 CDrC6r44         [17]11195 	call	_load_level
                                  11196 ;pocket_platformer.c:1728: while (1) {
      004879                      11197 00138$:
                                  11198 ;pocket_platformer.c:1729: SMS_waitForVBlank();
      004879 CDr00r00         [17]11199 	call	_SMS_waitForVBlank
                                  11200 ;pocket_platformer.c:1730: joy_prev    = joy;
      00487C DD 7E E4         [19]11201 	ld	a, -28 (ix)
      00487F DD 77 FE         [19]11202 	ld	-2 (ix), a
      004882 DD 7E E5         [19]11203 	ld	a, -27 (ix)
      004885 DD 77 FF         [19]11204 	ld	-1 (ix), a
                                  11205 ;pocket_platformer.c:1731: joy         = SMS_getKeysStatus();
      004888 CDr00r00         [17]11206 	call	_SMS_getKeysStatus
      00488B DD 73 FC         [19]11207 	ld	-4 (ix), e
      00488E DD 72 FD         [19]11208 	ld	-3 (ix), d
      004891 DD 7E FC         [19]11209 	ld	a, -4 (ix)
      004894 DD 77 E4         [19]11210 	ld	-28 (ix), a
      004897 DD 7E FD         [19]11211 	ld	a, -3 (ix)
      00489A DD 77 E5         [19]11212 	ld	-27 (ix), a
                                  11213 ;pocket_platformer.c:1732: joy_pressed = joy & ~joy_prev;
      00489D DD 7E FE         [19]11214 	ld	a, -2 (ix)
      0048A0 2F               [ 4]11215 	cpl
      0048A1 DD 77 FE         [19]11216 	ld	-2 (ix), a
      0048A4 DD 7E FF         [19]11217 	ld	a, -1 (ix)
      0048A7 2F               [ 4]11218 	cpl
      0048A8 DD 77 FF         [19]11219 	ld	-1 (ix), a
      0048AB DD 7E E4         [19]11220 	ld	a, -28 (ix)
      0048AE DD A6 FE         [19]11221 	and	a, -2 (ix)
      0048B1 DD 77 FA         [19]11222 	ld	-6 (ix), a
      0048B4 DD 7E E5         [19]11223 	ld	a, -27 (ix)
      0048B7 DD A6 FF         [19]11224 	and	a, -1 (ix)
      0048BA DD 77 FB         [19]11225 	ld	-5 (ix), a
      0048BD DD 7E FA         [19]11226 	ld	a, -6 (ix)
      0048C0 DD 77 FD         [19]11227 	ld	-3 (ix), a
      0048C3 DD 7E FB         [19]11228 	ld	a, -5 (ix)
      0048C6 DD 77 FE         [19]11229 	ld	-2 (ix), a
                                  11230 ;pocket_platformer.c:1736: unsigned char btn = (unsigned char)(joy & (PORT_A_KEY_1 | PORT_A_KEY_2));
      0048C9 DD 7E E4         [19]11231 	ld	a, -28 (ix)
      0048CC DD 77 FF         [19]11232 	ld	-1 (ix), a
                                  11233 ;pocket_platformer.c:1735: if (dialogue_active) {
      0048CF 3ArB2r00         [13]11234 	ld	a, (_dialogue_active+0)
      0048D2 B7               [ 4]11235 	or	a, a
      0048D3 28 5F            [12]11236 	jr	Z, 00108$
                                  11237 ;pocket_platformer.c:1736: unsigned char btn = (unsigned char)(joy & (PORT_A_KEY_1 | PORT_A_KEY_2));
      0048D5 DD 7E FF         [19]11238 	ld	a, -1 (ix)
      0048D8 E6 30            [ 7]11239 	and	a, #0x30
      0048DA DD 77 FF         [19]11240 	ld	-1 (ix), a
                                  11241 ;pocket_platformer.c:1737: if (!dialogue_btn_prev && btn) {
      0048DD 3Ar95r05         [13]11242 	ld	a, (_dialogue_btn_prev+0)
      0048E0 B7               [ 4]11243 	or	a, a
      0048E1 20 30            [12]11244 	jr	NZ, 00105$
      0048E3 DD 7E FF         [19]11245 	ld	a, -1 (ix)
      0048E6 B7               [ 4]11246 	or	a, a
      0048E7 28 2A            [12]11247 	jr	Z, 00105$
                                  11248 ;pocket_platformer.c:1739: if (dialogue_line + 2 < dialogue_total) {
      0048E9 3ArB3r00         [13]11249 	ld	a, (_dialogue_line+0)
      0048EC 4F               [ 4]11250 	ld	c, a
      0048ED 06 00            [ 7]11251 	ld	b, #0x00
      0048EF 03               [ 6]11252 	inc	bc
      0048F0 03               [ 6]11253 	inc	bc
      0048F1 3ArB4r00         [13]11254 	ld	a, (_dialogue_total+0)
      0048F4 5F               [ 4]11255 	ld	e, a
      0048F5 16 00            [ 7]11256 	ld	d, #0x00
      0048F7 79               [ 4]11257 	ld	a, c
      0048F8 93               [ 4]11258 	sub	a, e
      0048F9 78               [ 4]11259 	ld	a, b
      0048FA 9A               [ 4]11260 	sbc	a, d
      0048FB E2r00r49         [10]11261 	jp	PO, 00311$
      0048FE EE 80            [ 7]11262 	xor	a, #0x80
      004900                      11263 00311$:
      004900 F2r10r49         [10]11264 	jp	P, 00102$
                                  11265 ;pocket_platformer.c:1740: dialogue_line += 2;
      004903 3ArB3r00         [13]11266 	ld	a, (_dialogue_line+0)
      004906 C6 02            [ 7]11267 	add	a, #0x02
      004908 32rB3r00         [13]11268 	ld	(_dialogue_line+0), a
                                  11269 ;pocket_platformer.c:1741: render_dialogue();
      00490B CDr26r12         [17]11270 	call	_render_dialogue
      00490E 18 03            [12]11271 	jr	00105$
      004910                      11272 00102$:
                                  11273 ;pocket_platformer.c:1743: close_dialogue();
      004910 CDrCFr12         [17]11274 	call	_close_dialogue
      004913                      11275 00105$:
                                  11276 ;pocket_platformer.c:1746: dialogue_btn_prev = btn;
      004913 DD 7E FF         [19]11277 	ld	a, -1 (ix)
      004916 32r95r05         [13]11278 	ld	(_dialogue_btn_prev+0), a
                                  11279 ;pocket_platformer.c:1747: SMS_waitForVBlank();
      004919 CDr00r00         [17]11280 	call	_SMS_waitForVBlank
                                  11281 ;pocket_platformer.c:1748: SMS_initSprites();
      00491C CDr00r00         [17]11282 	call	_SMS_initSprites
                                  11283 ;pocket_platformer.c:1749: draw_objects();
      00491F CDrC6r0B         [17]11284 	call	_draw_objects
                                  11285 ;pocket_platformer.c:1750: draw_player();
      004922 CDr38r0E         [17]11286 	call	_draw_player
                                  11287 ;pocket_platformer.c:1751: SMS_finalizeSprites();
      004925 CDr00r00         [17]11288 	call	_SMS_finalizeSprites
                                  11289 ;pocket_platformer.c:1752: SMS_copySpritestoSAT();
      004928 CDr00r00         [17]11290 	call	_SMS_copySpritestoSAT
                                  11291 ;pocket_platformer.c:1754: joy      = SMS_getKeysStatus();
      00492B CDr00r00         [17]11292 	call	_SMS_getKeysStatus
      00492E 33               [ 6]11293 	inc	sp
      00492F 33               [ 6]11294 	inc	sp
      004930 D5               [11]11295 	push	de
                                  11296 ;pocket_platformer.c:1756: continue;
      004931 C3r79r48         [10]11297 	jp	00138$
      004934                      11298 00108$:
                                  11299 ;pocket_platformer.c:1759: prev_player_y = player.y;
      004934 21r10r00         [10]11300 	ld	hl, #(_player + 4)
      004937 7E               [ 7]11301 	ld	a, (hl)
      004938 23               [ 6]11302 	inc	hl
      004939 32rADr07         [13]11303 	ld	(_prev_player_y+0), a
      00493C 7E               [ 7]11304 	ld	a, (hl)
      00493D 23               [ 6]11305 	inc	hl
      00493E 32rAEr07         [13]11306 	ld	(_prev_player_y+1), a
      004941 7E               [ 7]11307 	ld	a, (hl)
      004942 23               [ 6]11308 	inc	hl
      004943 32rAFr07         [13]11309 	ld	(_prev_player_y+2), a
      004946 7E               [ 7]11310 	ld	a, (hl)
      004947 32rB0r07         [13]11311 	ld	(_prev_player_y+3), a
                                  11312 ;pocket_platformer.c:1760: handle_input(joy, joy_pressed);
      00494A DD 5E FD         [19]11313 	ld	e, -3 (ix)
      00494D DD 56 FE         [19]11314 	ld	d, -2 (ix)
      004950 E1               [10]11315 	pop	hl
      004951 E5               [11]11316 	push	hl
      004952 CDr89r1E         [17]11317 	call	_handle_input
                                  11318 ;pocket_platformer.c:1762: if (!player.on_ground && !player.jumping && !player.wall_jumping) player.falling = 1;
      004955 3Ar1Cr00         [13]11319 	ld	a, (#(_player + 16) + 0)
      004958 B7               [ 4]11320 	or	a, a
      004959 20 11            [12]11321 	jr	NZ, 00110$
      00495B 3Ar1Er00         [13]11322 	ld	a, (#_player + 18)
      00495E B7               [ 4]11323 	or	a, a
      00495F 20 0B            [12]11324 	jr	NZ, 00110$
      004961 3Ar1Fr00         [13]11325 	ld	a, (#_player + 19)
      004964 B7               [ 4]11326 	or	a, a
      004965 20 05            [12]11327 	jr	NZ, 00110$
      004967 21r1Dr00         [10]11328 	ld	hl, #(_player + 17)
      00496A 36 01            [10]11329 	ld	(hl), #0x01
      00496C                      11330 00110$:
                                  11331 ;pocket_platformer.c:1763: player.on_ground = 0;
      00496C 21r1Cr00         [10]11332 	ld	hl, #(_player + 16)
      00496F 36 00            [10]11333 	ld	(hl), #0x00
                                  11334 ;pocket_platformer.c:1764: apply_gravity();
      004971 CDr49r1E         [17]11335 	call	_apply_gravity
                                  11336 ;pocket_platformer.c:1765: tp_carry_vx = 0; tp_carry_vy = 0;
      004974 AF               [ 4]11337 	xor	a, a
      004975 32r00r00         [13]11338 	ld	(_tp_carry_vx+0), a
      004978 32r01r00         [13]11339 	ld	(_tp_carry_vx+1), a
      00497B 32r02r00         [13]11340 	ld	(_tp_carry_vx+2), a
      00497E 32r03r00         [13]11341 	ld	(_tp_carry_vx+3), a
      004981 AF               [ 4]11342 	xor	a, a
      004982 32r04r00         [13]11343 	ld	(_tp_carry_vy+0), a
      004985 32r05r00         [13]11344 	ld	(_tp_carry_vy+1), a
      004988 32r06r00         [13]11345 	ld	(_tp_carry_vy+2), a
      00498B 32r07r00         [13]11346 	ld	(_tp_carry_vy+3), a
                                  11347 ;pocket_platformer.c:1766: update_tp();
      00498E CDr6Ar15         [17]11348 	call	_update_tp
                                  11349 ;pocket_platformer.c:1767: move_player_x();
      004991 CDr45r28         [17]11350 	call	_move_player_x
                                  11351 ;pocket_platformer.c:1768: move_player_y();
      004994 CDrC8r2A         [17]11352 	call	_move_player_y
                                  11353 ;pocket_platformer.c:1770: if (barrel_active) {
      004997 3Ar6Ar06         [13]11354 	ld	a, (_barrel_active+0)
      00499A B7               [ 4]11355 	or	a, a
      00499B 28 21            [12]11356 	jr	Z, 00114$
                                  11357 ;pocket_platformer.c:1771: barrel_update(joy);
      00499D DD 7E FF         [19]11358 	ld	a, -1 (ix)
      0049A0 CDrAEr1C         [17]11359 	call	_barrel_update
                                  11360 ;pocket_platformer.c:1772: SMS_initSprites();
      0049A3 CDr00r00         [17]11361 	call	_SMS_initSprites
                                  11362 ;pocket_platformer.c:1773: draw_objects();
      0049A6 CDrC6r0B         [17]11363 	call	_draw_objects
                                  11364 ;pocket_platformer.c:1774: draw_barrels();
      0049A9 CDrD4r0C         [17]11365 	call	_draw_barrels
                                  11366 ;pocket_platformer.c:1775: draw_tp();
      0049AC CDrA2r1A         [17]11367 	call	_draw_tp
                                  11368 ;pocket_platformer.c:1776: draw_npcs();
      0049AF CDrB3r0D         [17]11369 	call	_draw_npcs
                                  11370 ;pocket_platformer.c:1777: draw_player();
      0049B2 CDr38r0E         [17]11371 	call	_draw_player
                                  11372 ;pocket_platformer.c:1778: SMS_finalizeSprites();
      0049B5 CDr00r00         [17]11373 	call	_SMS_finalizeSprites
                                  11374 ;pocket_platformer.c:1779: SMS_copySpritestoSAT();
      0049B8 CDr00r00         [17]11375 	call	_SMS_copySpritestoSAT
                                  11376 ;pocket_platformer.c:1780: continue;
      0049BB C3r79r48         [10]11377 	jp	00138$
      0049BE                      11378 00114$:
                                  11379 ;pocket_platformer.c:1782: npc_contact_idx = 0xFF; /* reset each frame */
      0049BE 21r96r05         [10]11380 	ld	hl, #_npc_contact_idx
      0049C1 36 FF            [10]11381 	ld	(hl), #0xff
                                  11382 ;pocket_platformer.c:1783: check_object_collisions();
      0049C3 CDr32r32         [17]11383 	call	_check_object_collisions
                                  11384 ;pocket_platformer.c:1785: if (!dialogue_active && npc_contact_idx != 0xFF) {
      0049C6 3ArB2r00         [13]11385 	ld	a, (_dialogue_active+0)
      0049C9 B7               [ 4]11386 	or	a, a
      0049CA 20 28            [12]11387 	jr	NZ, 00121$
      0049CC 3Ar96r05         [13]11388 	ld	a, (_npc_contact_idx+0)
      0049CF 3C               [ 4]11389 	inc	a
      0049D0 28 22            [12]11390 	jr	Z, 00121$
                                  11391 ;pocket_platformer.c:1786: if (npc_contact_auto) {
      0049D2 3Ar98r05         [13]11392 	ld	a, (_npc_contact_auto+0)
      0049D5 B7               [ 4]11393 	or	a, a
      0049D6 28 0C            [12]11394 	jr	Z, 00118$
                                  11395 ;pocket_platformer.c:1787: open_dialogue(npc_contact_level, npc_contact_idx);
      0049D8 3Ar96r05         [13]11396 	ld	a, (_npc_contact_idx+0)
      0049DB 6F               [ 4]11397 	ld	l, a
                                  11398 ;	spillPairReg hl
                                  11399 ;	spillPairReg hl
      0049DC 3Ar97r05         [13]11400 	ld	a, (_npc_contact_level+0)
      0049DF CDr00r12         [17]11401 	call	_open_dialogue
      0049E2 18 10            [12]11402 	jr	00121$
      0049E4                      11403 00118$:
                                  11404 ;pocket_platformer.c:1788: } else if (joy_pressed & PORT_A_KEY_1) {
      0049E4 DD CB FD 66      [20]11405 	bit	4, -3 (ix)
      0049E8 28 0A            [12]11406 	jr	Z, 00121$
                                  11407 ;pocket_platformer.c:1789: open_dialogue(npc_contact_level, npc_contact_idx);
      0049EA 3Ar96r05         [13]11408 	ld	a, (_npc_contact_idx+0)
      0049ED 6F               [ 4]11409 	ld	l, a
                                  11410 ;	spillPairReg hl
                                  11411 ;	spillPairReg hl
      0049EE 3Ar97r05         [13]11412 	ld	a, (_npc_contact_level+0)
      0049F1 CDr00r12         [17]11413 	call	_open_dialogue
      0049F4                      11414 00121$:
                                  11415 ;pocket_platformer.c:1793: if (!player_died && res_header->spike_vram_idx) {
      0049F4 3ArB0r00         [13]11416 	ld	a, (_player_died+0)
      0049F7 B7               [ 4]11417 	or	a, a
      0049F8 C2r0Ar4D         [10]11418 	jp	NZ, 00129$
                                  11419 ;pocket_platformer.c:1725: total = res_header->level_count;
      0049FB 2Ar00r00         [16]11420 	ld	hl, (_res_header)
                                  11421 ;pocket_platformer.c:1793: if (!player_died && res_header->spike_vram_idx) {
      0049FE 11 26 00         [10]11422 	ld	de, #0x0026
      004A01 19               [11]11423 	add	hl, de
      004A02 7E               [ 7]11424 	ld	a, (hl)
      004A03 B7               [ 4]11425 	or	a, a
      004A04 CAr0Ar4D         [10]11426 	jp	Z, 00129$
                                  11427 ;pocket_platformer.c:1794: unsigned char sv = res_header->spike_vram_idx;
      004A07 DD 77 E8         [19]11428 	ld	-24 (ix), a
                                  11429 ;pocket_platformer.c:1795: long px = player.x >> 8, py = player.y >> 8;
      004A0A ED 5Br0Cr00      [20]11430 	ld	de, (#_player + 0)
      004A0E 2Ar0Er00         [16]11431 	ld	hl, (#_player + 2)
      004A11 06 08            [ 7]11432 	ld	b, #0x08
      004A13                      11433 00314$:
      004A13 CB 2C            [ 8]11434 	sra	h
      004A15 CB 1D            [ 8]11435 	rr	l
      004A17 CB 1A            [ 8]11436 	rr	d
      004A19 CB 1B            [ 8]11437 	rr	e
      004A1B 10 F6            [13]11438 	djnz	00314$
      004A1D DD 73 FC         [19]11439 	ld	-4 (ix), e
      004A20 DD 72 FD         [19]11440 	ld	-3 (ix), d
      004A23 DD 75 FE         [19]11441 	ld	-2 (ix), l
      004A26 DD 74 FF         [19]11442 	ld	-1 (ix), h
      004A29 ED 5Br10r00      [20]11443 	ld	de, (#(_player + 4) + 0)
      004A2D 2Ar12r00         [16]11444 	ld	hl, (#(_player + 4) + 2)
      004A30 06 08            [ 7]11445 	ld	b, #0x08
      004A32                      11446 00316$:
      004A32 CB 2C            [ 8]11447 	sra	h
      004A34 CB 1D            [ 8]11448 	rr	l
      004A36 CB 1A            [ 8]11449 	rr	d
      004A38 CB 1B            [ 8]11450 	rr	e
      004A3A 10 F6            [13]11451 	djnz	00316$
      004A3C DD 73 F2         [19]11452 	ld	-14 (ix), e
      004A3F DD 72 F3         [19]11453 	ld	-13 (ix), d
      004A42 DD 75 F4         [19]11454 	ld	-12 (ix), l
      004A45 DD 74 F5         [19]11455 	ld	-11 (ix), h
                                  11456 ;pocket_platformer.c:1796: map_res_bank();
      004A48 21 FF FF         [10]11457 	ld	hl, #_ROM_bank_to_be_mapped_on_slot2
      004A4B 36 02            [10]11458 	ld	(hl), #0x02
                                  11459 ;pocket_platformer.c:1797: if (get_tile((unsigned char)((px+1)/TILE_SIZE),             (unsigned char)(py/TILE_SIZE))           == sv ||
      004A4D 21 14 00         [10]11460 	ld	hl, #20
      004A50 39               [11]11461 	add	hl, sp
      004A51 EB               [ 4]11462 	ex	de, hl
      004A52 21 0E 00         [10]11463 	ld	hl, #14
      004A55 39               [11]11464 	add	hl, sp
      004A56 01 04 00         [10]11465 	ld	bc, #4
      004A59 ED B0            [21]11466 	ldir
      004A5B DD 7E F5         [19]11467 	ld	a, -11 (ix)
      004A5E 07               [ 4]11468 	rlca
      004A5F E6 01            [ 7]11469 	and	a,#0x01
      004A61 DD 77 F6         [19]11470 	ld	-10 (ix), a
      004A64 DD 7E F2         [19]11471 	ld	a, -14 (ix)
      004A67 C6 07            [ 7]11472 	add	a, #0x07
      004A69 DD 77 E9         [19]11473 	ld	-23 (ix), a
      004A6C DD 7E F3         [19]11474 	ld	a, -13 (ix)
      004A6F CE 00            [ 7]11475 	adc	a, #0x00
      004A71 DD 77 EA         [19]11476 	ld	-22 (ix), a
      004A74 DD 7E F4         [19]11477 	ld	a, -12 (ix)
      004A77 CE 00            [ 7]11478 	adc	a, #0x00
      004A79 DD 77 EB         [19]11479 	ld	-21 (ix), a
      004A7C DD 7E F5         [19]11480 	ld	a, -11 (ix)
      004A7F CE 00            [ 7]11481 	adc	a, #0x00
      004A81 DD 77 EC         [19]11482 	ld	-20 (ix), a
      004A84 DD 7E F6         [19]11483 	ld	a, -10 (ix)
      004A87 B7               [ 4]11484 	or	a, a
      004A88 28 0E            [12]11485 	jr	Z, 00145$
      004A8A 21 14 00         [10]11486 	ld	hl, #20
      004A8D 39               [11]11487 	add	hl, sp
      004A8E EB               [ 4]11488 	ex	de, hl
      004A8F 21 05 00         [10]11489 	ld	hl, #5
      004A92 39               [11]11490 	add	hl, sp
      004A93 01 04 00         [10]11491 	ld	bc, #4
      004A96 ED B0            [21]11492 	ldir
      004A98                      11493 00145$:
      004A98 DD 4E F8         [19]11494 	ld	c, -8 (ix)
      004A9B DD 46 F9         [19]11495 	ld	b, -7 (ix)
      004A9E CB 38            [ 8]11496 	srl	b
      004AA0 CB 19            [ 8]11497 	rr	c
      004AA2 CB 38            [ 8]11498 	srl	b
      004AA4 CB 19            [ 8]11499 	rr	c
      004AA6 CB 38            [ 8]11500 	srl	b
      004AA8 CB 19            [ 8]11501 	rr	c
      004AAA DD 71 F7         [19]11502 	ld	-9 (ix), c
      004AAD DD 7E FC         [19]11503 	ld	a, -4 (ix)
      004AB0 C6 01            [ 7]11504 	add	a, #0x01
      004AB2 4F               [ 4]11505 	ld	c, a
      004AB3 DD 7E FD         [19]11506 	ld	a, -3 (ix)
      004AB6 CE 00            [ 7]11507 	adc	a, #0x00
      004AB8 47               [ 4]11508 	ld	b, a
      004AB9 DD 7E FE         [19]11509 	ld	a, -2 (ix)
      004ABC CE 00            [ 7]11510 	adc	a, #0x00
      004ABE 5F               [ 4]11511 	ld	e, a
      004ABF DD 7E FF         [19]11512 	ld	a, -1 (ix)
      004AC2 CE 00            [ 7]11513 	adc	a, #0x00
      004AC4 57               [ 4]11514 	ld	d, a
      004AC5 DD 71 F8         [19]11515 	ld	-8 (ix), c
      004AC8 DD 70 F9         [19]11516 	ld	-7 (ix), b
      004ACB DD 73 FA         [19]11517 	ld	-6 (ix), e
      004ACE DD 72 FB         [19]11518 	ld	-5 (ix), d
      004AD1 7A               [ 4]11519 	ld	a, d
      004AD2 07               [ 4]11520 	rlca
      004AD3 E6 01            [ 7]11521 	and	a,#0x01
      004AD5 DD 77 ED         [19]11522 	ld	-19 (ix), a
      004AD8 79               [ 4]11523 	ld	a, c
      004AD9 C6 07            [ 7]11524 	add	a, #0x07
      004ADB DD 77 EE         [19]11525 	ld	-18 (ix), a
      004ADE 78               [ 4]11526 	ld	a, b
      004ADF CE 00            [ 7]11527 	adc	a, #0x00
      004AE1 DD 77 EF         [19]11528 	ld	-17 (ix), a
      004AE4 7B               [ 4]11529 	ld	a, e
      004AE5 CE 00            [ 7]11530 	adc	a, #0x00
      004AE7 DD 77 F0         [19]11531 	ld	-16 (ix), a
      004AEA 7A               [ 4]11532 	ld	a, d
      004AEB CE 00            [ 7]11533 	adc	a, #0x00
      004AED DD 77 F1         [19]11534 	ld	-15 (ix), a
      004AF0 DD 7E ED         [19]11535 	ld	a, -19 (ix)
      004AF3 B7               [ 4]11536 	or	a, a
      004AF4 28 18            [12]11537 	jr	Z, 00146$
      004AF6 DD 7E EE         [19]11538 	ld	a, -18 (ix)
      004AF9 DD 77 F8         [19]11539 	ld	-8 (ix), a
      004AFC DD 7E EF         [19]11540 	ld	a, -17 (ix)
      004AFF DD 77 F9         [19]11541 	ld	-7 (ix), a
      004B02 DD 7E F0         [19]11542 	ld	a, -16 (ix)
      004B05 DD 77 FA         [19]11543 	ld	-6 (ix), a
      004B08 DD 7E F1         [19]11544 	ld	a, -15 (ix)
      004B0B DD 77 FB         [19]11545 	ld	-5 (ix), a
      004B0E                      11546 00146$:
      004B0E DD 66 F8         [19]11547 	ld	h, -8 (ix)
                                  11548 ;	spillPairReg hl
                                  11549 ;	spillPairReg hl
      004B11 DD 6E F9         [19]11550 	ld	l, -7 (ix)
                                  11551 ;	spillPairReg hl
                                  11552 ;	spillPairReg hl
      004B14 CB 3D            [ 8]11553 	srl	l
      004B16 CB 1C            [ 8]11554 	rr	h
      004B18 CB 3D            [ 8]11555 	srl	l
      004B1A CB 1C            [ 8]11556 	rr	h
      004B1C CB 3D            [ 8]11557 	srl	l
      004B1E CB 1C            [ 8]11558 	rr	h
      004B20 C5               [11]11559 	push	bc
      004B21 D5               [11]11560 	push	de
      004B22 DD 6E F7         [19]11561 	ld	l, -9 (ix)
                                  11562 ;	spillPairReg hl
                                  11563 ;	spillPairReg hl
      004B25 7C               [ 4]11564 	ld	a, h
      004B26 CDr2Er01         [17]11565 	call	_get_tile
      004B29 6F               [ 4]11566 	ld	l, a
                                  11567 ;	spillPairReg hl
                                  11568 ;	spillPairReg hl
      004B2A D1               [10]11569 	pop	de
      004B2B C1               [10]11570 	pop	bc
      004B2C DD 7E E8         [19]11571 	ld	a, -24 (ix)
      004B2F 95               [ 4]11572 	sub	a, l
      004B30 CAr05r4D         [10]11573 	jp	Z,00123$
                                  11574 ;pocket_platformer.c:1798: get_tile((unsigned char)((px+PLAYER_W-2)/TILE_SIZE),    (unsigned char)(py/TILE_SIZE))           == sv ||
      004B33 DD 7E F2         [19]11575 	ld	a, -14 (ix)
      004B36 DD 77 F8         [19]11576 	ld	-8 (ix), a
      004B39 DD 7E F3         [19]11577 	ld	a, -13 (ix)
      004B3C DD 77 F9         [19]11578 	ld	-7 (ix), a
      004B3F DD 7E F4         [19]11579 	ld	a, -12 (ix)
      004B42 DD 77 FA         [19]11580 	ld	-6 (ix), a
      004B45 DD 7E F5         [19]11581 	ld	a, -11 (ix)
      004B48 DD 77 FB         [19]11582 	ld	-5 (ix), a
      004B4B DD 7E F6         [19]11583 	ld	a, -10 (ix)
      004B4E B7               [ 4]11584 	or	a, a
      004B4F 28 18            [12]11585 	jr	Z, 00147$
      004B51 DD 7E E9         [19]11586 	ld	a, -23 (ix)
      004B54 DD 77 F8         [19]11587 	ld	-8 (ix), a
      004B57 DD 7E EA         [19]11588 	ld	a, -22 (ix)
      004B5A DD 77 F9         [19]11589 	ld	-7 (ix), a
      004B5D DD 7E EB         [19]11590 	ld	a, -21 (ix)
      004B60 DD 77 FA         [19]11591 	ld	-6 (ix), a
      004B63 DD 7E EC         [19]11592 	ld	a, -20 (ix)
      004B66 DD 77 FB         [19]11593 	ld	-5 (ix), a
      004B69                      11594 00147$:
      004B69 DD 6E F8         [19]11595 	ld	l, -8 (ix)
                                  11596 ;	spillPairReg hl
                                  11597 ;	spillPairReg hl
      004B6C DD 66 F9         [19]11598 	ld	h, -7 (ix)
                                  11599 ;	spillPairReg hl
                                  11600 ;	spillPairReg hl
      004B6F CB 3C            [ 8]11601 	srl	h
      004B71 CB 1D            [ 8]11602 	rr	l
      004B73 CB 3C            [ 8]11603 	srl	h
      004B75 CB 1D            [ 8]11604 	rr	l
      004B77 CB 3C            [ 8]11605 	srl	h
      004B79 CB 1D            [ 8]11606 	rr	l
      004B7B DD 75 FB         [19]11607 	ld	-5 (ix), l
      004B7E DD 7E FC         [19]11608 	ld	a, -4 (ix)
      004B81 C6 04            [ 7]11609 	add	a, #0x04
      004B83 DD 77 F2         [19]11610 	ld	-14 (ix), a
      004B86 DD 7E FD         [19]11611 	ld	a, -3 (ix)
      004B89 CE 00            [ 7]11612 	adc	a, #0x00
      004B8B DD 77 F3         [19]11613 	ld	-13 (ix), a
      004B8E DD 7E FE         [19]11614 	ld	a, -2 (ix)
      004B91 CE 00            [ 7]11615 	adc	a, #0x00
      004B93 DD 77 F4         [19]11616 	ld	-12 (ix), a
      004B96 DD 7E FF         [19]11617 	ld	a, -1 (ix)
      004B99 CE 00            [ 7]11618 	adc	a, #0x00
      004B9B DD 77 F5         [19]11619 	ld	-11 (ix), a
      004B9E DD 7E F2         [19]11620 	ld	a, -14 (ix)
      004BA1 DD 77 FC         [19]11621 	ld	-4 (ix), a
      004BA4 DD 7E F3         [19]11622 	ld	a, -13 (ix)
      004BA7 DD 77 FD         [19]11623 	ld	-3 (ix), a
      004BAA DD 7E F4         [19]11624 	ld	a, -12 (ix)
      004BAD DD 77 FE         [19]11625 	ld	-2 (ix), a
      004BB0 DD 7E F5         [19]11626 	ld	a, -11 (ix)
      004BB3 DD 77 FF         [19]11627 	ld	-1 (ix), a
      004BB6 DD 7E F5         [19]11628 	ld	a, -11 (ix)
      004BB9 07               [ 4]11629 	rlca
      004BBA E6 01            [ 7]11630 	and	a,#0x01
      004BBC DD 77 F6         [19]11631 	ld	-10 (ix), a
      004BBF DD 7E F2         [19]11632 	ld	a, -14 (ix)
      004BC2 C6 07            [ 7]11633 	add	a, #0x07
      004BC4 DD 77 F7         [19]11634 	ld	-9 (ix), a
      004BC7 DD 7E F3         [19]11635 	ld	a, -13 (ix)
      004BCA CE 00            [ 7]11636 	adc	a, #0x00
      004BCC DD 77 F8         [19]11637 	ld	-8 (ix), a
      004BCF DD 7E F4         [19]11638 	ld	a, -12 (ix)
      004BD2 CE 00            [ 7]11639 	adc	a, #0x00
      004BD4 DD 77 F9         [19]11640 	ld	-7 (ix), a
      004BD7 DD 7E F5         [19]11641 	ld	a, -11 (ix)
      004BDA CE 00            [ 7]11642 	adc	a, #0x00
      004BDC DD 77 FA         [19]11643 	ld	-6 (ix), a
      004BDF DD 7E F6         [19]11644 	ld	a, -10 (ix)
      004BE2 B7               [ 4]11645 	or	a, a
      004BE3 28 18            [12]11646 	jr	Z, 00148$
      004BE5 DD 7E F7         [19]11647 	ld	a, -9 (ix)
      004BE8 DD 77 FC         [19]11648 	ld	-4 (ix), a
      004BEB DD 7E F8         [19]11649 	ld	a, -8 (ix)
      004BEE DD 77 FD         [19]11650 	ld	-3 (ix), a
      004BF1 DD 7E F9         [19]11651 	ld	a, -7 (ix)
      004BF4 DD 77 FE         [19]11652 	ld	-2 (ix), a
      004BF7 DD 7E FA         [19]11653 	ld	a, -6 (ix)
      004BFA DD 77 FF         [19]11654 	ld	-1 (ix), a
      004BFD                      11655 00148$:
      004BFD DD 66 FC         [19]11656 	ld	h, -4 (ix)
                                  11657 ;	spillPairReg hl
                                  11658 ;	spillPairReg hl
      004C00 DD 6E FD         [19]11659 	ld	l, -3 (ix)
                                  11660 ;	spillPairReg hl
                                  11661 ;	spillPairReg hl
      004C03 CB 3D            [ 8]11662 	srl	l
      004C05 CB 1C            [ 8]11663 	rr	h
      004C07 CB 3D            [ 8]11664 	srl	l
      004C09 CB 1C            [ 8]11665 	rr	h
      004C0B CB 3D            [ 8]11666 	srl	l
      004C0D CB 1C            [ 8]11667 	rr	h
      004C0F C5               [11]11668 	push	bc
      004C10 D5               [11]11669 	push	de
      004C11 DD 6E FB         [19]11670 	ld	l, -5 (ix)
                                  11671 ;	spillPairReg hl
                                  11672 ;	spillPairReg hl
      004C14 7C               [ 4]11673 	ld	a, h
      004C15 CDr2Er01         [17]11674 	call	_get_tile
      004C18 6F               [ 4]11675 	ld	l, a
                                  11676 ;	spillPairReg hl
                                  11677 ;	spillPairReg hl
      004C19 D1               [10]11678 	pop	de
      004C1A C1               [10]11679 	pop	bc
      004C1B DD 7E E8         [19]11680 	ld	a, -24 (ix)
      004C1E 95               [ 4]11681 	sub	a, l
      004C1F CAr05r4D         [10]11682 	jp	Z,00123$
                                  11683 ;pocket_platformer.c:1799: get_tile((unsigned char)((px+1)/TILE_SIZE),             (unsigned char)((py+PLAYER_H-1)/TILE_SIZE)) == sv ||
      004C22 DD 6E E9         [19]11684 	ld	l, -23 (ix)
                                  11685 ;	spillPairReg hl
                                  11686 ;	spillPairReg hl
      004C25 DD 66 EA         [19]11687 	ld	h, -22 (ix)
                                  11688 ;	spillPairReg hl
                                  11689 ;	spillPairReg hl
      004C28 FD E5            [15]11690 	push	iy
      004C2A E3               [19]11691 	ex	(sp), hl
      004C2B DD 6E EB         [19]11692 	ld	l, -21 (ix)
                                  11693 ;	spillPairReg hl
                                  11694 ;	spillPairReg hl
      004C2E E3               [19]11695 	ex	(sp), hl
      004C2F E3               [19]11696 	ex	(sp), hl
      004C30 DD 66 EC         [19]11697 	ld	h, -20 (ix)
                                  11698 ;	spillPairReg hl
                                  11699 ;	spillPairReg hl
      004C33 E3               [19]11700 	ex	(sp), hl
      004C34 FD E1            [14]11701 	pop	iy
      004C36 DD 7E EC         [19]11702 	ld	a, -20 (ix)
      004C39 07               [ 4]11703 	rlca
      004C3A E6 01            [ 7]11704 	and	a,#0x01
      004C3C DD 77 FB         [19]11705 	ld	-5 (ix), a
      004C3F DD 7E E9         [19]11706 	ld	a, -23 (ix)
      004C42 C6 07            [ 7]11707 	add	a, #0x07
      004C44 DD 77 FC         [19]11708 	ld	-4 (ix), a
      004C47 DD 7E EA         [19]11709 	ld	a, -22 (ix)
      004C4A CE 00            [ 7]11710 	adc	a, #0x00
      004C4C DD 77 FD         [19]11711 	ld	-3 (ix), a
      004C4F DD 7E EB         [19]11712 	ld	a, -21 (ix)
      004C52 CE 00            [ 7]11713 	adc	a, #0x00
      004C54 DD 77 FE         [19]11714 	ld	-2 (ix), a
      004C57 DD 7E EC         [19]11715 	ld	a, -20 (ix)
      004C5A CE 00            [ 7]11716 	adc	a, #0x00
      004C5C DD 77 FF         [19]11717 	ld	-1 (ix), a
      004C5F DD 7E FB         [19]11718 	ld	a, -5 (ix)
      004C62 B7               [ 4]11719 	or	a, a
      004C63 28 14            [12]11720 	jr	Z, 00149$
      004C65 DD 6E FC         [19]11721 	ld	l, -4 (ix)
                                  11722 ;	spillPairReg hl
                                  11723 ;	spillPairReg hl
      004C68 DD 66 FD         [19]11724 	ld	h, -3 (ix)
                                  11725 ;	spillPairReg hl
                                  11726 ;	spillPairReg hl
      004C6B FD E5            [15]11727 	push	iy
      004C6D E3               [19]11728 	ex	(sp), hl
      004C6E DD 6E FE         [19]11729 	ld	l, -2 (ix)
                                  11730 ;	spillPairReg hl
                                  11731 ;	spillPairReg hl
      004C71 E3               [19]11732 	ex	(sp), hl
      004C72 E3               [19]11733 	ex	(sp), hl
      004C73 DD 66 FF         [19]11734 	ld	h, -1 (ix)
                                  11735 ;	spillPairReg hl
                                  11736 ;	spillPairReg hl
      004C76 E3               [19]11737 	ex	(sp), hl
      004C77 FD E1            [14]11738 	pop	iy
      004C79                      11739 00149$:
      004C79 CB 3C            [ 8]11740 	srl	h
      004C7B CB 1D            [ 8]11741 	rr	l
      004C7D CB 3C            [ 8]11742 	srl	h
      004C7F CB 1D            [ 8]11743 	rr	l
      004C81 CB 3C            [ 8]11744 	srl	h
      004C83 CB 1D            [ 8]11745 	rr	l
      004C85 DD 7E ED         [19]11746 	ld	a, -19 (ix)
      004C88 B7               [ 4]11747 	or	a, a
      004C89 28 06            [12]11748 	jr	Z, 00150$
      004C8B DD 4E EE         [19]11749 	ld	c, -18 (ix)
      004C8E DD 46 EF         [19]11750 	ld	b, -17 (ix)
      004C91                      11751 00150$:
      004C91 CB 38            [ 8]11752 	srl	b
      004C93 CB 19            [ 8]11753 	rr	c
      004C95 CB 38            [ 8]11754 	srl	b
      004C97 CB 19            [ 8]11755 	rr	c
      004C99 CB 38            [ 8]11756 	srl	b
      004C9B CB 19            [ 8]11757 	rr	c
      004C9D 79               [ 4]11758 	ld	a, c
      004C9E CDr2Er01         [17]11759 	call	_get_tile
      004CA1 4F               [ 4]11760 	ld	c, a
      004CA2 DD 7E E8         [19]11761 	ld	a, -24 (ix)
      004CA5 91               [ 4]11762 	sub	a, c
      004CA6 28 5D            [12]11763 	jr	Z, 00123$
                                  11764 ;pocket_platformer.c:1800: get_tile((unsigned char)((px+PLAYER_W-2)/TILE_SIZE),    (unsigned char)((py+PLAYER_H-1)/TILE_SIZE)) == sv)
      004CA8 21 0A 00         [10]11765 	ld	hl, #10
      004CAB 39               [11]11766 	add	hl, sp
      004CAC EB               [ 4]11767 	ex	de, hl
      004CAD 21 05 00         [10]11768 	ld	hl, #5
      004CB0 39               [11]11769 	add	hl, sp
      004CB1 01 04 00         [10]11770 	ld	bc, #4
      004CB4 ED B0            [21]11771 	ldir
      004CB6 DD 7E FB         [19]11772 	ld	a, -5 (ix)
      004CB9 B7               [ 4]11773 	or	a, a
      004CBA 28 0E            [12]11774 	jr	Z, 00151$
      004CBC 21 0A 00         [10]11775 	ld	hl, #10
      004CBF 39               [11]11776 	add	hl, sp
      004CC0 EB               [ 4]11777 	ex	de, hl
      004CC1 21 18 00         [10]11778 	ld	hl, #24
      004CC4 39               [11]11779 	add	hl, sp
      004CC5 01 04 00         [10]11780 	ld	bc, #4
      004CC8 ED B0            [21]11781 	ldir
      004CCA                      11782 00151$:
      004CCA DD 6E EE         [19]11783 	ld	l, -18 (ix)
                                  11784 ;	spillPairReg hl
                                  11785 ;	spillPairReg hl
      004CCD DD 66 EF         [19]11786 	ld	h, -17 (ix)
                                  11787 ;	spillPairReg hl
                                  11788 ;	spillPairReg hl
      004CD0 CB 3C            [ 8]11789 	srl	h
      004CD2 CB 1D            [ 8]11790 	rr	l
      004CD4 CB 3C            [ 8]11791 	srl	h
      004CD6 CB 1D            [ 8]11792 	rr	l
      004CD8 CB 3C            [ 8]11793 	srl	h
      004CDA CB 1D            [ 8]11794 	rr	l
      004CDC DD 4E F2         [19]11795 	ld	c, -14 (ix)
      004CDF DD 46 F3         [19]11796 	ld	b, -13 (ix)
      004CE2 DD 7E F6         [19]11797 	ld	a, -10 (ix)
      004CE5 B7               [ 4]11798 	or	a, a
      004CE6 28 06            [12]11799 	jr	Z, 00152$
      004CE8 DD 4E F7         [19]11800 	ld	c, -9 (ix)
      004CEB DD 46 F8         [19]11801 	ld	b, -8 (ix)
      004CEE                      11802 00152$:
      004CEE CB 38            [ 8]11803 	srl	b
      004CF0 CB 19            [ 8]11804 	rr	c
      004CF2 CB 38            [ 8]11805 	srl	b
      004CF4 CB 19            [ 8]11806 	rr	c
      004CF6 CB 38            [ 8]11807 	srl	b
      004CF8 CB 19            [ 8]11808 	rr	c
      004CFA 79               [ 4]11809 	ld	a, c
      004CFB CDr2Er01         [17]11810 	call	_get_tile
      004CFE 4F               [ 4]11811 	ld	c, a
      004CFF DD 7E E8         [19]11812 	ld	a, -24 (ix)
      004D02 91               [ 4]11813 	sub	a, c
      004D03 20 05            [12]11814 	jr	NZ, 00129$
      004D05                      11815 00123$:
                                  11816 ;pocket_platformer.c:1801: player_died = 1;
      004D05 21rB0r00         [10]11817 	ld	hl, #_player_died
      004D08 36 01            [10]11818 	ld	(hl), #0x01
      004D0A                      11819 00129$:
                                  11820 ;pocket_platformer.c:1803: check_rb_switch();
      004D0A CDr26r3B         [17]11821 	call	_check_rb_switch
                                  11822 ;pocket_platformer.c:1804: update_disappearing_blocks();
      004D0D CDr6Ar3F         [17]11823 	call	_update_disappearing_blocks
                                  11824 ;pocket_platformer.c:1805: update_camera();
      004D10 CDrA6r44         [17]11825 	call	_update_camera
                                  11826 ;pocket_platformer.c:1806: update_anim();
      004D13 CDrB1r44         [17]11827 	call	_update_anim
                                  11828 ;pocket_platformer.c:1808: SMS_initSprites();
      004D16 CDr00r00         [17]11829 	call	_SMS_initSprites
                                  11830 ;pocket_platformer.c:1809: draw_objects();
      004D19 CDrC6r0B         [17]11831 	call	_draw_objects
                                  11832 ;pocket_platformer.c:1810: draw_barrels();
      004D1C CDrD4r0C         [17]11833 	call	_draw_barrels
                                  11834 ;pocket_platformer.c:1811: draw_tp();
      004D1F CDrA2r1A         [17]11835 	call	_draw_tp
                                  11836 ;pocket_platformer.c:1812: draw_npcs();
      004D22 CDrB3r0D         [17]11837 	call	_draw_npcs
                                  11838 ;pocket_platformer.c:1813: draw_player();
      004D25 CDr38r0E         [17]11839 	call	_draw_player
                                  11840 ;pocket_platformer.c:1814: SMS_finalizeSprites();
      004D28 CDr00r00         [17]11841 	call	_SMS_finalizeSprites
                                  11842 ;pocket_platformer.c:1815: SMS_copySpritestoSAT();
      004D2B CDr00r00         [17]11843 	call	_SMS_copySpritestoSAT
                                  11844 ;pocket_platformer.c:1817: if (player_died) {
      004D2E 3ArB0r00         [13]11845 	ld	a, (_player_died+0)
      004D31 B7               [ 4]11846 	or	a, a
      004D32 28 09            [12]11847 	jr	Z, 00135$
                                  11848 ;pocket_platformer.c:1818: death_sequence(level_n);
      004D34 DD 7E E6         [19]11849 	ld	a, -26 (ix)
      004D37 CDr20r48         [17]11850 	call	_death_sequence
      004D3A C3r79r48         [10]11851 	jp	00138$
      004D3D                      11852 00135$:
                                  11853 ;pocket_platformer.c:1819: } else if (level_complete) {
      004D3D 3ArAFr00         [13]11854 	ld	a, (_level_complete+0)
      004D40 B7               [ 4]11855 	or	a, a
      004D41 CAr79r48         [10]11856 	jp	Z, 00138$
                                  11857 ;pocket_platformer.c:1821: for (i = 0; i < 60; i++) SMS_waitForVBlank();
      004D44 0E 3C            [ 7]11858 	ld	c, #0x3c
      004D46                      11859 00142$:
      004D46 C5               [11]11860 	push	bc
      004D47 CDr00r00         [17]11861 	call	_SMS_waitForVBlank
      004D4A C1               [10]11862 	pop	bc
      004D4B 0D               [ 4]11863 	dec	c
      004D4C 20 F8            [12]11864 	jr	NZ, 00142$
                                  11865 ;pocket_platformer.c:1822: level_n = (level_n + 1 < total) ? level_n + 1 : 0;
      004D4E DD 4E E6         [19]11866 	ld	c, -26 (ix)
      004D51 06 00            [ 7]11867 	ld	b, #0x00
      004D53 03               [ 6]11868 	inc	bc
      004D54 DD 5E E7         [19]11869 	ld	e, -25 (ix)
      004D57 16 00            [ 7]11870 	ld	d, #0x00
      004D59 79               [ 4]11871 	ld	a, c
      004D5A 93               [ 4]11872 	sub	a, e
      004D5B 78               [ 4]11873 	ld	a, b
      004D5C 9A               [ 4]11874 	sbc	a, d
      004D5D E2r62r4D         [10]11875 	jp	PO, 00323$
      004D60 EE 80            [ 7]11876 	xor	a, #0x80
      004D62                      11877 00323$:
      004D62 F2r7Br4D         [10]11878 	jp	P, 00153$
      004D65 DD 7E E6         [19]11879 	ld	a, -26 (ix)
      004D68 DD 77 FF         [19]11880 	ld	-1 (ix), a
      004D6B DD 34 FF         [23]11881 	inc	-1 (ix)
      004D6E DD 7E FF         [19]11882 	ld	a, -1 (ix)
      004D71 DD 77 FE         [19]11883 	ld	-2 (ix), a
      004D74 07               [ 4]11884 	rlca
      004D75 9F               [ 4]11885 	sbc	a, a
      004D76 DD 77 FF         [19]11886 	ld	-1 (ix), a
      004D79 18 07            [12]11887 	jr	00154$
      004D7B                      11888 00153$:
      004D7B AF               [ 4]11889 	xor	a, a
      004D7C DD 77 FE         [19]11890 	ld	-2 (ix), a
      004D7F DD 77 FF         [19]11891 	ld	-1 (ix), a
      004D82                      11892 00154$:
      004D82 DD 7E FE         [19]11893 	ld	a, -2 (ix)
                                  11894 ;pocket_platformer.c:1823: load_level(level_n);
      004D85 DD 77 E6         [19]11895 	ld	-26 (ix), a
      004D88 CDrC6r44         [17]11896 	call	_load_level
                                  11897 ;pocket_platformer.c:1826: }
      004D8B C3r79r48         [10]11898 	jp	00138$
                                  11899 ;pocket_platformer.c:1831: static void title_screen(void) {
                                  11900 ;	---------------------------------
                                  11901 ; Function title_screen
                                  11902 ; ---------------------------------
      004D8E                      11903 _title_screen:
                                  11904 ;pocket_platformer.c:1833: SMS_waitForVBlank();
      004D8E CDr00r00         [17]11905 	call	_SMS_waitForVBlank
                                  11906 ;pocket_platformer.c:1834: SMS_displayOff();
      004D91 21 40 01         [10]11907 	ld	hl, #0x0140
      004D94 CDr00r00         [17]11908 	call	_SMS_VDPturnOffFeature
                                  11909 ;pocket_platformer.c:1835: SMS_VRAMmemsetW(0, 0, 16 * 1024);
      004D97 21 00 40         [10]11910 	ld	hl, #0x4000
      004D9A E5               [11]11911 	push	hl
      004D9B 11 00 00         [10]11912 	ld	de, #0x0000
      004D9E 65               [ 4]11913 	ld	h, l
      004D9F CDr00r00         [17]11914 	call	_SMS_VRAMmemsetW
                                  11915 ;pocket_platformer.c:1836: SMS_zeroBGPalette();
      004DA2 CDr00r00         [17]11916 	call	_SMS_zeroBGPalette
                                  11917 ;pocket_platformer.c:1837: SMS_zeroSpritePalette();
      004DA5 CDr00r00         [17]11918 	call	_SMS_zeroSpritePalette
                                  11919 ;pocket_platformer.c:1838: SMS_setBGPaletteColor(1, 0x3F);
      004DA8 2E 3F            [ 7]11920 	ld	l, #0x3f
                                  11921 ;	spillPairReg hl
                                  11922 ;	spillPairReg hl
      004DAA 3E 01            [ 7]11923 	ld	a, #0x01
      004DAC CDr00r00         [17]11924 	call	_SMS_setBGPaletteColor
                                  11925 ;pocket_platformer.c:1839: SMS_load1bppTiles(font_1bpp, VRAM_TILE_FONT, font_1bpp_size, 0, 1);
      004DAF 21 00 01         [10]11926 	ld	hl, #0x100
      004DB2 E5               [11]11927 	push	hl
      004DB3 2Ar00r00         [16]11928 	ld	hl, (_font_1bpp_size)
      004DB6 E5               [11]11929 	push	hl
      004DB7 11 60 01         [10]11930 	ld	de, #0x0160
      004DBA 21r00r00         [10]11931 	ld	hl, #_font_1bpp
      004DBD CDr00r00         [17]11932 	call	_SMS_load1bppTiles
                                  11933 ;pocket_platformer.c:1840: SMS_configureTextRenderer(VRAM_TILE_FONT - 32);
      004DC0 21 40 01         [10]11934 	ld	hl, #0x0140
      004DC3 CDr00r00         [17]11935 	call	_SMS_configureTextRenderer
                                  11936 ;pocket_platformer.c:1841: SMS_displayOn();
      004DC6 21 40 01         [10]11937 	ld	hl, #0x0140
      004DC9 CDr00r00         [17]11938 	call	_SMS_VDPturnOnFeature
                                  11939 ;pocket_platformer.c:1842: SMS_printatXY(4,  8, "POCKET PLATFORMER");
      004DCC 21 08 7A         [10]11940 	ld	hl, #0x7a08
      004DCF CF               [11]11941 	rst	#0x08
      004DD0 21r01r4E         [10]11942 	ld	hl, #___str_2
      004DD3 CDr00r00         [17]11943 	call	_SMS_print
                                  11944 ;pocket_platformer.c:1843: SMS_printatXY(3, 10, "for Sega Master System");
      004DD6 21 86 7A         [10]11945 	ld	hl, #0x7a86
      004DD9 CF               [11]11946 	rst	#0x08
      004DDA 21r13r4E         [10]11947 	ld	hl, #___str_3
      004DDD CDr00r00         [17]11948 	call	_SMS_print
                                  11949 ;pocket_platformer.c:1844: SMS_printatXY(4, 14, "Press 1 to start");
      004DE0 21 88 7B         [10]11950 	ld	hl, #0x7b88
      004DE3 CF               [11]11951 	rst	#0x08
      004DE4 21r2Ar4E         [10]11952 	ld	hl, #___str_4
      004DE7 CDr00r00         [17]11953 	call	_SMS_print
                                  11954 ;pocket_platformer.c:1845: do { SMS_waitForVBlank(); joy = SMS_getKeysStatus(); }
      004DEA                      11955 00110$:
      004DEA CDr00r00         [17]11956 	call	_SMS_waitForVBlank
      004DED CDr00r00         [17]11957 	call	_SMS_getKeysStatus
      004DF0 7B               [ 4]11958 	ld	a, e
                                  11959 ;pocket_platformer.c:1846: while (!(joy & (PORT_A_KEY_1 | PORT_A_KEY_2)));
      004DF1 E6 30            [ 7]11960 	and	a, #0x30
      004DF3 28 F5            [12]11961 	jr	Z, 00110$
                                  11962 ;pocket_platformer.c:1847: do { SMS_waitForVBlank(); joy = SMS_getKeysStatus(); }
      004DF5                      11963 00113$:
      004DF5 CDr00r00         [17]11964 	call	_SMS_waitForVBlank
      004DF8 CDr00r00         [17]11965 	call	_SMS_getKeysStatus
      004DFB 7B               [ 4]11966 	ld	a, e
                                  11967 ;pocket_platformer.c:1848: while (joy & (PORT_A_KEY_1 | PORT_A_KEY_2));
      004DFC E6 30            [ 7]11968 	and	a, #0x30
      004DFE 20 F5            [12]11969 	jr	NZ, 00113$
                                  11970 ;pocket_platformer.c:1849: }
      004E00 C9               [10]11971 	ret
      004E01                      11972 ___str_2:
      004E01 50 4F 43 4B 45 54 20 11973 	.ascii "POCKET PLATFORMER"
             50 4C 41 54 46 4F 52
             4D 45 52
      004E12 00                   11974 	.db 0x00
      004E13                      11975 ___str_3:
      004E13 66 6F 72 20 53 65 67 11976 	.ascii "for Sega Master System"
             61 20 4D 61 73 74 65
             72 20 53 79 73 74 65
             6D
      004E29 00                   11977 	.db 0x00
      004E2A                      11978 ___str_4:
      004E2A 50 72 65 73 73 20 31 11979 	.ascii "Press 1 to start"
             20 74 6F 20 73 74 61
             72 74
      004E3A 00                   11980 	.db 0x00
                                  11981 ;pocket_platformer.c:1854: void main(void) {
                                  11982 ;	---------------------------------
                                  11983 ; Function main
                                  11984 ; ---------------------------------
      004E3B                      11985 _main::
                                  11986 ;pocket_platformer.c:1856: SMS_useFirstHalfTilesforSprites(0);
      004E3B 2E 00            [ 7]11987 	ld	l, #0x00
                                  11988 ;	spillPairReg hl
                                  11989 ;	spillPairReg hl
      004E3D CDr00r00         [17]11990 	call	_SMS_useFirstHalfTilesforSprites
                                  11991 ;pocket_platformer.c:1857: SMS_setSpriteMode(SPRITEMODE_NORMAL);
      004E40 2E 00            [ 7]11992 	ld	l, #0x00
                                  11993 ;	spillPairReg hl
                                  11994 ;	spillPairReg hl
      004E42 CDr00r00         [17]11995 	call	_SMS_setSpriteMode
                                  11996 ;pocket_platformer.c:1858: SMS_setBackdropColor(0);
      004E45 2E 00            [ 7]11997 	ld	l, #0x00
                                  11998 ;	spillPairReg hl
                                  11999 ;	spillPairReg hl
      004E47 CDr00r00         [17]12000 	call	_SMS_setBackdropColor
                                  12001 ;pocket_platformer.c:1860: while (1) {
      004E4A                      12002 00104$:
                                  12003 ;pocket_platformer.c:1861: title_screen();
      004E4A CDr8Er4D         [17]12004 	call	_title_screen
                                  12005 ;pocket_platformer.c:1862: if (!has_resource()) continue;
      004E4D CDr00r00         [17]12006 	call	_has_resource
      004E50 B7               [ 4]12007 	or	a, a
      004E51 28 F7            [12]12008 	jr	Z, 00104$
                                  12009 ;pocket_platformer.c:1863: init_resources();
      004E53 CDr36r00         [17]12010 	call	_init_resources
                                  12011 ;pocket_platformer.c:1864: SMS_waitForVBlank();
      004E56 CDr00r00         [17]12012 	call	_SMS_waitForVBlank
                                  12013 ;pocket_platformer.c:1865: SMS_displayOff();
      004E59 21 40 01         [10]12014 	ld	hl, #0x0140
      004E5C CDr00r00         [17]12015 	call	_SMS_VDPturnOffFeature
                                  12016 ;pocket_platformer.c:1866: SMS_VRAMmemsetW(0, 0, 16 * 1024);
      004E5F 21 00 40         [10]12017 	ld	hl, #0x4000
      004E62 E5               [11]12018 	push	hl
      004E63 11 00 00         [10]12019 	ld	de, #0x0000
      004E66 65               [ 4]12020 	ld	h, l
      004E67 CDr00r00         [17]12021 	call	_SMS_VRAMmemsetW
                                  12022 ;pocket_platformer.c:1867: load_graphics();
      004E6A CDr14r0A         [17]12023 	call	_load_graphics
                                  12024 ;pocket_platformer.c:1868: SMS_displayOn();
      004E6D 21 40 01         [10]12025 	ld	hl, #0x0140
      004E70 CDr00r00         [17]12026 	call	_SMS_VDPturnOnFeature
                                  12027 ;pocket_platformer.c:1869: gameplay_loop();
      004E73 CDr4Ar48         [17]12028 	call	_gameplay_loop
                                  12029 ;pocket_platformer.c:1871: }
      004E76 18 D2            [12]12030 	jr	00104$
                                  12031 	.area _CODE
      004E78                      12032 __str_5:
      004E78 70 6F 63 6B 65 74 2D 12033 	.ascii "pocket-platformer-sms"
             70 6C 61 74 66 6F 72
             6D 65 72 2D 73 6D 73
      004E8D 00                   12034 	.db 0x00
      004E8E                      12035 __str_6:
      004E8E 50 6F 63 6B 65 74 20 12036 	.ascii "Pocket Platformer SMS Engine"
             50 6C 61 74 66 6F 72
             6D 65 72 20 53 4D 53
             20 45 6E 67 69 6E 65
      004EAA 00                   12037 	.db 0x00
      004EAB                      12038 __str_7:
      004EAB 47 65 6E 65 72 61 74 12039 	.ascii "Generated by pocket-platformer-to-sms web exporter."
             65 64 20 62 79 20 70
             6F 63 6B 65 74 2D 70
             6C 61 74 66 6F 72 6D
             65 72 2D 74 6F 2D 73
             6D 73 20 77 65 62 20
             65 78 70 6F 72 74 65
             72 2E
      004EDE 00                   12040 	.db 0x00
                                  12041 	.area _INITIALIZER
      000000                      12042 __xinit__tp_carry_vx:
      000000 00 00 00 00          12043 	.byte #0x00, #0x00, #0x00, #0x00	;  0
      000004                      12044 __xinit__tp_carry_vy:
      000004 00 00 00 00          12045 	.byte #0x00, #0x00, #0x00, #0x00	;  0
                                  12046 	.area _CABS (ABS)
      007FF0                      12047 	.org 0x7FF0
      007FF0                      12048 ___SMS__SEGA_signature:
      007FF0 54                   12049 	.db #0x54	; 84	'T'
      007FF1 4D                   12050 	.db #0x4d	; 77	'M'
      007FF2 52                   12051 	.db #0x52	; 82	'R'
      007FF3 20                   12052 	.db #0x20	; 32
      007FF4 53                   12053 	.db #0x53	; 83	'S'
      007FF5 45                   12054 	.db #0x45	; 69	'E'
      007FF6 47                   12055 	.db #0x47	; 71	'G'
      007FF7 41                   12056 	.db #0x41	; 65	'A'
      007FF8 FF                   12057 	.db #0xff	; 255
      007FF9 FF                   12058 	.db #0xff	; 255
      007FFA FF                   12059 	.db #0xff	; 255
      007FFB FF                   12060 	.db #0xff	; 255
      007FFC 99                   12061 	.db #0x99	; 153
      007FFD 99                   12062 	.db #0x99	; 153
      007FFE 00                   12063 	.db #0x00	; 0
      007FFF 4C                   12064 	.db #0x4c	; 76	'L'
      007FCA                      12065 	.org 0x7FCA
      007FCA                      12066 ___SMS__SDSC_author:
      007FCA 70 6F 63 6B 65 74 2D 12067 	.ascii "pocket-platformer-sms"
             70 6C 61 74 66 6F 72
             6D 65 72 2D 73 6D 73
      007FDF 00                   12068 	.db 0x00
      007FAD                      12069 	.org 0x7FAD
      007FAD                      12070 ___SMS__SDSC_name:
      007FAD 50 6F 63 6B 65 74 20 12071 	.ascii "Pocket Platformer SMS Engine"
             50 6C 61 74 66 6F 72
             6D 65 72 20 53 4D 53
             20 45 6E 67 69 6E 65
      007FC9 00                   12072 	.db 0x00
      007F79                      12073 	.org 0x7F79
      007F79                      12074 ___SMS__SDSC_descr:
      007F79 47 65 6E 65 72 61 74 12075 	.ascii "Generated by pocket-platformer-to-sms web exporter."
             65 64 20 62 79 20 70
             6F 63 6B 65 74 2D 70
             6C 61 74 66 6F 72 6D
             65 72 2D 74 6F 2D 73
             6D 73 20 77 65 62 20
             65 78 70 6F 72 74 65
             72 2E
      007FAC 00                   12076 	.db 0x00
      007FE0                      12077 	.org 0x7FE0
      007FE0                      12078 ___SMS__SDSC_signature:
      007FE0 53                   12079 	.db #0x53	; 83	'S'
      007FE1 44                   12080 	.db #0x44	; 68	'D'
      007FE2 53                   12081 	.db #0x53	; 83	'S'
      007FE3 43                   12082 	.db #0x43	; 67	'C'
      007FE4 01                   12083 	.db #0x01	; 1
      007FE5 03                   12084 	.db #0x03	; 3
      007FE6 01                   12085 	.db #0x01	; 1
      007FE7 01                   12086 	.db #0x01	; 1
      007FE8 25                   12087 	.db #0x25	; 37
      007FE9 20                   12088 	.db #0x20	; 32
      007FEA CA                   12089 	.db #0xca	; 202
      007FEB 7F                   12090 	.db #0x7f	; 127
      007FEC AD                   12091 	.db #0xad	; 173
      007FED 7F                   12092 	.db #0x7f	; 127
      007FEE 79                   12093 	.db #0x79	; 121	'y'
      007FEF 7F                   12094 	.db #0x7f	; 127
